core_family,Member,repeat_digit,trait,value,trait_member_hits,trait_core_hits,baseline_member_rate,trait_member_rate,lift,lift_diff
12,0012,0,seed_prime_count,0,13,28,0.3210332103321033,0.4642857142857143,1.4462233169129721,0.143252503953611
12,0012,0,seed_sum_lastdigit,3,12,26,0.3210332103321033,0.46153846153846156,1.437665782493369,0.14050525120635826
12,2201,2,seed_sum_lastdigit,1,12,26,0.3247232472324723,0.46153846153846156,1.4213286713286715,0.13681521430598925
12,1102,1,seed_sum_lastdigit,7,15,30,0.35424354243542433,0.5,1.4114583333333335,0.14575645756457567
12,0012,0,seed_vtrac_unique,4,22,49,0.3210332103321033,0.4489795918367347,1.3985456251466104,0.1279463815046314
12,1102,1,seed_sum_lastdigit,8,14,30,0.35424354243542433,0.4666666666666667,1.3173611111111112,0.11242312423124234
12,2201,2,seed_sum_lastdigit,2,13,31,0.3247232472324723,0.41935483870967744,1.2914222873900294,0.09463159147720512
12,0012,0,seed_high_count,3,29,70,0.3210332103321033,0.4142857142857143,1.2904761904761906,0.09325250395361101
12,2201,2,seed_vtrac_unique,2,22,53,0.3247232472324723,0.41509433962264153,1.278301886792453,0.09037109239016922
12,1102,1,seed_sum_lastdigit,6,13,29,0.35424354243542433,0.4482758620689655,1.2654454022988506,0.0940323196335412
12,1102,1,seed_prime_count,1,38,87,0.35424354243542433,0.4367816091954023,1.2329980842911878,0.08253806675997799
12,1102,1,seed_consecutive_pairs,2,25,58,0.35424354243542433,0.43103448275862066,1.2167744252873562,0.07679094032319633
12,2201,2,seed_prime_count,0,11,28,0.3247232472324723,0.39285714285714285,1.2098214285714286,0.06813389562467054
12,2201,2,seed_prime_count,3,18,46,0.3247232472324723,0.391304347826087,1.2050395256916997,0.06658110059361466
12,2201,2,seed_spread_band,0-3,14,36,0.3247232472324723,0.3888888888888889,1.1976010101010102,0.06416564165641658
12,0012,0,seed_sum_lastdigit,5,13,34,0.3210332103321033,0.38235294117647056,1.1910074374577417,0.06131973084436726
12,2201,2,seed_sum_lastdigit,3,10,26,0.3247232472324723,0.38461538461538464,1.1844405594405596,0.059892137382912325
12,0012,0,seed_sum_band,18-26,47,126,0.3210332103321033,0.373015873015873,1.161923006750593,0.05198266268376972
12,0012,0,seed_trail_band,4-6,32,86,0.3210332103321033,0.37209302325581395,1.1590483827853515,0.051059812923710646
12,0012,0,seed_even_count,3,26,70,0.3210332103321033,0.37142857142857144,1.1569786535303779,0.05039536109646814
12,2201,2,seed_trail_band,0-3,41,110,0.3247232472324723,0.37272727272727274,1.1478305785123968,0.04800402549480043
12,2201,2,seed_sum_mod3,0,36,97,0.3247232472324723,0.3711340206185567,1.1429240862230554,0.0464107733860844
12,0012,0,seed_mirror_pairs_any,no,51,139,0.3210332103321033,0.3669064748201439,1.1428925824857357,0.04587326448804058
12,2201,2,seed_structure,AABC,40,109,0.3247232472324723,0.3669724770642202,1.1301084236864054,0.04224922983174789
12,2201,2,seed_unique_count,3,40,109,0.3247232472324723,0.3669724770642202,1.1301084236864054,0.04224922983174789
12,1102,1,seed_spread_band,7-9,45,113,0.35424354243542433,0.39823008849557523,1.124170353982301,0.0439865460601509
12,1102,1,seed_structure,ABCD,58,147,0.35424354243542433,0.3945578231292517,1.1138038548752835,0.040314280693827365
12,1102,1,seed_unique_count,4,58,147,0.35424354243542433,0.3945578231292517,1.1138038548752835,0.040314280693827365
12,1102,1,seed_repeat_digit,none,58,147,0.35424354243542433,0.3945578231292517,1.1138038548752835,0.040314280693827365
12,1102,1,seed_even_count,2,40,102,0.35424354243542433,0.39215686274509803,1.1070261437908497,0.037913320309673704
12,2201,2,seed_even_count,1,23,64,0.3247232472324723,0.359375,1.1067116477272727,0.03465175276752769
12,0012,0,seed_sum_lastdigit,2,11,31,0.3210332103321033,0.3548387096774194,1.1053021876158695,0.03380549934531607
12,1102,1,seed_high_count,2,43,110,0.35424354243542433,0.39090909090909093,1.1035037878787881,0.0366655484736666
12,0012,0,seed_sum_mod2,1,47,134,0.3210332103321033,0.35074626865671643,1.0925544690341398,0.02971305832461313
12,1102,1,seed_sum_mod2,0,53,137,0.35424354243542433,0.38686131386861317,1.0920772506082728,0.032617771433188836
12,1102,1,seed_sum_mod3,2,34,88,0.35424354243542433,0.38636363636363635,1.0906723484848486,0.032120093928212023
12,0012,0,seed_sum_mod3,1,30,86,0.3210332103321033,0.3488372093023256,1.086607858861267,0.027803998970222288
12,1102,1,seed_sum_lastdigit,4,10,26,0.35424354243542433,0.38461538461538464,1.0857371794871795,0.030371842179960307
12,2201,2,seed_sum_band,10-17,40,114,0.3247232472324723,0.3508771929824561,1.0805422647527911,0.02615394574998381
12,0012,0,seed_trail_band,7-9,26,75,0.3210332103321033,0.3466666666666667,1.0798467432950192,0.025633456334563376
13,1103,1,seed_spread_band,0-3,18,38,0.3170731707317073,0.47368421052631576,1.4939271255060729,0.15661103979460844
13,1103,1,seed_prime_count,0,15,34,0.3170731707317073,0.4411764705882353,1.3914027149321266,0.12410329985652796
13,3301,3,seed_sum_lastdigit,6,14,30,0.34843205574912894,0.4666666666666667,1.3393333333333333,0.11823461091753773
13,1103,1,seed_sum_lastdigit,5,13,31,0.3170731707317073,0.41935483870967744,1.3225806451612903,0.10228166797797011
13,0013,0,seed_high_count,3,30,70,0.3344947735191638,0.42857142857142855,1.2812499999999998,0.09407665505226476
13,3301,3,seed_sum_lastdigit,2,11,25,0.34843205574912894,0.44,1.2628,0.09156794425087106
13,1103,1,seed_even_count,3,30,76,0.3170731707317073,0.39473684210526316,1.2449392712550607,0.07766367137355584
13,1103,1,seed_mirror_pairs_any,no,60,152,0.3170731707317073,0.39473684210526316,1.2449392712550607,0.07766367137355584
13,3301,3,seed_even_count,2,44,102,0.34843205574912894,0.43137254901960786,1.2380392156862745,0.08294049327047892
13,1103,1,seed_prime_count,1,34,88,0.3170731707317073,0.38636363636363635,1.2185314685314685,0.06929046563192903
13,0013,0,seed_prime_count,2,49,121,0.3344947735191638,0.4049586776859504,1.2106577134986225,0.0704639041667866
13,1103,1,seed_sum_lastdigit,7,11,29,0.3170731707317073,0.3793103448275862,1.1962864721485411,0.06223717409587887
13,0013,0,seed_sum_lastdigit,6,12,30,0.3344947735191638,0.4,1.1958333333333333,0.06550522648083623
13,3301,3,seed_sum_mod3,0,41,99,0.34843205574912894,0.41414141414141414,1.1885858585858584,0.0657093583922852
13,1103,1,seed_lead_band,4-6,30,80,0.3170731707317073,0.375,1.1826923076923077,0.05792682926829268
13,0013,0,seed_sum_lastdigit,3,13,33,0.3344947735191638,0.3939393939393939,1.1777146464646464,0.05944462042023013
13,0013,0,seed_trail_band,7-9,36,92,0.3344947735191638,0.391304347826087,1.169836956521739,0.05680957430692318
13,3301,3,seed_vtrac_unique,2,24,59,0.34843205574912894,0.4067796610169492,1.167457627118644,0.058347605267820235
13,3301,3,seed_high_count,2,39,96,0.34843205574912894,0.40625,1.1659374999999998,0.057817944250871056
13,1103,1,seed_sum_mod2,1,57,155,0.3170731707317073,0.36774193548387096,1.159801488833747,0.05066876475216364
13,1103,1,seed_sum_lastdigit,3,12,33,0.3170731707317073,0.36363636363636365,1.1468531468531469,0.046563192904656325
13,1103,1,seed_structure,AABC,41,114,0.3170731707317073,0.35964912280701755,1.1342780026990553,0.04257595207531023
13,1103,1,seed_unique_count,3,41,114,0.3170731707317073,0.35964912280701755,1.1342780026990553,0.04257595207531023
13,0013,0,seed_sum_lastdigit,4,11,29,0.3344947735191638,0.3793103448275862,1.1339798850574712,0.0448155713084224
13,3301,3,seed_sum_mod2,0,52,132,0.34843205574912894,0.3939393939393939,1.1306060606060604,0.04550733819026498
13,0013,0,seed_mirror_pairs_any,yes,51,135,0.3344947735191638,0.37777777777777777,1.129398148148148,0.04328300425861398
13,3301,3,seed_mirror_pairs_any,yes,53,135,0.34843205574912894,0.3925925925925926,1.1267407407407406,0.04416053684346366
13,1103,1,seed_trail_band,4-6,30,84,0.3170731707317073,0.35714285714285715,1.1263736263736264,0.04006968641114983
13,3301,3,seed_structure,ABCD,61,157,0.34843205574912894,0.3885350318471338,1.115095541401274,0.04010297609800484
13,3301,3,seed_unique_count,4,61,157,0.34843205574912894,0.3885350318471338,1.115095541401274,0.04010297609800484
13,3301,3,seed_repeat_digit,none,61,157,0.34843205574912894,0.3885350318471338,1.115095541401274,0.04010297609800484
13,0013,0,seed_vtrac_unique,2,22,59,0.3344947735191638,0.3728813559322034,1.1147598870056497,0.038386582413039605
13,3301,3,seed_lead_band,7-9,36,94,0.34843205574912894,0.3829787234042553,1.0991489361702127,0.03454666765512637
13,0013,0,seed_spread_band,4-6,46,126,0.3344947735191638,0.36507936507936506,1.0914351851851851,0.03058459156020127
13,3301,3,seed_prime_count,2,46,121,0.34843205574912894,0.38016528925619836,1.0910743801652891,0.031733233507069414
13,3301,3,seed_sum_band,18-26,44,116,0.34843205574912894,0.3793103448275862,1.0886206896551722,0.030878289078457244
13,3301,3,seed_sum_lastdigit,7,11,29,0.34843205574912894,0.3793103448275862,1.0886206896551722,0.030878289078457244
13,3301,3,seed_sum_lastdigit,8,11,29,0.34843205574912894,0.3793103448275862,1.0886206896551722,0.030878289078457244
13,1103,1,seed_sum_lastdigit,8,10,29,0.3170731707317073,0.3448275862068966,1.0875331564986739,0.027754415475189254
13,1103,1,seed_sum_lastdigit,9,10,29,0.3170731707317073,0.3448275862068966,1.0875331564986739,0.027754415475189254
14,1104,1,seed_sum_lastdigit,5,18,30,0.33584905660377357,0.6,1.7865168539325844,0.2641509433962264
14,0014,0,seed_spread_band,0-3,17,30,0.36981132075471695,0.5666666666666667,1.532312925170068,0.1968553459119497
14,0014,0,seed_sum_lastdigit,4,14,25,0.36981132075471695,0.56,1.5142857142857145,0.1901886792452831
14,0014,0,seed_sum_lastdigit,0,14,26,0.36981132075471695,0.5384615384615384,1.456043956043956,0.16865021770682148
14,0014,0,seed_prime_count,0,15,28,0.36981132075471695,0.5357142857142857,1.4486151603498543,0.16590296495956874
14,1104,1,seed_sum_lastdigit,3,15,32,0.33584905660377357,0.46875,1.3957162921348316,0.13290094339622643
14,4401,4,seed_sum_lastdigit,7,13,34,0.2943396226415094,0.38235294117647056,1.2990196078431373,0.08801331853496114
14,4401,4,seed_sum_mod3,0,31,82,0.2943396226415094,0.3780487804878049,1.284396497811132,0.08370915784629546
14,1104,1,seed_even_count,1,30,72,0.33584905660377357,0.4166666666666667,1.2406367041198503,0.08081761006289312
14,4401,4,seed_trail_band,4-6,24,66,0.2943396226415094,0.36363636363636365,1.2354312354312356,0.06929674099485422
14,0014,0,seed_trail_band,7-9,39,86,0.36981132075471695,0.45348837209302323,1.2262695775984813,0.08367705133830627
14,0014,0,seed_sum_mod3,2,43,96,0.36981132075471695,0.4479166666666667,1.2112032312925172,0.07810534591194973
14,1104,1,seed_vtrac_unique,4,20,50,0.33584905660377357,0.4,1.1910112359550564,0.06415094339622646
14,1104,1,seed_structure,ABCD,55,139,0.33584905660377357,0.39568345323741005,1.1781585967181312,0.05983439663363649
14,1104,1,seed_unique_count,4,55,139,0.33584905660377357,0.39568345323741005,1.1781585967181312,0.05983439663363649
14,1104,1,seed_repeat_digit,none,55,139,0.33584905660377357,0.39568345323741005,1.1781585967181312,0.05983439663363649
14,0014,0,seed_sum_mod2,0,54,124,0.36981132075471695,0.43548387096774194,1.1775839368005268,0.06567255021302498
14,4401,4,seed_sum_lastdigit,2,9,26,0.2943396226415094,0.34615384615384615,1.1760355029585798,0.05181422351233672
14,1104,1,seed_mirror_pairs_any,yes,50,127,0.33584905660377357,0.3937007874015748,1.1722551534990713,0.05785173079780126
14,1104,1,seed_prime_count,2,35,89,0.33584905660377357,0.39325842696629215,1.170938012877162,0.057409370362518586
14,1104,1,seed_spread_band,7-9,49,125,0.33584905660377357,0.392,1.1671910112359551,0.05615094339622645
14,1104,1,seed_sum_mod3,0,32,82,0.33584905660377357,0.3902439024390244,1.161962181419567,0.05439484583525084
14,1104,1,seed_sum_mod2,1,55,141,0.33584905660377357,0.3900709219858156,1.1614471272611364,0.054221865382042045
14,0014,0,seed_mirror_pairs_any,no,59,138,0.36981132075471695,0.427536231884058,1.1560928719313814,0.05772491112934103
14,1104,1,seed_high_count,1,26,67,0.33584905660377357,0.3880597014925373,1.1554586617474427,0.05221064488876376
14,4401,4,seed_vtrac_unique,3,52,157,0.2943396226415094,0.33121019108280253,1.1252653927813163,0.036870568441293106
14,4401,4,seed_consecutive_pairs,1,44,133,0.2943396226415094,0.3308270676691729,1.123963755542703,0.03648744502766349
14,1104,1,seed_sum_band,10-17,40,106,0.33584905660377357,0.37735849056603776,1.1235955056179776,0.0415094339622642
14,0014,0,seed_consecutive_pairs,0,34,82,0.36981132075471695,0.4146341463414634,1.1212045793927328,0.04482282558674644
14,0014,0,seed_sum_mod3,1,36,87,0.36981132075471695,0.41379310344827586,1.118930330752991,0.0439817826935589
14,0014,0,seed_vtrac_unique,2,23,56,0.36981132075471695,0.4107142857142857,1.1106049562682216,0.040902964959568744
14,4401,4,seed_consecutive_pairs,2,15,46,0.2943396226415094,0.32608695652173914,1.1078595317725752,0.03174733388022971
14,1104,1,seed_trail_band,0-3,42,113,0.33584905660377357,0.37168141592920356,1.1066918564184152,0.03583235932543
14,0014,0,seed_even_count,2,38,93,0.36981132075471695,0.40860215053763443,1.1048935703313585,0.03879082978291748
14,1104,1,seed_lead_band,7-9,31,84,0.33584905660377357,0.36904761904761907,1.098849652220439,0.0331985624438455
14,1104,1,seed_high_count,2,35,95,0.33584905660377357,0.3684210526315789,1.096984033116499,0.03257199602780536
14,1104,1,seed_consecutive_pairs,0,30,82,0.33584905660377357,0.36585365853658536,1.089339545080844,0.030004601932811792
14,4401,4,seed_high_count,3,23,72,0.2943396226415094,0.3194444444444444,1.0852920227920226,0.025104821802934996
14,4401,4,seed_even_count,3,22,69,0.2943396226415094,0.3188405797101449,1.083240431066518,0.024500957068635476
14,0014,0,seed_structure,AABC,44,110,0.36981132075471695,0.4,1.0816326530612246,0.030188679245283068
15,5501,5,seed_sum_lastdigit,9,14,31,0.2978723404255319,0.45161290322580644,1.5161290322580645,0.15374056280027454
15,1105,1,seed_sum_lastdigit,3,13,28,0.35106382978723405,0.4642857142857143,1.3225108225108226,0.11322188449848025
15,1105,1,seed_sum_lastdigit,6,15,33,0.35106382978723405,0.45454545454545453,1.2947658402203857,0.10348162475822048
15,5501,5,seed_even_count,1,30,80,0.2978723404255319,0.375,1.2589285714285714,0.0771276595744681
15,5501,5,seed_vtrac_unique,4,22,59,0.2978723404255319,0.3728813559322034,1.2518159806295401,0.0750090155066715
15,0015,0,seed_even_count,3,27,63,0.35106382978723405,0.42857142857142855,1.2207792207792207,0.0775075987841945
15,1105,1,seed_vtrac_unique,2,25,59,0.35106382978723405,0.423728813559322,1.2069851052901899,0.07266498377208797
15,0015,0,seed_sum_lastdigit,5,13,31,0.35106382978723405,0.41935483870967744,1.1945259042033236,0.06829100892244339
15,1105,1,seed_high_count,1,26,62,0.35106382978723405,0.41935483870967744,1.1945259042033236,0.06829100892244339
15,1105,1,seed_sum_mod3,2,38,91,0.35106382978723405,0.4175824175824176,1.1894771894771894,0.06651858779518355
15,5501,5,seed_spread_band,0-3,12,34,0.2978723404255319,0.35294117647058826,1.1848739495798322,0.05506883604505636
15,5501,5,seed_trail_band,0-3,37,105,0.2978723404255319,0.3523809523809524,1.1829931972789116,0.054508611955420505
15,5501,5,seed_consecutive_pairs,1,42,120,0.2978723404255319,0.35,1.175,0.05212765957446808
15,0015,0,seed_sum_lastdigit,8,11,27,0.35106382978723405,0.4074074074074074,1.1604938271604937,0.056343577620173335
15,5501,5,seed_sum_lastdigit,1,10,29,0.2978723404255319,0.3448275862068966,1.1576354679802956,0.046955245781364674
15,0015,0,seed_sum_mod3,0,32,80,0.35106382978723405,0.4,1.1393939393939394,0.04893617021276597
15,0015,0,seed_consecutive_pairs,2,20,50,0.35106382978723405,0.4,1.1393939393939394,0.04893617021276597
15,1105,1,seed_spread_band,4-6,49,123,0.35106382978723405,0.3983739837398374,1.1347622567134763,0.04731015395260335
15,0015,0,seed_high_count,2,41,104,0.35106382978723405,0.3942307692307692,1.122960372960373,0.04316693944353517
15,0015,0,seed_lead_band,7-9,41,104,0.35106382978723405,0.3942307692307692,1.122960372960373,0.04316693944353517
15,1105,1,seed_sum_lastdigit,2,13,33,0.35106382978723405,0.3939393939393939,1.1221303948576675,0.04287556415215987
15,0015,0,seed_trail_band,4-6,37,94,0.35106382978723405,0.39361702127659576,1.1212121212121213,0.04255319148936171
15,5501,5,seed_sum_lastdigit,2,11,33,0.2978723404255319,0.3333333333333333,1.119047619047619,0.035460992907801414
15,1105,1,seed_structure,AABC,49,125,0.35106382978723405,0.392,1.1166060606060606,0.040936170212765965
15,1105,1,seed_unique_count,3,49,125,0.35106382978723405,0.392,1.1166060606060606,0.040936170212765965
15,5501,5,seed_structure,ABCD,47,142,0.2978723404255319,0.33098591549295775,1.1111670020120725,0.03311357506742585
15,5501,5,seed_unique_count,4,47,142,0.2978723404255319,0.33098591549295775,1.1111670020120725,0.03311357506742585
15,5501,5,seed_repeat_digit,none,47,142,0.2978723404255319,0.33098591549295775,1.1111670020120725,0.03311357506742585
15,0015,0,seed_prime_count,1,37,95,0.35106382978723405,0.3894736842105263,1.1094098883572567,0.038409854423292256
15,0015,0,seed_prime_count,0,12,31,0.35106382978723405,0.3870967741935484,1.1026392961876832,0.03603294440631433
15,0015,0,seed_trail_band,7-9,32,83,0.35106382978723405,0.3855421686746988,1.0982110259218694,0.034478338887464766
15,1105,1,seed_sum_lastdigit,0,10,26,0.35106382978723405,0.38461538461538464,1.0955710955710956,0.03355155482815059
15,1105,1,seed_high_count,3,33,86,0.35106382978723405,0.38372093023255816,1.0930232558139534,0.032657100445324105
15,0015,0,seed_sum_lastdigit,1,11,29,0.35106382978723405,0.3793103448275862,1.0804597701149425,0.028246515040352138
15,0015,0,seed_sum_band,18-26,53,140,0.35106382978723405,0.37857142857142856,1.0783549783549784,0.02750759878419451
15,1105,1,seed_consecutive_pairs,0,40,106,0.35106382978723405,0.37735849056603776,1.0748999428244712,0.026294660778803713
15,5501,5,seed_spread_band,7-9,40,125,0.2978723404255319,0.32,1.0742857142857143,0.022127659574468106
15,1105,1,seed_prime_count,2,35,93,0.35106382978723405,0.3763440860215054,1.0720104268491366,0.025280256234271326
15,1105,1,seed_prime_count,3,21,56,0.35106382978723405,0.375,1.0681818181818181,0.02393617021276595
15,1105,1,seed_lead_band,4-6,33,88,0.35106382978723405,0.375,1.0681818181818181,0.02393617021276595
16,1106,1,seed_sum_lastdigit,2,15,28,0.3556231003039514,0.5357142857142857,1.5064102564102562,0.1800911854103343
16,0016,0,seed_sum_lastdigit,9,17,32,0.3617021276595745,0.53125,1.46875,0.1695478723404255
16,6601,6,seed_sum_lastdigit,6,13,32,0.2826747720364742,0.40625,1.4371639784946235,0.12357522796352582
16,1106,1,seed_prime_count,3,25,51,0.3556231003039514,0.49019607843137253,1.3784146137087312,0.13457297812742114
16,1106,1,seed_sum_lastdigit,3,16,33,0.3556231003039514,0.48484848484848486,1.3633773633773634,0.12922538454453347
16,6601,6,seed_sum_lastdigit,7,13,34,0.2826747720364742,0.38235294117647056,1.3526249209361163,0.09967816913999639
16,1106,1,seed_vtrac_unique,2,36,75,0.3556231003039514,0.48,1.3497435897435897,0.12437689969604859
16,6601,6,seed_sum_lastdigit,4,13,35,0.2826747720364742,0.37142857142857144,1.313978494623656,0.08875379939209727
16,1106,1,seed_spread_band,0-3,19,42,0.3556231003039514,0.4523809523809524,1.272079772079772,0.096757852077001
16,0016,0,seed_vtrac_unique,4,30,67,0.3617021276595745,0.44776119402985076,1.2379280070237049,0.08605906637027627
16,0016,0,seed_sum_lastdigit,7,15,34,0.3617021276595745,0.4411764705882353,1.2197231833910034,0.07947434292866079
16,0016,0,seed_sum_lastdigit,0,14,32,0.3617021276595745,0.4375,1.2095588235294117,0.07579787234042551
16,6601,6,seed_sum_lastdigit,1,14,41,0.2826747720364742,0.34146341463414637,1.2079727248885392,0.05878864259767219
16,6601,6,seed_consecutive_pairs,1,47,138,0.2826747720364742,0.34057971014492755,1.2048465014804426,0.057904938108453374
16,1106,1,seed_sum_lastdigit,8,14,33,0.3556231003039514,0.42424242424242425,1.192955192955193,0.06861932393847286
16,6601,6,seed_mirror_pairs_any,yes,51,152,0.2826747720364742,0.3355263157894737,1.186969439728353,0.0528515437529995
16,6601,6,seed_structure,ABCD,58,173,0.2826747720364742,0.3352601156069364,1.186027720803033,0.05258534357046224
16,6601,6,seed_unique_count,4,58,173,0.2826747720364742,0.3352601156069364,1.186027720803033,0.05258534357046224
16,6601,6,seed_repeat_digit,none,58,173,0.2826747720364742,0.3352601156069364,1.186027720803033,0.05258534357046224
16,6601,6,seed_sum_band,10-17,42,126,0.2826747720364742,0.3333333333333333,1.17921146953405,0.05065856129685914
16,1106,1,seed_structure,AABC,56,136,0.3556231003039514,0.4117647058823529,1.1578682755153342,0.05614160557840153
16,1106,1,seed_unique_count,3,56,136,0.3556231003039514,0.4117647058823529,1.1578682755153342,0.05614160557840153
16,0016,0,seed_sum_band,0-9,12,29,0.3617021276595745,0.41379310344827586,1.1440162271805272,0.052090975788701366
16,0016,0,seed_sum_lastdigit,5,12,29,0.3617021276595745,0.41379310344827586,1.1440162271805272,0.052090975788701366
16,0016,0,seed_mirror_pairs_any,no,73,177,0.3617021276595745,0.4124293785310734,1.1402459288800264,0.05072725087149893
16,0016,0,seed_lead_band,4-6,39,95,0.3617021276595745,0.4105263157894737,1.1349845201238389,0.04882418812989919
16,0016,0,seed_sum_mod3,1,40,98,0.3617021276595745,0.40816326530612246,1.128451380552221,0.04646113764654797
16,6601,6,seed_spread_band,7-9,47,149,0.2826747720364742,0.31543624161073824,1.1158981020422891,0.03276146957426407
16,6601,6,seed_high_count,2,44,140,0.2826747720364742,0.3142857142857143,1.1118279569892473,0.031610942249240104
16,6601,6,seed_even_count,1,28,90,0.2826747720364742,0.3111111111111111,1.1005973715651134,0.02843633907463694
16,1106,1,seed_sum_mod3,0,41,105,0.3556231003039514,0.3904761904761905,1.098005698005698,0.03485309017223909
16,1106,1,seed_sum_lastdigit,1,16,41,0.3556231003039514,0.3902439024390244,1.0973525119866583,0.034620802135073014
16,1106,1,seed_trail_band,7-9,39,100,0.3556231003039514,0.39,1.0966666666666667,0.034376899696048624
16,1106,1,seed_consecutive_pairs,2,31,80,0.3556231003039514,0.3875,1.089636752136752,0.03187689969604862
16,1106,1,seed_consecutive_pairs,0,41,106,0.3556231003039514,0.3867924528301887,1.0876471536848895,0.031169352526237315
16,1106,1,seed_high_count,1,29,75,0.3556231003039514,0.38666666666666666,1.0872934472934472,0.03104356636271527
16,0016,0,seed_even_count,3,31,79,0.3617021276595745,0.3924050632911392,1.0848845867460908,0.03070293563156473
16,0016,0,seed_trail_band,0-3,51,130,0.3617021276595745,0.3923076923076923,1.0846153846153845,0.03060556464811781
16,1106,1,seed_spread_band,4-6,53,138,0.3556231003039514,0.38405797101449274,1.0799578843057103,0.02843487071054135
16,6601,6,seed_prime_count,0,14,46,0.2826747720364742,0.30434782608695654,1.0766713417484806,0.021673054050482365
17,1107,1,seed_sum_lastdigit,3,19,36,0.36156351791530944,0.5277777777777778,1.4597097097097098,0.16621425986246835
17,7701,7,seed_sum_lastdigit,7,14,33,0.2964169381107492,0.42424242424242425,1.4312354312354312,0.12782548613167505
17,7701,7,seed_vtrac_unique,4,21,51,0.2964169381107492,0.4117647058823529,1.3891402714932124,0.11534776777160372
17,0017,0,seed_sum_lastdigit,5,15,32,0.34201954397394135,0.46875,1.3705357142857144,0.12673045602605865
17,0017,0,seed_prime_count,0,23,50,0.34201954397394135,0.46,1.3449523809523811,0.11798045602605867
17,7701,7,seed_sum_lastdigit,6,14,36,0.2964169381107492,0.3888888888888889,1.311965811965812,0.09247195077813969
17,7701,7,seed_mirror_pairs_any,no,64,165,0.2964169381107492,0.3878787878787879,1.3085581085581084,0.09146184976803867
17,7701,7,seed_high_count,3,26,70,0.2964169381107492,0.37142857142857144,1.2530612244897958,0.07501163331782223
17,1107,1,seed_prime_count,2,44,98,0.36156351791530944,0.4489795918367347,1.2417723846295274,0.08741607392142525
17,0017,0,seed_sum_lastdigit,1,13,31,0.34201954397394135,0.41935483870967744,1.2261136712749616,0.07733529473573608
17,7701,7,seed_spread_band,0-3,17,47,0.2964169381107492,0.3617021276595745,1.220247837269114,0.06528518954882528
17,1107,1,seed_sum_lastdigit,8,14,32,0.36156351791530944,0.4375,1.2100225225225225,0.07593648208469056
17,7701,7,seed_sum_lastdigit,1,11,31,0.2964169381107492,0.3548387096774194,1.197093229351294,0.058421771566670166
17,7701,7,seed_sum_lastdigit,0,13,37,0.2964169381107492,0.35135135135135137,1.1853281853281854,0.054934413240602165
17,0017,0,seed_spread_band,4-6,51,126,0.34201954397394135,0.40476190476190477,1.1834467120181407,0.06274236078796341
17,0017,0,seed_high_count,1,31,77,0.34201954397394135,0.4025974025974026,1.177118119975263,0.06057785862346127
17,1107,1,seed_consecutive_pairs,2,22,52,0.36156351791530944,0.4230769230769231,1.1701316701316702,0.06151340516161363
17,7701,7,seed_structure,AABC,48,140,0.2964169381107492,0.34285714285714286,1.1566718995290424,0.046440204746393654
17,7701,7,seed_unique_count,3,48,140,0.2964169381107492,0.34285714285714286,1.1566718995290424,0.046440204746393654
17,0017,0,seed_mirror_pairs_any,yes,56,142,0.34201954397394135,0.39436619718309857,1.1530516431924882,0.05234665320915721
17,1107,1,seed_even_count,2,47,113,0.36156351791530944,0.415929203539823,1.1503627521326636,0.05436568562451355
17,7701,7,seed_trail_band,4-6,30,88,0.2964169381107492,0.3409090909090909,1.1500999000999,0.04449215279834168
17,1107,1,seed_mirror_pairs_any,yes,59,142,0.36156351791530944,0.4154929577464789,1.1491561984519731,0.053929439831169435
17,7701,7,seed_prime_count,3,17,50,0.2964169381107492,0.34,1.147032967032967,0.04358306188925082
17,0017,0,seed_even_count,3,32,82,0.34201954397394135,0.3902439024390244,1.1409988385598142,0.04822435846508305
17,1107,1,seed_lead_band,4-6,38,93,0.36156351791530944,0.40860215053763443,1.1300978397752592,0.047038632622324994
17,1107,1,seed_structure,ABCD,60,147,0.36156351791530944,0.40816326530612246,1.1288839860268431,0.04659974739081302
17,1107,1,seed_unique_count,4,60,147,0.36156351791530944,0.40816326530612246,1.1288839860268431,0.04659974739081302
17,1107,1,seed_repeat_digit,none,60,147,0.36156351791530944,0.40816326530612246,1.1288839860268431,0.04659974739081302
17,0017,0,seed_consecutive_pairs,2,20,52,0.34201954397394135,0.38461538461538464,1.1245421245421245,0.04259584064144328
17,7701,7,seed_lead_band,7-9,30,90,0.2964169381107492,0.3333333333333333,1.1245421245421243,0.03691639522258411
17,0017,0,seed_vtrac_unique,2,28,73,0.34201954397394135,0.3835616438356164,1.1214611872146119,0.041542099861675064
17,1107,1,seed_trail_band,7-9,39,97,0.36156351791530944,0.4020618556701031,1.1120089161326274,0.04049833775479367
17,0017,0,seed_prime_count,3,19,50,0.34201954397394135,0.38,1.111047619047619,0.03798045602605865
17,1107,1,seed_high_count,2,48,120,0.36156351791530944,0.4,1.1063063063063063,0.03843648208469058
17,1107,1,seed_vtrac_unique,3,72,183,0.36156351791530944,0.39344262295081966,1.0881701373504653,0.031879105035510225
17,1107,1,seed_sum_mod2,0,59,151,0.36156351791530944,0.39072847682119205,1.0806634449018555,0.02916495890588261
17,7701,7,seed_consecutive_pairs,1,49,153,0.2964169381107492,0.3202614379084967,1.0804424333836098,0.023844499797747498
17,0017,0,seed_trail_band,0-3,45,122,0.34201954397394135,0.36885245901639346,1.0784543325526934,0.02683291504245211
17,0017,0,seed_sum_mod3,1,35,95,0.34201954397394135,0.3684210526315789,1.0771929824561404,0.026401508657637573
18,8801,8,seed_spread_band,0-3,15,26,0.3694915254237288,0.5769230769230769,1.561397318278052,0.20743155149934805
18,1108,1,seed_sum_lastdigit,0,12,31,0.3050847457627119,0.3870967741935484,1.2688172043010753,0.08201202843083649
18,8801,8,seed_sum_lastdigit,7,15,33,0.3694915254237288,0.45454545454545453,1.2301918265221017,0.08505392912172571
18,1108,1,seed_sum_lastdigit,5,13,35,0.3050847457627119,0.37142857142857144,1.2174603174603174,0.06634382566585956
18,1108,1,seed_trail_band,7-9,35,95,0.3050847457627119,0.3684210526315789,1.2076023391812865,0.06333630686886704
18,0018,0,seed_high_count,1,31,81,0.3254237288135593,0.38271604938271603,1.1760545267489713,0.05729232056915673
18,1108,1,seed_sum_band,18-26,46,129,0.3050847457627119,0.35658914728682173,1.168819982773471,0.051504401524109844
18,0018,0,seed_sum_lastdigit,8,12,32,0.3254237288135593,0.375,1.15234375,0.0495762711864407
18,8801,8,seed_sum_lastdigit,3,11,26,0.3694915254237288,0.4230769230769231,1.1450247000705716,0.053585397653194256
18,0018,0,seed_prime_count,3,17,46,0.3254237288135593,0.3695652173913043,1.135643115942029,0.044141488577745025
18,1108,1,seed_vtrac_unique,4,20,58,0.3050847457627119,0.3448275862068966,1.1302681992337165,0.03974284044418469
18,8801,8,seed_prime_count,0,20,48,0.3694915254237288,0.4166666666666667,1.1276758409785934,0.04717514124293787
18,0018,0,seed_sum_lastdigit,2,11,30,0.3254237288135593,0.36666666666666664,1.1267361111111112,0.04124293785310734
18,1108,1,seed_high_count,3,25,73,0.3050847457627119,0.3424657534246575,1.1225266362252662,0.03738100766194563
18,1108,1,seed_even_count,3,28,82,0.3050847457627119,0.34146341463414637,1.119241192411924,0.03637866887143448
18,8801,8,seed_lead_band,7-9,38,92,0.3694915254237288,0.41304347826086957,1.1178699641005185,0.04355195283714075
18,8801,8,seed_trail_band,0-3,47,114,0.3694915254237288,0.41228070175438597,1.1158055689682922,0.04278917633065715
18,1108,1,seed_trail_band,4-6,29,86,0.3050847457627119,0.3372093023255814,1.1052971576227388,0.0321245565628695
18,0018,0,seed_trail_band,0-3,41,114,0.3254237288135593,0.35964912280701755,1.105171783625731,0.03422539399345825
18,1108,1,seed_lead_band,4-6,30,89,0.3050847457627119,0.33707865168539325,1.1048689138576777,0.031993905922681365
18,1108,1,seed_sum_lastdigit,1,10,30,0.3050847457627119,0.3333333333333333,1.0925925925925926,0.02824858757062143
18,0018,0,seed_prime_count,0,17,48,0.3254237288135593,0.3541666666666667,1.088324652777778,0.028742937853107386
18,8801,8,seed_sum_lastdigit,1,12,30,0.3694915254237288,0.4,1.0825688073394495,0.030508474576271205
18,8801,8,seed_sum_lastdigit,4,14,35,0.3694915254237288,0.4,1.0825688073394495,0.030508474576271205
18,8801,8,seed_prime_count,2,39,98,0.3694915254237288,0.3979591836734694,1.0770454970979217,0.02846765824974057
18,8801,8,seed_vtrac_unique,3,66,166,0.3694915254237288,0.39759036144578314,1.0760473085000553,0.02809883602205432
18,0018,0,seed_structure,AABC,44,126,0.3254237288135593,0.3492063492063492,1.0730820105820107,0.023782620392789888
18,0018,0,seed_unique_count,3,44,126,0.3254237288135593,0.3492063492063492,1.0730820105820107,0.023782620392789888
18,1108,1,seed_sum_mod3,2,33,101,0.3050847457627119,0.32673267326732675,1.0709570957095709,0.02164792750461486
18,1108,1,seed_prime_count,1,32,98,0.3050847457627119,0.32653061224489793,1.0702947845804986,0.02144586648218605
18,1108,1,seed_prime_count,2,32,98,0.3050847457627119,0.32653061224489793,1.0702947845804986,0.02144586648218605
18,0018,0,seed_vtrac_unique,2,24,69,0.3254237288135593,0.34782608695652173,1.068840579710145,0.02240235814296243
18,1108,1,seed_prime_count,3,15,46,0.3050847457627119,0.32608695652173914,1.0688405797101448,0.02100221075902725
18,0018,0,seed_mirror_pairs_any,yes,49,141,0.3254237288135593,0.3475177304964539,1.0678930260047281,0.022094001682894604
18,1108,1,seed_consecutive_pairs,0,34,105,0.3050847457627119,0.3238095238095238,1.0613756613756613,0.01872477804681194
18,0018,0,seed_vtrac_unique,4,20,58,0.3254237288135593,0.3448275862068966,1.0596264367816093,0.019403857393337276
18,8801,8,seed_sum_mod3,1,36,92,0.3694915254237288,0.391304347826087,1.0590347028320701,0.021812822402358156
18,8801,8,seed_consecutive_pairs,1,52,133,0.3694915254237288,0.39097744360902253,1.0581499620611161,0.021485918185293718
18,8801,8,seed_sum_mod2,0,59,151,0.3694915254237288,0.39072847682119205,1.057476152864694,0.021236951397463233
18,1108,1,seed_spread_band,4-6,40,124,0.3050847457627119,0.3225806451612903,1.057347670250896,0.01749589939857843
19,0019,0,seed_sum_lastdigit,6,12,30,0.2554517133956386,0.4,1.5658536585365856,0.14454828660436142
19,0019,0,seed_spread_band,0-3,15,40,0.2554517133956386,0.375,1.467987804878049,0.1195482866043614
19,9901,9,seed_sum_lastdigit,3,15,29,0.38006230529595014,0.5172413793103449,1.360938383267383,0.13717907401439472
19,0019,0,seed_sum_lastdigit,9,15,44,0.2554517133956386,0.3409090909090909,1.3345343680709534,0.08545737751345228
19,1109,1,seed_sum_lastdigit,7,13,27,0.3644859813084112,0.48148148148148145,1.3209876543209875,0.11699550017307025
19,0019,0,seed_consecutive_pairs,2,17,52,0.2554517133956386,0.3269230769230769,1.279784240150094,0.07147136352743833
19,9901,9,seed_prime_count,3,25,53,0.38006230529595014,0.4716981132075472,1.2411073306526446,0.09163580791159703
19,9901,9,seed_sum_lastdigit,8,15,32,0.38006230529595014,0.46875,1.2333504098360657,0.08868769470404986
19,1109,1,seed_vtrac_unique,4,33,74,0.3644859813084112,0.44594594594594594,1.2234927234927235,0.08145996463753474
19,1109,1,seed_prime_count,2,52,117,0.3644859813084112,0.4444444444444444,1.2193732193732194,0.07995846313603322
19,9901,9,seed_prime_count,0,17,37,0.38006230529595014,0.4594594594594595,1.208905626938414,0.07939715416350934
19,1109,1,seed_trail_band,4-6,40,91,0.3644859813084112,0.43956043956043955,1.2059735136658214,0.07507445825202835
19,9901,9,seed_sum_lastdigit,1,15,33,0.38006230529595014,0.45454545454545453,1.1959761549925485,0.07448314924950439
19,9901,9,seed_sum_mod3,0,48,106,0.38006230529595014,0.4528301886792453,1.191463037426539,0.07276788338329515
19,0019,0,seed_prime_count,1,32,106,0.2554517133956386,0.3018867924528302,1.1817763460653474,0.046435079057191575
19,1109,1,seed_high_count,1,39,92,0.3644859813084112,0.42391304347826086,1.1630434782608696,0.059427062169849665
19,9901,9,seed_sum_lastdigit,2,15,34,0.38006230529595014,0.4411764705882353,1.1608003857280618,0.06111416529228514
19,0019,0,seed_spread_band,4-6,40,135,0.2554517133956386,0.2962962962962963,1.1598915989159893,0.04084458290065768
19,0019,0,seed_mirror_pairs_any,no,50,170,0.2554517133956386,0.29411764705882354,1.1513629842180777,0.03866593366318494
19,1109,1,seed_structure,ABCD,74,177,0.3644859813084112,0.4180790960451977,1.1470375199188758,0.05359311473678652
19,1109,1,seed_unique_count,4,74,177,0.3644859813084112,0.4180790960451977,1.1470375199188758,0.05359311473678652
19,1109,1,seed_repeat_digit,none,74,177,0.3644859813084112,0.4180790960451977,1.1470375199188758,0.05359311473678652
19,0019,0,seed_sum_mod3,2,31,106,0.2554517133956386,0.29245283018867924,1.1448458352508055,0.037001116793040634
19,0019,0,seed_lead_band,4-6,28,96,0.2554517133956386,0.2916666666666667,1.1417682926829271,0.03621495327102808
19,0019,0,seed_high_count,3,23,79,0.2554517133956386,0.2911392405063291,1.1397036122259958,0.03568752711069051
19,1109,1,seed_lead_band,0-3,52,126,0.3644859813084112,0.4126984126984127,1.1322751322751323,0.048212431390001476
19,1109,1,seed_sum_lastdigit,2,14,34,0.3644859813084112,0.4117647058823529,1.1297134238310709,0.04727872457394172
19,1109,1,seed_mirror_pairs_any,yes,62,151,0.3644859813084112,0.4105960264900662,1.1265070470368483,0.04611004518165501
19,9901,9,seed_trail_band,7-9,41,96,0.38006230529595014,0.4270833333333333,1.123719262295082,0.04702102803738317
19,0019,0,seed_vtrac_unique,3,50,175,0.2554517133956386,0.2857142857142857,1.118466898954704,0.030262572318647096
19,0019,0,seed_trail_band,4-6,26,91,0.2554517133956386,0.2857142857142857,1.118466898954704,0.030262572318647096
19,1109,1,seed_sum_band,10-17,52,128,0.3644859813084112,0.40625,1.1145833333333335,0.0417640186915888
19,0019,0,seed_sum_mod3,1,31,109,0.2554517133956386,0.28440366972477066,1.1133363168494073,0.028951956329132056
19,9901,9,seed_sum_lastdigit,5,11,26,0.38006230529595014,0.4230769230769231,1.1131778058007566,0.04301461778097293
19,1109,1,seed_spread_band,7-9,59,146,0.3644859813084112,0.4041095890410959,1.108710923779417,0.039623607732684696
19,0019,0,seed_structure,AABC,34,121,0.2554517133956386,0.2809917355371901,1.0999798427736345,0.02554002214155149
19,0019,0,seed_unique_count,3,34,121,0.2554517133956386,0.2809917355371901,1.0999798427736345,0.02554002214155149
19,9901,9,seed_trail_band,0-3,56,134,0.38006230529595014,0.417910447761194,1.0995840469782237,0.03784814246524387
19,9901,9,seed_lead_band,7-9,41,99,0.38006230529595014,0.41414141414141414,1.0896671634376554,0.034079108845464
19,9901,9,seed_structure,AABC,50,121,0.38006230529595014,0.4132231404958678,1.087251049993226,0.03316083519991764
23,3302,3,seed_sum_lastdigit,9,22,36,0.34516129032258064,0.6111111111111112,1.770508826583593,0.2659498207885305
23,0023,0,seed_sum_lastdigit,3,17,40,0.3064516129032258,0.425,1.3868421052631579,0.11854838709677418
23,3302,3,seed_spread_band,0-3,19,43,0.34516129032258064,0.4418604651162791,1.2801564877200609,0.09669917479369844
23,3302,3,seed_vtrac_unique,4,30,68,0.34516129032258064,0.4411764705882353,1.2781748213304014,0.09601518026565464
23,0023,0,seed_trail_band,7-9,37,95,0.3064516129032258,0.3894736842105263,1.2709141274238227,0.0830220713073005
23,3302,3,seed_trail_band,0-3,54,124,0.34516129032258064,0.43548387096774194,1.2616822429906542,0.0903225806451613
23,2203,2,seed_sum_lastdigit,1,14,32,0.34838709677419355,0.4375,1.255787037037037,0.08911290322580645
23,2203,2,seed_sum_lastdigit,7,14,32,0.34838709677419355,0.4375,1.255787037037037,0.08911290322580645
23,0023,0,seed_high_count,1,29,77,0.3064516129032258,0.37662337662337664,1.2289815447710184,0.07017176372015083
23,0023,0,seed_sum_lastdigit,0,12,32,0.3064516129032258,0.375,1.2236842105263157,0.06854838709677419
23,3302,3,seed_sum_lastdigit,5,13,31,0.34516129032258064,0.41935483870967744,1.2149532710280375,0.0741935483870968
23,2203,2,seed_consecutive_pairs,2,25,60,0.34838709677419355,0.4166666666666667,1.1959876543209877,0.06827956989247314
23,0023,0,seed_prime_count,3,15,42,0.3064516129032258,0.35714285714285715,1.1654135338345866,0.05069124423963134
23,3302,3,seed_sum_lastdigit,4,14,35,0.34516129032258064,0.4,1.1588785046728973,0.054838709677419384
23,0023,0,seed_lead_band,4-6,34,98,0.3064516129032258,0.3469387755102041,1.1321160042964553,0.040487162606978266
23,3302,3,seed_prime_count,2,39,100,0.34516129032258064,0.39,1.1299065420560748,0.044838709677419375
23,0023,0,seed_sum_lastdigit,2,9,26,0.3064516129032258,0.34615384615384615,1.1295546558704452,0.039702233250620333
23,2203,2,seed_high_count,2,44,112,0.34838709677419355,0.39285714285714285,1.1276455026455026,0.0444700460829493
23,2203,2,seed_mirror_pairs_any,yes,54,138,0.34838709677419355,0.391304347826087,1.1231884057971016,0.042917251051893424
23,0023,0,seed_sum_lastdigit,7,11,32,0.3064516129032258,0.34375,1.1217105263157894,0.03729838709677419
23,2203,2,seed_prime_count,1,48,123,0.34838709677419355,0.3902439024390244,1.1201445347786811,0.041856805664830854
23,0023,0,seed_even_count,2,37,108,0.3064516129032258,0.3425925925925926,1.1179337231968811,0.0361409796893668
23,3302,3,seed_lead_band,0-3,49,127,0.34516129032258064,0.3858267716535433,1.117815880491574,0.04066548133096265
23,3302,3,seed_sum_lastdigit,2,10,26,0.34516129032258064,0.38461538461538464,1.1143062544931706,0.039454094292804
23,2203,2,seed_vtrac_unique,2,25,65,0.34838709677419355,0.38461538461538464,1.103988603988604,0.03622828784119109
23,3302,3,seed_consecutive_pairs,0,32,84,0.34516129032258064,0.38095238095238093,1.1036938139741879,0.03579109062980029
23,3302,3,seed_mirror_pairs_any,no,65,172,0.34516129032258064,0.37790697674418605,1.0948706802868942,0.03274568642160541
23,0023,0,seed_sum_mod3,1,35,105,0.3064516129032258,0.3333333333333333,1.0877192982456139,0.026881720430107503
23,0023,0,seed_even_count,3,27,81,0.3064516129032258,0.3333333333333333,1.0877192982456139,0.026881720430107503
23,0023,0,seed_high_count,3,26,78,0.3064516129032258,0.3333333333333333,1.0877192982456139,0.026881720430107503
23,0023,0,seed_consecutive_pairs,1,53,159,0.3064516129032258,0.3333333333333333,1.0877192982456139,0.026881720430107503
23,0023,0,seed_sum_band,10-17,40,121,0.3064516129032258,0.3305785123966942,1.0787298825576337,0.024126899493468412
23,2203,2,seed_sum_lastdigit,0,12,32,0.34838709677419355,0.375,1.0763888888888888,0.02661290322580645
23,2203,2,seed_sum_lastdigit,3,15,40,0.34838709677419355,0.375,1.0763888888888888,0.02661290322580645
23,0023,0,seed_lead_band,7-9,28,85,0.3064516129032258,0.32941176470588235,1.074922600619195,0.022960151802656537
23,2203,2,seed_trail_band,4-6,34,91,0.34838709677419355,0.37362637362637363,1.0724460724460725,0.02523927685218008
23,0023,0,seed_structure,AABC,44,134,0.3064516129032258,0.3283582089552239,1.0714846818538883,0.021906596051998073
23,0023,0,seed_unique_count,3,44,134,0.3064516129032258,0.3283582089552239,1.0714846818538883,0.021906596051998073
23,2203,2,seed_vtrac_unique,3,65,175,0.34838709677419355,0.37142857142857144,1.0661375661375663,0.02304147465437789
23,0023,0,seed_spread_band,4-6,48,147,0.3064516129032258,0.32653061224489793,1.0655209452201932,0.02007899934167212
24,2204,2,seed_sum_lastdigit,3,20,30,0.3879003558718861,0.6666666666666666,1.7186544342507646,0.27876631079478054
24,2204,2,seed_sum_lastdigit,9,20,34,0.3879003558718861,0.5882352941176471,1.5164597949271452,0.20033493824576099
24,4402,4,seed_prime_count,3,21,49,0.29537366548042704,0.42857142857142855,1.450946643717728,0.1331977630910015
24,2204,2,seed_sum_band,0-9,14,26,0.3879003558718861,0.5384615384615384,1.3881439661256176,0.15056118258965234
24,0024,0,seed_prime_count,0,18,41,0.3167259786476868,0.43902439024390244,1.3861331871745686,0.12229841159621563
24,4402,4,seed_sum_lastdigit,1,11,28,0.29537366548042704,0.39285714285714285,1.3300344234079173,0.09748347737671581
24,0024,0,seed_sum_lastdigit,8,12,29,0.3167259786476868,0.41379310344827586,1.3064703603254553,0.09706712480058904
24,4402,4,seed_sum_lastdigit,2,15,39,0.29537366548042704,0.38461538461538464,1.3021316033364227,0.0892417191349576
24,0024,0,seed_consecutive_pairs,2,21,51,0.3167259786476868,0.4117647058823529,1.3000660938532718,0.09503872723466611
24,4402,4,seed_spread_band,0-3,16,43,0.29537366548042704,0.37209302325581395,1.2597366209022136,0.07671935777538691
24,2204,2,seed_high_count,1,37,76,0.3879003558718861,0.4868421052631579,1.2550700144857558,0.09894174939127182
24,2204,2,seed_even_count,1,35,72,0.3879003558718861,0.4861111111111111,1.2531855249745159,0.09821075523922501
24,4402,4,seed_vtrac_unique,4,21,57,0.29537366548042704,0.3684210526315789,1.247305009511731,0.07304738715115189
24,0024,0,seed_sum_lastdigit,1,11,28,0.3167259786476868,0.39285714285714285,1.2403691813804174,0.07613116420945604
24,4402,4,seed_sum_lastdigit,5,12,33,0.29537366548042704,0.36363636363636365,1.231106243154436,0.06826269815593661
24,4402,4,seed_sum_band,18-26,44,124,0.29537366548042704,0.3548387096774194,1.2013214146910223,0.059465044196992334
24,2204,2,seed_prime_count,1,41,89,0.3879003558718861,0.4606741573033708,1.1876095247912588,0.07277380143148471
24,4402,4,seed_high_count,3,25,72,0.29537366548042704,0.3472222222222222,1.1755354752342704,0.05184855674179517
24,0024,0,seed_sum_mod2,0,48,131,0.3167259786476868,0.366412213740458,1.1568745175400978,0.0496862350927712
24,0024,0,seed_sum_lastdigit,5,12,33,0.3167259786476868,0.36363636363636365,1.1481103166496427,0.046910384988676834
24,2204,2,seed_mirror_pairs_any,yes,54,122,0.3879003558718861,0.4426229508196721,1.1410738456910814,0.05472259494778603
24,2204,2,seed_structure,AABC,56,127,0.3879003558718861,0.4409448818897638,1.1367478147800334,0.05304452601787768
24,2204,2,seed_unique_count,3,56,127,0.3879003558718861,0.4409448818897638,1.1367478147800334,0.05304452601787768
24,2204,2,seed_sum_mod2,1,66,150,0.3879003558718861,0.44,1.1343119266055046,0.05209964412811391
24,2204,2,seed_sum_lastdigit,7,11,25,0.3879003558718861,0.44,1.1343119266055046,0.05209964412811391
24,0024,0,seed_even_count,2,37,103,0.3167259786476868,0.3592233009708738,1.1341769390203993,0.04249732232318698
24,0024,0,seed_lead_band,4-6,29,81,0.3167259786476868,0.35802469135802467,1.1303925648494937,0.04129871271033786
24,4402,4,seed_sum_mod3,2,24,72,0.29537366548042704,0.3333333333333333,1.1285140562248996,0.037959667852906276
24,4402,4,seed_mirror_pairs_any,no,53,159,0.29537366548042704,0.3333333333333333,1.1285140562248996,0.037959667852906276
24,2204,2,seed_vtrac_unique,2,28,64,0.3879003558718861,0.4375,1.1278669724770642,0.04959964412811391
24,2204,2,seed_trail_band,0-3,44,102,0.3879003558718861,0.43137254901960786,1.1120705162799065,0.04347219314772177
24,0024,0,seed_vtrac_unique,4,20,57,0.3167259786476868,0.3508771929824561,1.1078257441356198,0.03415121433476931
24,0024,0,seed_prime_count,2,34,97,0.3167259786476868,0.35051546391752575,1.1066836557396038,0.03378948526983894
24,2204,2,seed_spread_band,4-6,54,126,0.3879003558718861,0.42857142857142855,1.1048492791612057,0.040671072699542454
24,0024,0,seed_spread_band,0-3,15,43,0.3167259786476868,0.3488372093023256,1.1013848967859943,0.03211123065463878
24,0024,0,seed_structure,ABCD,46,133,0.3167259786476868,0.3458646616541353,1.0919996620765398,0.029138683006448507
24,0024,0,seed_unique_count,4,46,133,0.3167259786476868,0.3458646616541353,1.0919996620765398,0.029138683006448507
24,0024,0,seed_repeat_digit,none,46,133,0.3167259786476868,0.3458646616541353,1.0919996620765398,0.029138683006448507
24,0024,0,seed_sum_band,10-17,38,110,0.3167259786476868,0.34545454545454546,1.0907048008171605,0.028728566806858646
24,4402,4,seed_sum_lastdigit,7,8,25,0.29537366548042704,0.32,1.0833734939759037,0.024626334519572968
25,0025,0,seed_sum_lastdigit,0,15,30,0.3540983606557377,0.5,1.4120370370370372,0.1459016393442623
25,2205,2,seed_sum_lastdigit,8,17,38,0.3180327868852459,0.4473684210526316,1.4066739012479654,0.1293356341673857
25,2205,2,seed_sum_lastdigit,3,15,36,0.3180327868852459,0.4166666666666667,1.3101374570446735,0.0986338797814208
25,2205,2,seed_prime_count,3,17,41,0.3180327868852459,0.4146341463414634,1.3037465426200654,0.0966013594562175
25,5502,5,seed_sum_lastdigit,5,14,33,0.32786885245901637,0.42424242424242425,1.2939393939393942,0.09637357178340789
25,0025,0,seed_sum_lastdigit,1,16,35,0.3540983606557377,0.45714285714285713,1.291005291005291,0.10304449648711944
25,5502,5,seed_spread_band,0-3,16,38,0.32786885245901637,0.42105263157894735,1.2842105263157895,0.09318377911993098
25,2205,2,seed_sum_band,0-9,11,28,0.3180327868852459,0.39285714285714285,1.2352724594992637,0.07482435597189696
25,2205,2,seed_high_count,1,29,74,0.3180327868852459,0.3918918918918919,1.2322373920312064,0.073859105006646
25,2205,2,seed_sum_lastdigit,7,12,31,0.3180327868852459,0.3870967741935484,1.217159960093116,0.06906398730830249
25,0025,0,seed_lead_band,7-9,40,93,0.3540983606557377,0.43010752688172044,1.2146555157307846,0.07600916622598275
25,0025,0,seed_prime_count,0,18,42,0.3540983606557377,0.42857142857142855,1.2103174603174602,0.07447306791569086
25,2205,2,seed_even_count,2,41,110,0.3180327868852459,0.37272727272727274,1.1719775070290535,0.05469448584202685
25,0025,0,seed_trail_band,4-6,37,90,0.3540983606557377,0.4111111111111111,1.161008230452675,0.05701275045537341
25,5502,5,seed_vtrac_unique,2,27,71,0.32786885245901637,0.38028169014084506,1.1598591549295776,0.052412837681828695
25,5502,5,seed_prime_count,2,36,96,0.32786885245901637,0.375,1.14375,0.04713114754098363
25,2205,2,seed_trail_band,7-9,36,100,0.3180327868852459,0.36,1.131958762886598,0.0419672131147541
25,5502,5,seed_sum_lastdigit,9,10,27,0.32786885245901637,0.37037037037037035,1.1296296296296298,0.04250151791135398
25,2205,2,seed_mirror_pairs_any,yes,51,142,0.3180327868852459,0.3591549295774648,1.1293015826920285,0.04112214269221892
25,2205,2,seed_prime_count,0,15,42,0.3180327868852459,0.35714285714285715,1.1229749631811488,0.03911007025761126
25,2205,2,seed_sum_band,10-17,42,118,0.3180327868852459,0.3559322033898305,1.1191682683907043,0.037899416504584615
25,0025,0,seed_vtrac_unique,4,21,53,0.3540983606557377,0.39622641509433965,1.1189727463312371,0.04212805443860196
25,5502,5,seed_lead_band,4-6,34,93,0.32786885245901637,0.3655913978494624,1.1150537634408604,0.037722545390446005
25,2205,2,seed_structure,ABCD,50,141,0.3180327868852459,0.3546099290780142,1.1150106017401478,0.03657714219276831
25,2205,2,seed_unique_count,4,50,141,0.3180327868852459,0.3546099290780142,1.1150106017401478,0.03657714219276831
25,2205,2,seed_repeat_digit,none,50,141,0.3180327868852459,0.3546099290780142,1.1150106017401478,0.03657714219276831
25,0025,0,seed_mirror_pairs_any,no,64,163,0.3540983606557377,0.39263803680981596,1.1088389002499432,0.03853967615407827
25,2205,2,seed_sum_mod3,1,40,114,0.3180327868852459,0.3508771929824561,1.1032736480376197,0.03284440609721023
25,5502,5,seed_consecutive_pairs,0,35,97,0.32786885245901637,0.36082474226804123,1.1005154639175259,0.03295588980902486
25,0025,0,seed_prime_count,1,44,113,0.3540983606557377,0.3893805309734513,1.0996394624713208,0.035282170317713635
25,2205,2,seed_even_count,3,29,83,0.3180327868852459,0.3493975903614458,1.0986212892808347,0.03136480347619991
25,0025,0,seed_sum_band,18-26,53,137,0.3540983606557377,0.38686131386861317,1.0925250067585834,0.03276295321287548
25,0025,0,seed_spread_band,7-9,49,127,0.3540983606557377,0.3858267716535433,1.0896033829104694,0.0317284109978056
25,2205,2,seed_spread_band,7-9,44,127,0.3180327868852459,0.3464566929133858,1.0893741375111616,0.028423906028139934
25,5502,5,seed_spread_band,4-6,50,140,0.32786885245901637,0.35714285714285715,1.0892857142857144,0.029274004683840782
25,5502,5,seed_consecutive_pairs,2,16,45,0.32786885245901637,0.35555555555555557,1.0844444444444445,0.0276867030965392
25,2205,2,seed_lead_band,0-3,41,119,0.3180327868852459,0.3445378151260504,1.0833405527159317,0.02650502824080453
25,2205,2,seed_lead_band,4-6,32,93,0.3180327868852459,0.34408602150537637,1.0819199645272144,0.026053234620130483
25,5502,5,seed_even_count,1,28,79,0.32786885245901637,0.35443037974683544,1.081012658227848,0.026561527287819076
25,0025,0,seed_high_count,2,43,113,0.3540983606557377,0.3805309734513274,1.0746476565060636,0.026432612795589727
26,0026,0,seed_sum_lastdigit,4,16,28,0.34797297297297297,0.5714285714285714,1.6421636615811372,0.22345559845559843
26,6602,6,seed_trail_band,4-6,35,78,0.3277027027027027,0.44871794871794873,1.3692836373248745,0.12101524601524605
26,6602,6,seed_sum_lastdigit,9,13,30,0.3277027027027027,0.43333333333333335,1.3223367697594504,0.10563063063063066
26,2206,2,seed_sum_lastdigit,8,11,26,0.32432432432432434,0.4230769230769231,1.3044871794871793,0.09875259875259873
26,2206,2,seed_sum_lastdigit,2,12,29,0.32432432432432434,0.41379310344827586,1.2758620689655171,0.08946877912395151
26,6602,6,seed_repeat_digit,6,10,25,0.3277027027027027,0.4,1.220618556701031,0.07229729729729734
26,6602,6,seed_prime_count,3,18,45,0.3277027027027027,0.4,1.220618556701031,0.07229729729729734
26,6602,6,seed_high_count,1,28,71,0.3277027027027027,0.39436619718309857,1.20342674604327,0.06666349448039588
26,0026,0,seed_even_count,2,46,112,0.34797297297297297,0.4107142857142857,1.1803051317614424,0.06274131274131273
26,0026,0,seed_sum_lastdigit,6,13,32,0.34797297297297297,0.40625,1.1674757281553398,0.05827702702702703
26,6602,6,seed_sum_lastdigit,0,13,34,0.3277027027027027,0.38235294117647056,1.1667677380230443,0.054650238473767876
26,6602,6,seed_sum_lastdigit,7,13,34,0.3277027027027027,0.38235294117647056,1.1667677380230443,0.054650238473767876
26,0026,0,seed_sum_mod3,2,47,116,0.34797297297297297,0.4051724137931034,1.1643789755607632,0.057199440820130454
26,2206,2,seed_consecutive_pairs,2,21,56,0.32432432432432434,0.375,1.15625,0.05067567567567566
26,0026,0,seed_lead_band,7-9,38,95,0.34797297297297297,0.4,1.1495145631067962,0.05202702702702705
26,2206,2,seed_lead_band,0-3,41,110,0.32432432432432434,0.37272727272727274,1.1492424242424242,0.0484029484029484
26,2206,2,seed_trail_band,7-9,32,86,0.32432432432432434,0.37209302325581395,1.1472868217054262,0.047768698931489606
26,2206,2,seed_sum_mod3,0,33,89,0.32432432432432434,0.3707865168539326,1.1432584269662922,0.04646219252960826
26,6602,6,seed_high_count,3,28,75,0.3277027027027027,0.37333333333333335,1.1392439862542956,0.045630630630630664
26,2206,2,seed_sum_lastdigit,3,14,38,0.32432432432432434,0.3684210526315789,1.1359649122807016,0.044096728307254585
26,0026,0,seed_even_count,1,26,66,0.34797297297297297,0.3939393939393939,1.132097675786996,0.04596642096642095
26,6602,6,seed_even_count,3,30,81,0.3277027027027027,0.37037037037037035,1.1302023673157693,0.042667667667667664
26,0026,0,seed_high_count,2,44,112,0.34797297297297297,0.39285714285714285,1.1289875173370318,0.04488416988416988
26,2206,2,seed_prime_count,0,16,44,0.32432432432432434,0.36363636363636365,1.121212121212121,0.039312039312039304
26,0026,0,seed_structure,ABCD,55,142,0.34797297297297297,0.3873239436619718,1.1130862846984821,0.03935097068899884
26,0026,0,seed_unique_count,4,55,142,0.34797297297297297,0.3873239436619718,1.1130862846984821,0.03935097068899884
26,0026,0,seed_repeat_digit,none,55,142,0.34797297297297297,0.3873239436619718,1.1130862846984821,0.03935097068899884
26,6602,6,seed_sum_mod3,1,33,91,0.3277027027027027,0.3626373626373626,1.106604735470715,0.03493465993465994
26,2206,2,seed_even_count,3,29,81,0.32432432432432434,0.35802469135802467,1.103909465020576,0.03370036703370033
26,2206,2,seed_structure,AABC,49,137,0.32432432432432434,0.35766423357664234,1.1027980535279804,0.033339909252318
26,2206,2,seed_unique_count,3,49,137,0.32432432432432434,0.35766423357664234,1.1027980535279804,0.033339909252318
26,0026,0,seed_trail_band,7-9,33,86,0.34797297297297297,0.38372093023255816,1.102731993678031,0.035747957259585184
26,2206,2,seed_vtrac_unique,4,20,56,0.32432432432432434,0.35714285714285715,1.101190476190476,0.03281853281853281
26,6602,6,seed_sum_mod3,0,32,89,0.3277027027027027,0.3595505617977528,1.0971852195065446,0.03184785909505011
26,0026,0,seed_mirror_pairs_any,yes,50,131,0.34797297297297297,0.3816793893129771,1.0968650411324392,0.03370641634000415
26,6602,6,seed_vtrac_unique,2,23,65,0.3277027027027027,0.35384615384615387,1.0797779540047583,0.02614345114345118
26,6602,6,seed_lead_band,4-6,32,91,0.3277027027027027,0.3516483516483517,1.0730712586382691,0.02394564894564899
26,6602,6,seed_structure,AABC,48,137,0.3277027027027027,0.35036496350364965,1.0691549401760856,0.022662260800946965
26,6602,6,seed_unique_count,3,48,137,0.3277027027027027,0.35036496350364965,1.0691549401760856,0.022662260800946965
26,0026,0,seed_consecutive_pairs,1,49,132,0.34797297297297297,0.3712121212121212,1.0667843483377464,0.023239148239148244
27,0027,0,seed_sum_lastdigit,0,14,28,0.36789297658862874,0.5,1.3590909090909091,0.13210702341137126
27,0027,0,seed_sum_lastdigit,9,19,38,0.36789297658862874,0.5,1.3590909090909091,0.13210702341137126
27,7702,7,seed_prime_count,0,17,40,0.3177257525083612,0.425,1.3376315789473683,0.10727424749163877
27,7702,7,seed_sum_lastdigit,4,16,38,0.3177257525083612,0.42105263157894735,1.325207756232687,0.10332687907058613
27,7702,7,seed_sum_lastdigit,3,12,29,0.3177257525083612,0.41379310344827586,1.302359346642468,0.09606735093991464
27,2207,2,seed_trail_band,7-9,33,81,0.31438127090301005,0.4074074074074074,1.2959022852639872,0.09302613650439734
27,7702,7,seed_sum_lastdigit,1,11,27,0.3177257525083612,0.4074074074074074,1.282261208576998,0.08968165489904617
27,7702,7,seed_repeat_digit,4,12,30,0.3177257525083612,0.4,1.2589473684210526,0.08227424749163881
27,2207,2,seed_sum_lastdigit,7,11,28,0.31438127090301005,0.39285714285714285,1.2496200607902734,0.0784758719541328
27,0027,0,seed_vtrac_unique,4,28,61,0.36789297658862874,0.45901639344262296,1.2476900149031298,0.09112341685399422
27,2207,2,seed_prime_count,1,40,104,0.31438127090301005,0.38461538461538464,1.2234042553191489,0.07023411371237459
27,2207,2,seed_structure,AABC,48,133,0.31438127090301005,0.3609022556390977,1.1479763237881937,0.04652098473608768
27,2207,2,seed_unique_count,3,48,133,0.31438127090301005,0.3609022556390977,1.1479763237881937,0.04652098473608768
27,0027,0,seed_lead_band,7-9,32,76,0.36789297658862874,0.42105263157894735,1.1444976076555025,0.053159654990318606
27,0027,0,seed_structure,ABCD,61,145,0.36789297658862874,0.4206896551724138,1.143510971786834,0.05279667858378506
27,0027,0,seed_unique_count,4,61,145,0.36789297658862874,0.4206896551724138,1.143510971786834,0.05279667858378506
27,0027,0,seed_repeat_digit,none,61,145,0.36789297658862874,0.4206896551724138,1.143510971786834,0.05279667858378506
27,7702,7,seed_lead_band,4-6,33,91,0.3177257525083612,0.3626373626373626,1.1413533834586465,0.04491161012900141
27,7702,7,seed_spread_band,0-3,14,39,0.3177257525083612,0.358974358974359,1.1298245614035087,0.04124860646599776
27,2207,2,seed_sum_lastdigit,5,11,31,0.31438127090301005,0.3548387096774194,1.1286890871654083,0.04045743877440933
27,2207,2,seed_sum_lastdigit,2,13,37,0.31438127090301005,0.35135135135135137,1.1175963197239793,0.036970080448341325
27,7702,7,seed_sum_band,10-17,42,119,0.3177257525083612,0.35294117647058826,1.1108359133126935,0.035215423962227044
27,2207,2,seed_sum_mod3,0,31,89,0.31438127090301005,0.34831460674157305,1.1079368874013866,0.033933335838563006
27,0027,0,seed_high_count,3,33,81,0.36789297658862874,0.4074074074074074,1.1074074074074074,0.039514430818778645
27,0027,0,seed_trail_band,0-3,45,111,0.36789297658862874,0.40540540540540543,1.1019656019656021,0.03751242881677669
27,0027,0,seed_consecutive_pairs,2,27,67,0.36789297658862874,0.40298507462686567,1.0953867028493895,0.03509209803823693
27,2207,2,seed_vtrac_unique,2,25,73,0.31438127090301005,0.3424657534246575,1.0893325561060914,0.02808448252164747
27,2207,2,seed_lead_band,7-9,26,76,0.31438127090301005,0.34210526315789475,1.0881858902575587,0.0277239922548847
27,0027,0,seed_repeat_digit,4,12,30,0.36789297658862874,0.4,1.0872727272727274,0.03210702341137128
27,7702,7,seed_spread_band,4-6,49,142,0.3177257525083612,0.34507042253521125,1.0860637509266122,0.027344670026850038
27,2207,2,seed_lead_band,0-3,45,132,0.31438127090301005,0.3409090909090909,1.0843810444874273,0.026527820006080838
27,7702,7,seed_consecutive_pairs,1,43,125,0.3177257525083612,0.344,1.0826947368421052,0.026274247491638758
27,0027,0,seed_spread_band,7-9,47,118,0.36789297658862874,0.3983050847457627,1.0826656394453005,0.030412108157133966
27,2207,2,seed_high_count,2,38,112,0.31438127090301005,0.3392857142857143,1.0792173252279635,0.024904443382704256
27,7702,7,seed_vtrac_unique,2,25,73,0.3177257525083612,0.3424657534246575,1.0778658976207642,0.0247400009162963
27,0027,0,seed_even_count,1,28,71,0.36789297658862874,0.39436619718309857,1.0719590268886043,0.026473220594469826
27,0027,0,seed_sum_lastdigit,7,11,28,0.36789297658862874,0.39285714285714285,1.0678571428571428,0.02496416626851411
27,0027,0,seed_trail_band,4-6,42,107,0.36789297658862874,0.3925233644859813,1.0669498725573492,0.024630387897352557
27,7702,7,seed_high_count,1,26,77,0.3177257525083612,0.33766233766233766,1.062747778537252,0.01993658515397645
27,2207,2,seed_mirror_pairs_any,yes,43,129,0.31438127090301005,0.3333333333333333,1.0602836879432622,0.01895206243032327
28,8802,8,seed_sum_lastdigit,0,14,29,0.34983498349834985,0.4827586206896552,1.379960962914769,0.13292363719130534
28,2208,2,seed_sum_lastdigit,3,11,25,0.33993399339933994,0.44,1.294368932038835,0.10006600660066006
28,2208,2,seed_sum_band,0-9,11,26,0.33993399339933994,0.4230769230769231,1.2445855115758029,0.08314292967758313
28,8802,8,seed_lead_band,4-6,35,82,0.34983498349834985,0.4268292682926829,1.2200874367234238,0.07699428479433307
28,8802,8,seed_sum_lastdigit,2,11,26,0.34983498349834985,0.4230769230769231,1.2093613933236573,0.07324193957857322
28,0028,0,seed_consecutive_pairs,2,21,56,0.3102310231023102,0.375,1.208776595744681,0.06476897689768979
28,8802,8,seed_sum_lastdigit,1,12,29,0.34983498349834985,0.41379310344827586,1.1828236824983733,0.063958119949926
28,2208,2,seed_high_count,1,30,75,0.33993399339933994,0.4,1.1766990291262136,0.06006600660066008
28,2208,2,seed_vtrac_unique,2,30,75,0.33993399339933994,0.4,1.1766990291262136,0.06006600660066008
28,0028,0,seed_prime_count,0,12,33,0.3102310231023102,0.36363636363636365,1.1721470019342362,0.053405340534053436
28,0028,0,seed_trail_band,7-9,31,86,0.3102310231023102,0.36046511627906974,1.1619247897080653,0.05023409317675953
28,0028,0,seed_sum_lastdigit,3,9,25,0.3102310231023102,0.36,1.1604255319148937,0.049768976897689776
28,2208,2,seed_sum_lastdigit,5,11,28,0.33993399339933994,0.39285714285714285,1.1556865464632455,0.05292314945780291
28,2208,2,seed_vtrac_unique,4,23,59,0.33993399339933994,0.3898305084745763,1.1467829521145303,0.04989651507523635
28,0028,0,seed_sum_lastdigit,8,11,31,0.3102310231023102,0.3548387096774194,1.1437886067261498,0.04460768657510916
28,2208,2,seed_sum_lastdigit,9,17,44,0.33993399339933994,0.38636363636363635,1.1365842894969107,0.046429642964296414
28,0028,0,seed_lead_band,0-3,42,120,0.3102310231023102,0.35,1.1281914893617022,0.03976897689768977
28,8802,8,seed_prime_count,3,20,51,0.34983498349834985,0.39215686274509803,1.1209766925638178,0.042321879246748184
28,2208,2,seed_prime_count,1,41,108,0.33993399339933994,0.37962962962962965,1.116774541531823,0.03969563623028971
28,0028,0,seed_sum_band,0-9,9,26,0.3102310231023102,0.34615384615384615,1.1157937806873977,0.035922823051535935
28,0028,0,seed_sum_lastdigit,2,9,26,0.3102310231023102,0.34615384615384615,1.1157937806873977,0.035922823051535935
28,8802,8,seed_trail_band,4-6,37,95,0.34983498349834985,0.3894736842105263,1.1133068520357496,0.039638700712176456
28,0028,0,seed_sum_lastdigit,1,10,29,0.3102310231023102,0.3448275862068966,1.1115187087307412,0.034596563104586364
28,2208,2,seed_sum_mod3,0,38,101,0.33993399339933994,0.37623762376237624,1.1067961165048543,0.0363036303630363
28,0028,0,seed_sum_lastdigit,7,12,35,0.3102310231023102,0.34285714285714286,1.1051671732522796,0.03262611975483265
28,8802,8,seed_high_count,2,46,119,0.34983498349834985,0.3865546218487395,1.1049627398129063,0.03671963835038966
28,0028,0,seed_spread_band,0-3,14,41,0.3102310231023102,0.34146341463414637,1.1006746237675145,0.031232391531836157
28,0028,0,seed_sum_mod3,1,34,100,0.3102310231023102,0.34,1.0959574468085107,0.029768976897689814
28,2208,2,seed_even_count,3,29,78,0.33993399339933994,0.3717948717948718,1.0937266616878267,0.031860878395531866
28,8802,8,seed_high_count,3,26,68,0.34983498349834985,0.38235294117647056,1.0929522752497225,0.03251795767812071
28,2208,2,seed_sum_lastdigit,7,13,35,0.33993399339933994,0.37142857142857144,1.092649098474341,0.0314945780292315
28,0028,0,seed_high_count,3,23,68,0.3102310231023102,0.3382352941176471,1.0902690863579476,0.028004271015336868
28,8802,8,seed_sum_mod2,0,54,142,0.34983498349834985,0.38028169014084506,1.087031623704491,0.030446706642495214
28,0028,0,seed_prime_count,2,34,101,0.3102310231023102,0.33663366336633666,1.0851063829787235,0.026402640264026445
28,2208,2,seed_trail_band,0-3,45,122,0.33993399339933994,0.36885245901639346,1.0850708260385167,0.028918465617053524
28,8802,8,seed_vtrac_unique,3,64,169,0.34983498349834985,0.378698224852071,1.0825053031148821,0.028863241353721147
28,8802,8,seed_sum_band,18-26,54,143,0.34983498349834985,0.3776223776223776,1.0794300039583058,0.027787394124027753
28,8802,8,seed_consecutive_pairs,0,43,114,0.34983498349834985,0.37719298245614036,1.0782025819265144,0.027357998957790508
28,2208,2,seed_sum_mod2,1,59,161,0.33993399339933994,0.36645962732919257,1.0780317192305373,0.026525633929852632
28,0028,0,seed_sum_mod3,2,34,102,0.3102310231023102,0.3333333333333333,1.074468085106383,0.023102310231023104
29,0029,0,seed_prime_count,3,18,47,0.2598684210526316,0.3829787234042553,1.4737409103151091,0.12311030235162373
29,0029,0,seed_sum_lastdigit,1,11,29,0.2598684210526316,0.3793103448275862,1.4596246180707113,0.1194419237749546
29,2209,2,seed_sum_lastdigit,7,13,26,0.35526315789473684,0.5,1.4074074074074074,0.14473684210526316
29,9902,9,seed_vtrac_unique,2,40,74,0.3848684210526316,0.5405405405405406,1.4044814044814045,0.155672119487909
29,0029,0,seed_consecutive_pairs,2,21,59,0.2598684210526316,0.3559322033898305,1.3696631624114997,0.09606378233719892
29,2209,2,seed_repeat_digit,4,12,25,0.35526315789473684,0.48,1.3511111111111112,0.12473684210526315
29,2209,2,seed_even_count,3,36,77,0.35526315789473684,0.4675324675324675,1.316017316017316,0.11226930963773069
29,0029,0,seed_spread_band,0-3,15,44,0.2598684210526316,0.3409090909090909,1.3118527042577675,0.0810406698564593
29,0029,0,seed_even_count,1,22,66,0.2598684210526316,0.3333333333333333,1.2827004219409281,0.07346491228070173
29,0029,0,seed_sum_mod3,0,28,86,0.2598684210526316,0.32558139534883723,1.252870179570209,0.06571297429620565
29,2209,2,seed_sum_lastdigit,5,11,25,0.35526315789473684,0.44,1.2385185185185186,0.08473684210526317
29,0029,0,seed_sum_lastdigit,9,9,28,0.2598684210526316,0.32142857142857145,1.2368896925858952,0.06156015037593987
29,9902,9,seed_sum_lastdigit,8,13,28,0.3848684210526316,0.4642857142857143,1.2063492063492063,0.07941729323308272
29,9902,9,seed_sum_lastdigit,9,13,28,0.3848684210526316,0.4642857142857143,1.2063492063492063,0.07941729323308272
29,9902,9,seed_consecutive_pairs,0,52,117,0.3848684210526316,0.4444444444444444,1.154795821462488,0.05957602339181284
29,2209,2,seed_prime_count,1,38,93,0.35526315789473684,0.40860215053763443,1.1501393866985266,0.0533389926428976
29,2209,2,seed_structure,ABCD,57,141,0.35526315789473684,0.40425531914893614,1.1379038613081165,0.04899216125419931
29,2209,2,seed_unique_count,4,57,141,0.35526315789473684,0.40425531914893614,1.1379038613081165,0.04899216125419931
29,2209,2,seed_repeat_digit,none,57,141,0.35526315789473684,0.40425531914893614,1.1379038613081165,0.04899216125419931
29,0029,0,seed_mirror_pairs_any,no,50,170,0.2598684210526316,0.29411764705882354,1.131794489947878,0.03424922600619196
29,0029,0,seed_vtrac_unique,3,51,174,0.2598684210526316,0.29310344827586204,1.1278917503273678,0.03323502722323046
29,2209,2,seed_vtrac_unique,4,22,55,0.35526315789473684,0.4,1.125925925925926,0.044736842105263186
29,0029,0,seed_vtrac_unique,4,16,55,0.2598684210526316,0.2909090909090909,1.1194476409666283,0.031040669856459313
29,9902,9,seed_sum_lastdigit,2,15,35,0.3848684210526316,0.42857142857142855,1.1135531135531136,0.043703007518796966
29,9902,9,seed_sum_lastdigit,3,15,35,0.3848684210526316,0.42857142857142855,1.1135531135531136,0.043703007518796966
29,2209,2,seed_sum_band,10-17,50,127,0.35526315789473684,0.3937007874015748,1.1081948089822107,0.03843762950683799
29,0029,0,seed_trail_band,0-3,37,129,0.2598684210526316,0.2868217054263566,1.1037189677166128,0.026953284373725017
29,0029,0,seed_sum_lastdigit,2,10,35,0.2598684210526316,0.2857142857142857,1.0994575045207955,0.025845864661654117
29,9902,9,seed_structure,AABC,60,142,0.3848684210526316,0.4225352112676056,1.0978692668833514,0.037666790214974044
29,9902,9,seed_unique_count,3,60,142,0.3848684210526316,0.4225352112676056,1.0978692668833514,0.037666790214974044
29,9902,9,seed_trail_band,4-6,38,90,0.3848684210526316,0.4222222222222222,1.0970560303893637,0.03735380116959064
29,9902,9,seed_sum_mod3,1,43,102,0.3848684210526316,0.4215686274509804,1.0953578012401541,0.03670020639834881
29,0029,0,seed_high_count,1,27,95,0.2598684210526316,0.28421052631578947,1.0936708860759494,0.024342105263157887
29,2209,2,seed_lead_band,4-6,40,103,0.35526315789473684,0.3883495145631068,1.0931319669183748,0.033086356668369954
29,9902,9,seed_lead_band,0-3,50,119,0.3848684210526316,0.42016806722689076,1.0917187387775624,0.03529964617425918
29,0029,0,seed_consecutive_pairs,1,36,127,0.2598684210526316,0.28346456692913385,1.0908003588159074,0.023596145876502272
29,9902,9,seed_mirror_pairs_any,yes,56,134,0.3848684210526316,0.417910447761194,1.0858527873453245,0.03304202670856243
29,2209,2,seed_high_count,2,37,96,0.35526315789473684,0.3854166666666667,1.0848765432098766,0.03015350877192985
29,0029,0,seed_sum_lastdigit,5,7,25,0.2598684210526316,0.28,1.0774683544303798,0.020131578947368445
29,2209,2,seed_sum_lastdigit,0,13,34,0.35526315789473684,0.38235294117647056,1.0762527233115469,0.027089783281733726
34,3304,3,seed_sum_lastdigit,3,11,25,0.3063973063973064,0.44,1.4360439560439562,0.1336026936026936
34,3304,3,seed_prime_count,3,20,48,0.3063973063973064,0.4166666666666667,1.35989010989011,0.1102693602693603
34,3304,3,seed_vtrac_unique,2,33,80,0.3063973063973064,0.4125,1.3462912087912087,0.10610269360269359
34,0034,0,seed_consecutive_pairs,0,42,91,0.3501683501683502,0.46153846153846156,1.3180473372781065,0.11137011137011138
34,4403,4,seed_sum_lastdigit,9,16,36,0.3434343434343434,0.4444444444444444,1.2941176470588236,0.101010101010101
34,0034,0,seed_even_count,1,33,76,0.3501683501683502,0.4342105263157895,1.240005060728745,0.08404217614743931
34,3304,3,seed_spread_band,4-6,49,129,0.3063973063973064,0.3798449612403101,1.2397137745974955,0.0734476548430037
34,4403,4,seed_spread_band,7-9,54,129,0.3434343434343434,0.4186046511627907,1.2188782489740082,0.0751703077284473
34,4403,4,seed_sum_mod3,1,45,110,0.3434343434343434,0.4090909090909091,1.1911764705882355,0.06565656565656569
34,4403,4,seed_prime_count,1,36,88,0.3434343434343434,0.4090909090909091,1.1911764705882355,0.06565656565656569
34,0034,0,seed_structure,AABC,50,120,0.3501683501683502,0.4166666666666667,1.1899038461538463,0.0664983164983165
34,0034,0,seed_unique_count,3,50,120,0.3501683501683502,0.4166666666666667,1.1899038461538463,0.0664983164983165
34,3304,3,seed_consecutive_pairs,2,20,55,0.3063973063973064,0.36363636363636365,1.1868131868131868,0.057239057239057256
34,4403,4,seed_sum_lastdigit,8,11,27,0.3434343434343434,0.4074074074074074,1.1862745098039216,0.06397306397306396
34,4403,4,seed_sum_lastdigit,2,15,37,0.3434343434343434,0.40540540540540543,1.1804451510333864,0.061971061971062
34,0034,0,seed_prime_count,0,14,34,0.3501683501683502,0.4117647058823529,1.1759049773755654,0.06159635571400274
34,4403,4,seed_structure,ABCD,62,154,0.3434343434343434,0.4025974025974026,1.1722689075630253,0.059163059163059195
34,4403,4,seed_unique_count,4,62,154,0.3434343434343434,0.4025974025974026,1.1722689075630253,0.059163059163059195
34,4403,4,seed_repeat_digit,none,62,154,0.3434343434343434,0.4025974025974026,1.1722689075630253,0.059163059163059195
34,0034,0,seed_spread_band,0-3,16,39,0.3501683501683502,0.41025641025641024,1.1715976331360947,0.06008806008806006
34,3304,3,seed_consecutive_pairs,1,52,145,0.3063973063973064,0.3586206896551724,1.1704433497536946,0.05222338325786602
34,3304,3,seed_trail_band,4-6,30,84,0.3063973063973064,0.35714285714285715,1.165620094191523,0.05074555074555076
34,0034,0,seed_sum_lastdigit,8,11,27,0.3501683501683502,0.4074074074074074,1.1634615384615383,0.0572390572390572
34,0034,0,seed_sum_mod3,2,37,93,0.3501683501683502,0.3978494623655914,1.136166253101737,0.04768111219724119
34,0034,0,seed_trail_band,7-9,35,88,0.3501683501683502,0.3977272727272727,1.1358173076923075,0.04755892255892252
34,4403,4,seed_vtrac_unique,4,29,75,0.3434343434343434,0.38666666666666666,1.1258823529411766,0.04323232323232323
34,3304,3,seed_sum_mod3,2,32,93,0.3063973063973064,0.34408602150537637,1.1230060262318329,0.03768871510806998
34,3304,3,seed_lead_band,0-3,44,128,0.3063973063973064,0.34375,1.1219093406593408,0.03735269360269361
34,3304,3,seed_sum_lastdigit,4,12,35,0.3063973063973064,0.34285714285714286,1.1189952904238618,0.03645983645983647
34,0034,0,seed_mirror_pairs_any,no,67,171,0.3501683501683502,0.391812865497076,1.1189271255060727,0.04164451532872582
34,4403,4,seed_even_count,2,46,120,0.3434343434343434,0.38333333333333336,1.1161764705882353,0.039898989898989934
34,3304,3,seed_mirror_pairs_any,yes,43,126,0.3063973063973064,0.3412698412698413,1.1138147566718997,0.03487253487253489
34,4403,4,seed_consecutive_pairs,2,21,55,0.3434343434343434,0.38181818181818183,1.111764705882353,0.03838383838383841
34,0034,0,seed_sum_lastdigit,6,12,31,0.3501683501683502,0.3870967741935484,1.1054590570719602,0.03692842402519819
34,3304,3,seed_even_count,3,24,71,0.3063973063973064,0.3380281690140845,1.1032347933756383,0.03163086261677811
34,3304,3,seed_even_count,2,40,120,0.3063973063973064,0.3333333333333333,1.0879120879120878,0.026936026936026924
34,3304,3,seed_high_count,1,27,81,0.3063973063973064,0.3333333333333333,1.0879120879120878,0.026936026936026924
34,4403,4,seed_vtrac_unique,3,53,142,0.3434343434343434,0.3732394366197183,1.0867854183927093,0.029805093185374887
34,4403,4,seed_sum_lastdigit,4,13,35,0.3434343434343434,0.37142857142857144,1.081512605042017,0.027994227994228016
34,0034,0,seed_lead_band,7-9,28,74,0.3501683501683502,0.3783783783783784,1.0805613305613306,0.028210028210028215
35,0035,0,seed_spread_band,0-3,13,26,0.3088235294117647,0.5,1.619047619047619,0.19117647058823528
35,3305,3,seed_sum_lastdigit,9,15,33,0.33455882352941174,0.45454545454545453,1.3586413586413586,0.11998663101604279
35,5503,5,seed_lead_band,7-9,34,73,0.35661764705882354,0.4657534246575342,1.3060302217200959,0.10913577759871068
35,5503,5,seed_sum_lastdigit,1,13,29,0.35661764705882354,0.4482758620689655,1.2570209740490579,0.09165821501014199
35,5503,5,seed_prime_count,0,19,43,0.35661764705882354,0.4418604651162791,1.2390314073363702,0.08524281805745554
35,0035,0,seed_sum_lastdigit,6,13,34,0.3088235294117647,0.38235294117647056,1.238095238095238,0.07352941176470584
35,5503,5,seed_vtrac_unique,4,21,48,0.35661764705882354,0.4375,1.22680412371134,0.08088235294117646
35,0035,0,seed_sum_mod3,0,31,83,0.3088235294117647,0.37349397590361444,1.2094090648307514,0.06467044649184972
35,0035,0,seed_lead_band,0-3,43,116,0.3088235294117647,0.3706896551724138,1.200328407224959,0.06186612576064909
35,5503,5,seed_sum_lastdigit,3,11,26,0.35661764705882354,0.4230769230769231,1.1863600317208565,0.06645927601809953
35,5503,5,seed_sum_lastdigit,8,11,26,0.35661764705882354,0.4230769230769231,1.1863600317208565,0.06645927601809953
35,5503,5,seed_high_count,3,27,64,0.35661764705882354,0.421875,1.1829896907216495,0.06525735294117646
35,0035,0,seed_high_count,1,25,69,0.3088235294117647,0.36231884057971014,1.173222912353347,0.053495311167945425
35,0035,0,seed_sum_lastdigit,0,10,28,0.3088235294117647,0.35714285714285715,1.1564625850340136,0.04831932773109243
35,3305,3,seed_sum_lastdigit,2,10,26,0.33455882352941174,0.38461538461538464,1.1496196111580728,0.050056561085972895
35,3305,3,seed_spread_band,0-3,10,26,0.33455882352941174,0.38461538461538464,1.1496196111580728,0.050056561085972895
35,5503,5,seed_consecutive_pairs,0,38,93,0.35661764705882354,0.40860215053763443,1.145770978827181,0.051984503478810895
35,0035,0,seed_consecutive_pairs,2,18,51,0.3088235294117647,0.35294117647058826,1.1428571428571428,0.04411764705882354
35,3305,3,seed_high_count,2,45,118,0.33455882352941174,0.3813559322033898,1.1398770720804619,0.04679710867397807
35,0035,0,seed_mirror_pairs_any,no,46,131,0.3088235294117647,0.3511450381679389,1.1370410759723735,0.042321508756174187
35,3305,3,seed_sum_mod3,1,34,90,0.33455882352941174,0.37777777777777777,1.1291819291819292,0.043218954248366026
35,3305,3,seed_prime_count,2,33,88,0.33455882352941174,0.375,1.120879120879121,0.04044117647058826
35,5503,5,seed_spread_band,7-9,51,128,0.35661764705882354,0.3984375,1.1172680412371134,0.04181985294117646
35,0035,0,seed_sum_lastdigit,5,10,29,0.3088235294117647,0.3448275862068966,1.116584564860427,0.036004056795131856
35,5503,5,seed_even_count,3,25,63,0.35661764705882354,0.3968253968253968,1.1127475045000816,0.040207749766573264
35,0035,0,seed_sum_mod2,0,45,133,0.3088235294117647,0.3383458646616541,1.095596133190118,0.029522335249889398
35,0035,0,seed_even_count,2,34,101,0.3088235294117647,0.33663366336633666,1.09005186232909,0.027810133954571936
35,3305,3,seed_sum_mod3,2,36,99,0.33455882352941174,0.36363636363636365,1.086913086913087,0.029077540106951905
35,3305,3,seed_prime_count,3,16,44,0.33455882352941174,0.36363636363636365,1.086913086913087,0.029077540106951905
35,5503,5,seed_prime_count,1,34,88,0.35661764705882354,0.38636363636363635,1.0834114339268979,0.029745989304812814
35,3305,3,seed_mirror_pairs_any,yes,51,141,0.33455882352941174,0.3617021276595745,1.0811316343231239,0.02714330413016275
35,0035,0,seed_vtrac_unique,3,55,165,0.3088235294117647,0.3333333333333333,1.0793650793650793,0.024509803921568596
35,5503,5,seed_trail_band,0-3,43,112,0.35661764705882354,0.38392857142857145,1.076583210603829,0.027310924369747913
35,3305,3,seed_sum_lastdigit,0,10,28,0.33455882352941174,0.35714285714285715,1.067503924646782,0.02258403361344541
35,3305,3,seed_trail_band,4-6,25,70,0.33455882352941174,0.35714285714285715,1.067503924646782,0.02258403361344541
35,3305,3,seed_even_count,2,36,101,0.33455882352941174,0.3564356435643564,1.0653900554890654,0.021876820034944677
35,5503,5,seed_sum_lastdigit,5,11,29,0.35661764705882354,0.3793103448275862,1.0636331318876644,0.02269269776876265
35,3305,3,seed_sum_band,18-26,48,135,0.33455882352941174,0.35555555555555557,1.062759462759463,0.020996732026143827
35,3305,3,seed_trail_band,7-9,32,90,0.33455882352941174,0.35555555555555557,1.062759462759463,0.020996732026143827
35,0035,0,seed_consecutive_pairs,1,41,125,0.3088235294117647,0.328,1.0620952380952382,0.019176470588235295
36,3306,3,seed_sum_lastdigit,2,14,30,0.3210332103321033,0.4666666666666667,1.4536398467432952,0.14563345633456337
36,3306,3,seed_prime_count,3,14,32,0.3210332103321033,0.4375,1.3627873563218391,0.1164667896678967
36,6603,6,seed_even_count,3,31,62,0.3726937269372694,0.5,1.3415841584158417,0.12730627306273062
36,0036,0,seed_even_count,2,44,109,0.3062730627306273,0.4036697247706422,1.3180059688294463,0.0973966620400149
36,6603,6,seed_prime_count,0,19,39,0.3726937269372694,0.48717948717948717,1.307184564610307,0.1144857602422178
36,0036,0,seed_sum_mod2,0,50,127,0.3062730627306273,0.3937007874015748,1.2854567877810454,0.0874277246709475
36,6603,6,seed_sum_lastdigit,3,19,40,0.3726937269372694,0.475,1.2745049504950494,0.1023062730627306
36,0036,0,seed_prime_count,2,40,107,0.3062730627306273,0.37383177570093457,1.2205832676500392,0.06755871297030724
36,6603,6,seed_sum_lastdigit,0,13,29,0.3726937269372694,0.4482758620689655,1.202799590303858,0.07558213513169615
36,0036,0,seed_consecutive_pairs,2,18,49,0.3062730627306273,0.3673469387755102,1.199409884435702,0.0610738760448829
36,6603,6,seed_sum_lastdigit,5,12,27,0.3726937269372694,0.4444444444444444,1.1925192519251924,0.07175071750717504
36,6603,6,seed_sum_mod2,1,63,144,0.3726937269372694,0.4375,1.1738861386138615,0.06480627306273062
36,6603,6,seed_lead_band,7-9,34,78,0.3726937269372694,0.4358974358974359,1.1695861893881696,0.06320370896016653
36,3306,3,seed_spread_band,0-3,15,40,0.3210332103321033,0.375,1.168103448275862,0.0539667896678967
36,3306,3,seed_sum_band,10-17,40,107,0.3210332103321033,0.37383177570093457,1.1644644967236009,0.05279856536883126
36,3306,3,seed_high_count,1,22,59,0.3210332103321033,0.3728813559322034,1.1615039937658291,0.05184814560010009
36,6603,6,seed_sum_band,18-26,53,123,0.3726937269372694,0.43089430894308944,1.1561619576591806,0.05820058200582007
36,3306,3,seed_sum_lastdigit,5,10,27,0.3210332103321033,0.37037037037037035,1.153682418050234,0.04933716003826705
36,6603,6,seed_spread_band,7-9,46,107,0.3726937269372694,0.42990654205607476,1.1535116128435272,0.05721281511880538
36,6603,6,seed_high_count,2,45,105,0.3726937269372694,0.42857142857142855,1.1499292786421498,0.05587770163415917
36,3306,3,seed_trail_band,0-3,39,106,0.3210332103321033,0.36792452830188677,1.1460637605725439,0.046891317969783464
36,3306,3,seed_consecutive_pairs,2,18,49,0.3210332103321033,0.3673469387755102,1.1442646023926812,0.04631372844340692
36,0036,0,seed_spread_band,0-3,14,40,0.3062730627306273,0.35,1.1427710843373493,0.04372693726937266
36,3306,3,seed_lead_band,0-3,41,112,0.3210332103321033,0.36607142857142855,1.140291461412151,0.045038218239325245
36,3306,3,seed_even_count,1,30,82,0.3210332103321033,0.36585365853658536,1.1396131202691338,0.044820448204482055
36,6603,6,seed_consecutive_pairs,0,31,73,0.3726937269372694,0.4246575342465753,1.1394276413942763,0.05196380730930594
36,3306,3,seed_structure,AABC,41,113,0.3210332103321033,0.36283185840707965,1.1302003865323975,0.04179864807497635
36,3306,3,seed_unique_count,3,41,113,0.3210332103321033,0.36283185840707965,1.1302003865323975,0.04179864807497635
36,0036,0,seed_sum_lastdigit,0,10,29,0.3062730627306273,0.3448275862068966,1.1258828417116744,0.03855452347626925
36,6603,6,seed_vtrac_unique,4,19,46,0.3726937269372694,0.41304347826086957,1.1082651743435212,0.04034975132360019
36,3306,3,seed_sum_lastdigit,9,11,31,0.3210332103321033,0.3548387096774194,1.1053021876158695,0.03380549934531607
36,6603,6,seed_vtrac_unique,2,23,56,0.3726937269372694,0.4107142857142857,1.102015558698727,0.03802055877701632
36,0036,0,seed_structure,ABCD,47,140,0.3062730627306273,0.3357142857142857,1.096127366609294,0.029441222983658366
36,0036,0,seed_unique_count,4,47,140,0.3062730627306273,0.3357142857142857,1.096127366609294,0.029441222983658366
36,0036,0,seed_repeat_digit,none,47,140,0.3062730627306273,0.3357142857142857,1.096127366609294,0.029441222983658366
36,0036,0,seed_spread_band,4-6,41,124,0.3062730627306273,0.33064516129032256,1.0795763699961134,0.024372098559695243
36,0036,0,seed_trail_band,4-6,32,97,0.3062730627306273,0.32989690721649484,1.0771332753695193,0.023623844485867518
36,6603,6,seed_sum_mod3,2,37,93,0.3726937269372694,0.3978494623655914,1.0674970722878738,0.025155735428322
36,6603,6,seed_trail_band,7-9,27,68,0.3726937269372694,0.39705882352941174,1.06537565521258,0.024365096592142366
36,0036,0,seed_vtrac_unique,4,15,46,0.3062730627306273,0.32608695652173914,1.0646935568360398,0.019813893791111814
37,0037,0,seed_sum_lastdigit,5,15,30,0.30739299610894943,0.5,1.6265822784810127,0.19260700389105057
37,0037,0,seed_even_count,1,29,64,0.30739299610894943,0.453125,1.4740901898734176,0.14573200389105057
37,0037,0,seed_sum_lastdigit,1,11,25,0.30739299610894943,0.44,1.4313924050632911,0.13260700389105057
37,7703,7,seed_sum_lastdigit,4,11,25,0.3229571984435798,0.44,1.3624096385542168,0.11704280155642022
37,0037,0,seed_prime_count,2,35,85,0.30739299610894943,0.4117647058823529,1.3395383469843631,0.10437170977340349
37,0037,0,seed_spread_band,0-3,18,44,0.30739299610894943,0.4090909090909091,1.3308400460299195,0.10169791298195968
37,3307,3,seed_sum_lastdigit,8,14,29,0.36964980544747084,0.4827586206896552,1.3059891107078039,0.11310881524218436
37,0037,0,seed_sum_mod2,1,52,132,0.30739299610894943,0.3939393939393939,1.2815496739547372,0.08654639783044449
37,0037,0,seed_vtrac_unique,4,21,54,0.30739299610894943,0.3888888888888889,1.2651195499296766,0.08149589277993946
37,0037,0,seed_sum_lastdigit,3,10,26,0.30739299610894943,0.38461538461538464,1.2512171372930867,0.0772223885064352
37,0037,0,seed_trail_band,7-9,32,84,0.30739299610894943,0.38095238095238093,1.2393007836045808,0.0735593848434315
37,3307,3,seed_spread_band,4-6,45,99,0.36964980544747084,0.45454545454545453,1.2296650717703348,0.0848956490979837
37,3307,3,seed_even_count,2,41,92,0.36964980544747084,0.44565217391304346,1.2056064073226544,0.07600236846557262
37,3307,3,seed_prime_count,0,16,36,0.36964980544747084,0.4444444444444444,1.2023391812865496,0.07479463899697358
37,0037,0,seed_sum_mod3,2,31,84,0.30739299610894943,0.36904761904761907,1.2005726341169378,0.061654622938669634
37,7703,7,seed_spread_band,7-9,44,114,0.3229571984435798,0.38596491228070173,1.1950961741703656,0.06300771383712195
37,7703,7,seed_sum_lastdigit,3,10,26,0.3229571984435798,0.38461538461538464,1.190917516218721,0.06165818617180485
37,3307,3,seed_sum_mod2,0,55,125,0.36964980544747084,0.44,1.1903157894736842,0.07035019455252917
37,0037,0,seed_consecutive_pairs,2,18,50,0.30739299610894943,0.36,1.171139240506329,0.05260700389105055
37,7703,7,seed_high_count,2,34,90,0.3229571984435798,0.37777777777777777,1.1697456492637215,0.05482057933419798
37,7703,7,seed_sum_band,10-17,37,98,0.3229571984435798,0.37755102040816324,1.169043521022867,0.054593821964583455
37,7703,7,seed_consecutive_pairs,0,34,91,0.3229571984435798,0.37362637362637363,1.1568913014696147,0.050669175182793846
37,0037,0,seed_high_count,3,24,68,0.30739299610894943,0.35294117647058826,1.1481757259865972,0.045548180361638824
37,3307,3,seed_unique_count,2,11,26,0.36964980544747084,0.4230769230769231,1.1445344129554655,0.053427117629452237
37,3307,3,seed_consecutive_pairs,1,46,109,0.36964980544747084,0.42201834862385323,1.1416706904876872,0.0523685431763824
37,7703,7,seed_prime_count,3,14,38,0.3229571984435798,0.3684210526315789,1.1407736207989854,0.04546385418799914
37,7703,7,seed_trail_band,0-3,35,95,0.3229571984435798,0.3684210526315789,1.1407736207989854,0.04546385418799914
37,7703,7,seed_even_count,3,25,68,0.3229571984435798,0.36764705882352944,1.1383770375620128,0.04468986037994965
37,7703,7,seed_sum_lastdigit,5,11,30,0.3229571984435798,0.36666666666666664,1.1353413654618472,0.043709468223086856
37,7703,7,seed_high_count,1,22,60,0.3229571984435798,0.36666666666666664,1.1353413654618472,0.043709468223086856
37,3307,3,seed_sum_mod3,1,36,86,0.36964980544747084,0.4186046511627907,1.132435740514076,0.048954845715319883
37,7703,7,seed_prime_count,0,13,36,0.3229571984435798,0.3611111111111111,1.1181392235609102,0.03815391266753132
37,3307,3,seed_high_count,3,28,68,0.36964980544747084,0.4117647058823529,1.1139318885448914,0.042114900434882085
37,0037,0,seed_mirror_pairs_any,no,47,138,0.30739299610894943,0.34057971014492755,1.1079618418638781,0.033186714035978115
37,7703,7,seed_structure,ABCD,48,135,0.3229571984435798,0.35555555555555557,1.1009370816599733,0.032598357111975784
37,7703,7,seed_unique_count,4,48,135,0.3229571984435798,0.35555555555555557,1.1009370816599733,0.032598357111975784
37,7703,7,seed_repeat_digit,none,48,135,0.3229571984435798,0.35555555555555557,1.1009370816599733,0.032598357111975784
37,0037,0,seed_even_count,3,23,68,0.30739299610894943,0.3382352941176471,1.1003350707371555,0.030842298008697644
37,3307,3,seed_sum_band,18-26,50,123,0.36964980544747084,0.4065040650406504,1.0997004706889173,0.03685425959317956
37,0037,0,seed_lead_band,0-3,36,107,0.30739299610894943,0.3364485981308411,1.094522654678812,0.02905560202189167
38,8803,8,seed_sum_lastdigit,7,14,28,0.3230769230769231,0.5,1.5476190476190474,0.1769230769230769
38,3308,3,seed_unique_count,2,13,26,0.3507692307692308,0.5,1.425438596491228,0.14923076923076922
38,3308,3,seed_sum_lastdigit,0,14,28,0.3507692307692308,0.5,1.425438596491228,0.14923076923076922
38,0038,0,seed_sum_mod3,2,46,111,0.3261538461538461,0.4144144144144144,1.2706102328743838,0.08826056826056827
38,8803,8,seed_sum_mod3,0,45,110,0.3230769230769231,0.4090909090909091,1.2662337662337662,0.08601398601398602
38,0038,0,seed_sum_lastdigit,2,13,32,0.3261538461538461,0.40625,1.2455778301886793,0.08009615384615387
38,3308,3,seed_prime_count,3,26,60,0.3507692307692308,0.43333333333333335,1.2353801169590644,0.08256410256410257
38,3308,3,seed_sum_lastdigit,9,16,37,0.3507692307692308,0.43243243243243246,1.2328117591275487,0.08166320166320168
38,3308,3,seed_sum_mod3,1,44,104,0.3507692307692308,0.4230769230769231,1.2061403508771928,0.0723076923076923
38,8803,8,seed_even_count,3,33,85,0.3230769230769231,0.38823529411764707,1.2016806722689075,0.06515837104072397
38,8803,8,seed_vtrac_unique,4,26,67,0.3230769230769231,0.3880597014925373,1.201137171286425,0.06498277841561423
38,0038,0,seed_spread_band,7-9,50,128,0.3261538461538461,0.390625,1.1976709905660379,0.06447115384615387
38,8803,8,seed_prime_count,0,15,39,0.3230769230769231,0.38461538461538464,1.1904761904761905,0.06153846153846154
38,8803,8,seed_sum_lastdigit,6,14,37,0.3230769230769231,0.3783783783783784,1.1711711711711712,0.055301455301455305
38,8803,8,seed_sum_lastdigit,1,17,45,0.3230769230769231,0.37777777777777777,1.1693121693121693,0.05470085470085467
38,3308,3,seed_sum_lastdigit,2,13,32,0.3507692307692308,0.40625,1.1581688596491229,0.05548076923076922
38,8803,8,seed_vtrac_unique,2,25,67,0.3230769230769231,0.373134328358209,1.1549395877754087,0.05005740528128588
38,3308,3,seed_consecutive_pairs,0,42,104,0.3507692307692308,0.40384615384615385,1.1513157894736843,0.05307692307692308
38,0038,0,seed_sum_lastdigit,3,12,32,0.3261538461538461,0.375,1.1497641509433962,0.04884615384615387
38,3308,3,seed_vtrac_unique,2,27,67,0.3507692307692308,0.40298507462686567,1.1488609583660643,0.05221584385763489
38,8803,8,seed_sum_lastdigit,5,12,33,0.3230769230769231,0.36363636363636365,1.1255411255411256,0.04055944055944055
38,0038,0,seed_even_count,1,33,90,0.3261538461538461,0.36666666666666664,1.1242138364779874,0.04051282051282051
38,3308,3,seed_sum_mod2,0,59,150,0.3507692307692308,0.3933333333333333,1.121345029239766,0.042564102564102535
38,0038,0,seed_prime_count,2,39,107,0.3261538461538461,0.3644859813084112,1.1175277728795627,0.03833213515456507
38,3308,3,seed_even_count,2,45,115,0.3507692307692308,0.391304347826087,1.1155606407322656,0.040535117056856196
38,0038,0,seed_vtrac_unique,3,67,186,0.3261538461538461,0.3602150537634409,1.1044329478596064,0.034061207609594746
38,3308,3,seed_high_count,2,48,124,0.3507692307692308,0.3870967741935484,1.1035653650254669,0.0363275434243176
38,0038,0,seed_sum_band,18-26,59,164,0.3261538461538461,0.3597560975609756,1.103025770823746,0.03360225140712947
38,8803,8,seed_lead_band,4-6,38,107,0.3230769230769231,0.35514018691588783,1.0992434356920338,0.03206326383896474
38,3308,3,seed_prime_count,0,15,39,0.3507692307692308,0.38461538461538464,1.0964912280701755,0.03384615384615386
38,8803,8,seed_trail_band,7-9,34,96,0.3230769230769231,0.3541666666666667,1.0962301587301588,0.03108974358974359
38,0038,0,seed_sum_lastdigit,7,10,28,0.3261538461538461,0.35714285714285715,1.0950134770889488,0.030989010989011023
38,8803,8,seed_spread_band,4-6,55,156,0.3230769230769231,0.3525641025641026,1.0912698412698414,0.029487179487179493
38,8803,8,seed_high_count,3,28,80,0.3230769230769231,0.35,1.0833333333333333,0.026923076923076883
38,8803,8,seed_sum_mod2,1,61,175,0.3230769230769231,0.3485714285714286,1.0789115646258503,0.025494505494505493
38,0038,0,seed_sum_lastdigit,9,13,37,0.3261538461538461,0.35135135135135137,1.077256501784804,0.025197505197505243
38,0038,0,seed_lead_band,7-9,33,94,0.3261538461538461,0.35106382978723405,1.0763749498193498,0.024909983633387922
38,0038,0,seed_prime_count,1,40,114,0.3261538461538461,0.3508771929824561,1.0758027143330025,0.024723346828609993
38,0038,0,seed_high_count,1,27,77,0.3261538461538461,0.35064935064935066,1.0751041411418771,0.024495504495504528
38,8803,8,seed_unique_count,2,9,26,0.3230769230769231,0.34615384615384615,1.0714285714285714,0.02307692307692305
39,9903,9,seed_sum_lastdigit,8,11,25,0.30716723549488056,0.44,1.4324444444444444,0.13283276450511944
39,0039,0,seed_lead_band,0-3,47,111,0.30716723549488056,0.42342342342342343,1.3784784784784785,0.11625618792854286
39,0039,0,seed_sum_lastdigit,4,12,29,0.30716723549488056,0.41379310344827586,1.3471264367816091,0.10662586795339529
39,9903,9,seed_prime_count,0,14,36,0.30716723549488056,0.3888888888888889,1.2660493827160493,0.08172165339400833
39,3309,3,seed_prime_count,3,19,39,0.3856655290102389,0.48717948717948717,1.2632176083503517,0.10151395816924824
39,9903,9,seed_lead_band,4-6,34,89,0.30716723549488056,0.38202247191011235,1.2436953807740323,0.07485523641523179
39,9903,9,seed_sum_mod3,2,40,106,0.30716723549488056,0.37735849056603776,1.228511530398323,0.0701912550711572
39,0039,0,seed_spread_band,0-3,12,32,0.30716723549488056,0.375,1.2208333333333332,0.06783276450511944
39,9903,9,seed_sum_lastdigit,3,13,35,0.30716723549488056,0.37142857142857144,1.2092063492063492,0.06426133593369088
39,9903,9,seed_vtrac_unique,4,16,45,0.30716723549488056,0.35555555555555557,1.1575308641975308,0.048388320060675005
39,9903,9,seed_lead_band,7-9,33,93,0.30716723549488056,0.3548387096774194,1.1551971326164874,0.04767147418253881
39,0039,0,seed_sum_band,10-17,42,119,0.30716723549488056,0.35294117647058826,1.1490196078431372,0.045773940975707694
39,0039,0,seed_sum_mod3,1,35,100,0.30716723549488056,0.35,1.1394444444444443,0.042832764505119414
39,9903,9,seed_sum_band,18-26,46,132,0.30716723549488056,0.3484848484848485,1.1345117845117845,0.041317612989967945
39,3309,3,seed_sum_lastdigit,1,14,32,0.3856655290102389,0.4375,1.1344026548672566,0.05183447098976107
39,3309,3,seed_sum_lastdigit,7,14,32,0.3856655290102389,0.4375,1.1344026548672566,0.05183447098976107
39,3309,3,seed_trail_band,7-9,34,78,0.3856655290102389,0.4358974358974359,1.1302473337871568,0.050231906887196975
39,3309,3,seed_high_count,3,33,76,0.3856655290102389,0.4342105263157895,1.125873311597578,0.048544997305550563
39,3309,3,seed_sum_lastdigit,9,13,30,0.3856655290102389,0.43333333333333335,1.123598820058997,0.04766780432309442
39,0039,0,seed_sum_lastdigit,1,11,32,0.30716723549488056,0.34375,1.1190972222222222,0.036582764505119436
39,9903,9,seed_even_count,2,34,99,0.30716723549488056,0.3434343434343434,1.1180695847362514,0.03626710793946286
39,3309,3,seed_even_count,1,34,79,0.3856655290102389,0.43037974683544306,1.11594040551137,0.04471421782520413
39,9903,9,seed_high_count,3,26,76,0.30716723549488056,0.34210526315789475,1.1137426900584795,0.03493802766301418
39,3309,3,seed_sum_lastdigit,5,15,35,0.3856655290102389,0.42857142857142855,1.1112515802781289,0.04290589956118962
39,0039,0,seed_prime_count,2,33,97,0.30716723549488056,0.3402061855670103,1.1075601374570447,0.03303895007212976
39,0039,0,seed_high_count,1,25,74,0.30716723549488056,0.33783783783783783,1.0998498498498497,0.030670602342957265
39,9903,9,seed_sum_mod2,0,43,129,0.30716723549488056,0.3333333333333333,1.085185185185185,0.02616609783845275
39,9903,9,seed_sum_lastdigit,0,9,27,0.30716723549488056,0.3333333333333333,1.085185185185185,0.02616609783845275
39,9903,9,seed_consecutive_pairs,1,47,141,0.30716723549488056,0.3333333333333333,1.085185185185185,0.02616609783845275
39,3309,3,seed_consecutive_pairs,0,41,98,0.3856655290102389,0.41836734693877553,1.084793209319126,0.0327018179285366
39,3309,3,seed_prime_count,0,15,36,0.3856655290102389,0.4166666666666667,1.0803834808259587,0.031001137656427757
39,9903,9,seed_structure,ABCD,47,142,0.30716723549488056,0.33098591549295775,1.0775430359937401,0.023818679998077186
39,9903,9,seed_unique_count,4,47,142,0.30716723549488056,0.33098591549295775,1.0775430359937401,0.023818679998077186
39,9903,9,seed_repeat_digit,none,47,142,0.30716723549488056,0.33098591549295775,1.0775430359937401,0.023818679998077186
39,9903,9,seed_trail_band,0-3,41,124,0.30716723549488056,0.33064516129032256,1.0764336917562722,0.023477925795442
39,0039,0,seed_prime_count,1,37,112,0.30716723549488056,0.33035714285714285,1.0754960317460316,0.023189907362262285
39,3309,3,seed_sum_mod2,1,68,164,0.3856655290102389,0.4146341463414634,1.0751133175048564,0.028968617331224467
39,3309,3,seed_sum_mod3,0,36,87,0.3856655290102389,0.41379310344827586,1.0729325602685382,0.02812757443803693
39,3309,3,seed_vtrac_unique,2,33,80,0.3856655290102389,0.4125,1.069579646017699,0.02683447098976105
39,0039,0,seed_vtrac_unique,3,54,165,0.30716723549488056,0.32727272727272727,1.0654545454545454,0.020105491777846707
45,0045,0,seed_sum_lastdigit,9,15,28,0.3221476510067114,0.5357142857142857,1.6629464285714286,0.2135666347075743
45,5504,5,seed_sum_lastdigit,2,18,36,0.35906040268456374,0.5,1.3925233644859814,0.14093959731543626
45,5504,5,seed_sum_lastdigit,7,15,31,0.35906040268456374,0.4838709677419355,1.3476032559541755,0.12481056505737176
45,0045,0,seed_vtrac_unique,2,26,60,0.3221476510067114,0.43333333333333335,1.345138888888889,0.11118568232662196
45,5504,5,seed_even_count,4,12,25,0.35906040268456374,0.48,1.336822429906542,0.12093959731543624
45,0045,0,seed_even_count,1,24,56,0.3221476510067114,0.42857142857142855,1.3303571428571428,0.10642377756471716
45,0045,0,seed_prime_count,3,20,48,0.3221476510067114,0.4166666666666667,1.293402777777778,0.0945190156599553
45,5504,5,seed_sum_lastdigit,4,13,29,0.35906040268456374,0.4482758620689655,1.2484692233322592,0.08921545938440179
45,5504,5,seed_vtrac_unique,4,29,65,0.35906040268456374,0.4461538461538462,1.2425593098490295,0.08709344346928244
45,5504,5,seed_trail_band,4-6,41,92,0.35906040268456374,0.44565217391304346,1.241162129215766,0.08659177122847972
45,0045,0,seed_sum_lastdigit,0,13,33,0.3221476510067114,0.3939393939393939,1.2228535353535355,0.07179174293268253
45,5504,5,seed_sum_lastdigit,6,14,32,0.35906040268456374,0.4375,1.2184579439252337,0.07843959731543626
45,0045,0,seed_spread_band,0-3,16,41,0.3221476510067114,0.3902439024390244,1.2113821138211383,0.06809625143231302
45,5504,5,seed_lead_band,7-9,39,91,0.35906040268456374,0.42857142857142855,1.1935914552736984,0.06951102588686481
45,0045,0,seed_high_count,2,45,119,0.3221476510067114,0.37815126050420167,1.173844537815126,0.05600360949749028
45,5504,5,seed_prime_count,1,40,95,0.35906040268456374,0.42105263157894735,1.1726512543039842,0.061992228894383605
45,4405,4,seed_even_count,3,25,67,0.3187919463087248,0.373134328358209,1.1704634721131189,0.05434238204948416
45,0045,0,seed_sum_mod2,1,46,123,0.3221476510067114,0.37398373983739835,1.1609078590785908,0.051836088830686966
45,0045,0,seed_mirror_pairs_any,yes,48,129,0.3221476510067114,0.37209302325581395,1.1550387596899225,0.04994537224910256
45,5504,5,seed_sum_mod3,2,36,87,0.35906040268456374,0.41379310344827586,1.1524331292297776,0.05473270076371212
45,5504,5,seed_high_count,3,31,75,0.35906040268456374,0.41333333333333333,1.151152647975078,0.05427293064876959
45,0045,0,seed_trail_band,0-3,40,108,0.3221476510067114,0.37037037037037035,1.1496913580246915,0.04822271936365896
45,5504,5,seed_consecutive_pairs,2,24,59,0.35906040268456374,0.4067796610169492,1.1329003643275781,0.04771925833238544
45,4405,4,seed_consecutive_pairs,0,35,97,0.3187919463087248,0.36082474226804123,1.1318502441671188,0.042032795959316416
45,5504,5,seed_high_count,1,28,69,0.35906040268456374,0.4057971014492754,1.130163890017608,0.04673669876471165
45,5504,5,seed_sum_mod2,0,71,175,0.35906040268456374,0.4057142857142857,1.1299332443257677,0.046653883029721954
45,4405,4,seed_sum_mod3,1,36,100,0.3187919463087248,0.36,1.1292631578947367,0.04120805369127517
45,5504,5,seed_spread_band,4-6,53,131,0.35906040268456374,0.40458015267175573,1.1267746308054507,0.04551974998719199
45,5504,5,seed_even_count,2,52,129,0.35906040268456374,0.40310077519379844,1.1226544953995508,0.044040372509234704
45,5504,5,seed_mirror_pairs_any,no,68,169,0.35906040268456374,0.40236686390532544,1.1206105181662336,0.043306461220761705
45,4405,4,seed_vtrac_unique,3,61,171,0.3187919463087248,0.3567251461988304,1.118990458602647,0.03793319989010557
45,4405,4,seed_lead_band,4-6,31,87,0.3187919463087248,0.3563218390804598,1.1177253478523896,0.03752989277173496
45,4405,4,seed_sum_lastdigit,8,16,45,0.3187919463087248,0.35555555555555557,1.1153216374269006,0.03676360924683075
45,0045,0,seed_lead_band,0-3,43,120,0.3221476510067114,0.35833333333333334,1.112326388888889,0.03618568232662195
45,4405,4,seed_sum_band,18-26,55,156,0.3187919463087248,0.3525641025641026,1.1059379217273955,0.03377215625537777
45,0045,0,seed_sum_lastdigit,8,16,45,0.3221476510067114,0.35555555555555557,1.1037037037037039,0.03340790454884418
45,0045,0,seed_sum_lastdigit,7,11,31,0.3221476510067114,0.3548387096774194,1.101478494623656,0.032691058670707984
45,0045,0,seed_prime_count,0,17,48,0.3221476510067114,0.3541666666666667,1.0993923611111112,0.0320190156599553
45,5504,5,seed_sum_lastdigit,0,13,33,0.35906040268456374,0.3939393939393939,1.0971396205041064,0.03487899125483018
45,4405,4,seed_spread_band,7-9,44,126,0.3187919463087248,0.3492063492063492,1.0954051796157058,0.03041440289762437
46,0046,0,seed_prime_count,2,42,93,0.31560283687943264,0.45161290322580644,1.4309532439289596,0.1360100663463738
46,4406,4,seed_prime_count,0,18,40,0.3404255319148936,0.45,1.3218750000000001,0.1095744680851064
46,4406,4,seed_prime_count,3,19,43,0.3404255319148936,0.4418604651162791,1.2979651162790697,0.10143493320138547
46,0046,0,seed_sum_lastdigit,3,10,25,0.31560283687943264,0.4,1.2674157303370788,0.08439716312056739
46,4406,4,seed_sum_lastdigit,8,12,28,0.3404255319148936,0.42857142857142855,1.2589285714285714,0.08814589665653494
46,4406,4,seed_vtrac_unique,2,24,56,0.3404255319148936,0.42857142857142855,1.2589285714285714,0.08814589665653494
46,0046,0,seed_structure,ABCD,61,154,0.31560283687943264,0.3961038961038961,1.2550707719247045,0.08050105922446349
46,0046,0,seed_unique_count,4,61,154,0.31560283687943264,0.3961038961038961,1.2550707719247045,0.08050105922446349
46,0046,0,seed_repeat_digit,none,61,154,0.31560283687943264,0.3961038961038961,1.2550707719247045,0.08050105922446349
46,0046,0,seed_high_count,3,24,61,0.31560283687943264,0.39344262295081966,1.2466384232823724,0.07783978607138703
46,4406,4,seed_sum_lastdigit,6,11,26,0.3404255319148936,0.4230769230769231,1.2427884615384615,0.08265139116202946
46,4406,4,seed_spread_band,0-3,15,36,0.3404255319148936,0.4166666666666667,1.2239583333333335,0.07624113475177308
46,6604,6,seed_consecutive_pairs,0,38,91,0.34397163120567376,0.4175824175824176,1.214002492353008,0.07361078637674384
46,6604,6,seed_sum_lastdigit,4,12,29,0.34397163120567376,0.41379310344827586,1.2029861357980802,0.0698214722426021
46,4406,4,seed_sum_lastdigit,9,15,37,0.3404255319148936,0.40540540540540543,1.1908783783783785,0.06497987349051182
46,4406,4,seed_even_count,3,30,74,0.3404255319148936,0.40540540540540543,1.1908783783783785,0.06497987349051182
46,4406,4,seed_consecutive_pairs,1,53,131,0.3404255319148936,0.40458015267175573,1.1884541984732826,0.06415462075686212
46,0046,0,seed_consecutive_pairs,2,20,54,0.31560283687943264,0.37037037037037035,1.1735330836454432,0.054767533490937714
46,6604,6,seed_mirror_pairs_any,no,60,150,0.34397163120567376,0.4,1.1628865979381444,0.056028368794326266
46,6604,6,seed_prime_count,0,16,40,0.34397163120567376,0.4,1.1628865979381444,0.056028368794326266
46,0046,0,seed_vtrac_unique,4,22,60,0.31560283687943264,0.36666666666666664,1.1617977528089887,0.051063829787234005
46,0046,0,seed_spread_band,7-9,48,131,0.31560283687943264,0.366412213740458,1.1609915087057208,0.05080937686102538
46,0046,0,seed_sum_band,10-17,41,112,0.31560283687943264,0.36607142857142855,1.159911717495987,0.05046859169199591
46,6604,6,seed_vtrac_unique,2,22,56,0.34397163120567376,0.39285714285714285,1.142120765832106,0.048885511651469093
46,0046,0,seed_sum_mod3,1,37,103,0.31560283687943264,0.3592233009708738,1.1382131558852404,0.04362046409144116
46,6604,6,seed_sum_lastdigit,0,14,36,0.34397163120567376,0.3888888888888889,1.1305841924398625,0.04491725768321514
46,6604,6,seed_spread_band,0-3,14,36,0.34397163120567376,0.3888888888888889,1.1305841924398625,0.04491725768321514
46,4406,4,seed_high_count,2,45,117,0.3404255319148936,0.38461538461538464,1.1298076923076923,0.04418985270049103
46,6604,6,seed_sum_mod3,2,40,103,0.34397163120567376,0.3883495145631068,1.1290161145030528,0.044377883357433034
46,0046,0,seed_mirror_pairs_any,yes,47,132,0.31560283687943264,0.3560606060606061,1.1281920326864148,0.04045776918117344
46,4406,4,seed_structure,AABC,43,112,0.3404255319148936,0.38392857142857145,1.1277901785714286,0.043503039513677844
46,4406,4,seed_unique_count,3,43,112,0.3404255319148936,0.38392857142857145,1.1277901785714286,0.043503039513677844
46,0046,0,seed_even_count,2,39,110,0.31560283687943264,0.35454545454545455,1.123391215526047,0.03894261766602192
46,4406,4,seed_sum_mod3,0,29,76,0.3404255319148936,0.3815789473684211,1.120888157894737,0.041153415453527464
46,0046,0,seed_high_count,1,24,68,0.31560283687943264,0.35294117647058826,1.118307997356246,0.03733833959115562
46,6604,6,seed_high_count,1,26,68,0.34397163120567376,0.38235294117647056,1.111582777440873,0.038381309970796806
46,4406,4,seed_lead_band,4-6,31,82,0.3404255319148936,0.3780487804878049,1.110518292682927,0.03762324857291127
46,6604,6,seed_trail_band,0-3,40,106,0.34397163120567376,0.37735849056603776,1.0970628282435324,0.03338685936036401
46,6604,6,seed_prime_count,1,38,101,0.34397163120567376,0.37623762376237624,1.093804225783403,0.03226599255670248
46,0046,0,seed_sum_lastdigit,4,10,29,0.31560283687943264,0.3448275862068966,1.0925997675319643,0.02922474932746394
47,0047,0,seed_even_count,3,25,57,0.3150684931506849,0.43859649122807015,1.3920671243325706,0.12352799807738524
47,7704,7,seed_prime_count,3,23,52,0.3253424657534247,0.4423076923076923,1.3595141700404856,0.11696522655426761
47,7704,7,seed_spread_band,0-3,18,41,0.3253424657534247,0.43902439024390244,1.3494223363286264,0.11368192449047776
47,0047,0,seed_prime_count,0,12,30,0.3150684931506849,0.4,1.2695652173913046,0.08493150684931511
47,4407,4,seed_sum_lastdigit,6,14,31,0.3595890410958904,0.45161290322580644,1.2559139784946236,0.09202386212991603
47,4407,4,seed_sum_mod3,1,37,82,0.3595890410958904,0.45121951219512196,1.2548199767711963,0.09163047109923156
47,0047,0,seed_sum_lastdigit,5,11,28,0.3150684931506849,0.39285714285714285,1.2468944099378882,0.07778864970645794
47,4407,4,seed_sum_lastdigit,7,12,27,0.3595890410958904,0.4444444444444444,1.235978835978836,0.08485540334855401
47,7704,7,seed_sum_lastdigit,3,16,40,0.3253424657534247,0.4,1.2294736842105263,0.07465753424657534
47,0047,0,seed_vtrac_unique,4,24,62,0.3150684931506849,0.3870967741935484,1.2286115007012623,0.07202828104286346
47,0047,0,seed_even_count,0,10,26,0.3150684931506849,0.38461538461538464,1.2207357859531773,0.06954689146469972
47,0047,0,seed_structure,ABCD,57,152,0.3150684931506849,0.375,1.190217391304348,0.059931506849315086
47,0047,0,seed_unique_count,4,57,152,0.3150684931506849,0.375,1.190217391304348,0.059931506849315086
47,0047,0,seed_repeat_digit,none,57,152,0.3150684931506849,0.375,1.190217391304348,0.059931506849315086
47,0047,0,seed_lead_band,4-6,32,86,0.3150684931506849,0.37209302325581395,1.1809908998988878,0.057024530105129034
47,4407,4,seed_lead_band,7-9,35,83,0.3595890410958904,0.42168674698795183,1.172690763052209,0.06209770589206143
47,7704,7,seed_high_count,1,25,66,0.3253424657534247,0.3787878787878788,1.164274322169059,0.0534454130344541
47,0047,0,seed_sum_lastdigit,4,11,30,0.3150684931506849,0.36666666666666664,1.163768115942029,0.05159817351598173
47,4407,4,seed_sum_band,10-17,50,120,0.3595890410958904,0.4166666666666667,1.1587301587301588,0.05707762557077628
47,7704,7,seed_structure,AABC,46,123,0.3253424657534247,0.37398373983739835,1.1495079161317927,0.048641274083973673
47,7704,7,seed_unique_count,3,46,123,0.3253424657534247,0.37398373983739835,1.1495079161317927,0.048641274083973673
47,0047,0,seed_trail_band,7-9,35,97,0.3150684931506849,0.36082474226804123,1.145226355894218,0.04575624911735632
47,7704,7,seed_sum_lastdigit,8,16,43,0.3253424657534247,0.37209302325581395,1.1436964504283964,0.04675055750238927
47,7704,7,seed_lead_band,4-6,32,86,0.3253424657534247,0.37209302325581395,1.1436964504283964,0.04675055750238927
47,7704,7,seed_sum_mod3,0,37,100,0.3253424657534247,0.37,1.1372631578947368,0.044657534246575314
47,0047,0,seed_sum_band,18-26,46,129,0.3150684931506849,0.35658914728682173,1.1317829457364343,0.041520654136136814
47,0047,0,seed_spread_band,7-9,48,135,0.3150684931506849,0.35555555555555557,1.1285024154589374,0.040487062404870655
47,0047,0,seed_high_count,3,27,76,0.3150684931506849,0.35526315789473684,1.1275743707093822,0.04019466474405192
47,7704,7,seed_sum_lastdigit,0,11,30,0.3253424657534247,0.36666666666666664,1.127017543859649,0.04132420091324196
47,4407,4,seed_vtrac_unique,2,25,62,0.3595890410958904,0.4032258064516129,1.1213517665130568,0.04363676535572247
47,7704,7,seed_sum_mod3,2,40,110,0.3253424657534247,0.36363636363636365,1.1177033492822965,0.038293897882938965
47,7704,7,seed_trail_band,0-3,40,111,0.3253424657534247,0.36036036036036034,1.1076339497392127,0.03501789460693566
47,0047,0,seed_prime_count,1,38,109,0.3150684931506849,0.3486238532110092,1.1065017949740727,0.03355536006032428
47,4407,4,seed_high_count,2,44,111,0.3595890410958904,0.3963963963963964,1.1023595023595023,0.036807355300505995
47,7704,7,seed_even_count,1,29,81,0.3253424657534247,0.35802469135802467,1.1004548408057178,0.03268222560459999
47,4407,4,seed_even_count,1,32,81,0.3595890410958904,0.3950617283950617,1.0986478542034097,0.0354726872991713
47,4407,4,seed_sum_lastdigit,1,11,28,0.3595890410958904,0.39285714285714285,1.092517006802721,0.033268101761252444
47,7704,7,seed_vtrac_unique,2,22,62,0.3253424657534247,0.3548387096774194,1.0906621392190152,0.02949624392399469
47,4407,4,seed_lead_band,0-3,48,123,0.3595890410958904,0.3902439024390244,1.0852497096399536,0.030654861343134
47,4407,4,seed_consecutive_pairs,0,42,108,0.3595890410958904,0.3888888888888889,1.0814814814814815,0.02929984779299849
48,4408,4,seed_sum_lastdigit,1,14,29,0.3230240549828179,0.4827586206896552,1.4944974321349964,0.1597345657068373
48,0048,0,seed_prime_count,3,17,43,0.29553264604810997,0.3953488372093023,1.3377501352082206,0.09981619116119234
48,8804,8,seed_consecutive_pairs,2,27,54,0.38144329896907214,0.5,1.310810810810811,0.11855670103092786
48,8804,8,seed_sum_lastdigit,7,16,33,0.38144329896907214,0.48484848484848486,1.2710892710892712,0.10340518587941272
48,8804,8,seed_sum_lastdigit,8,14,29,0.38144329896907214,0.4827586206896552,1.2656104380242312,0.10131532172058305
48,0048,0,seed_high_count,3,25,67,0.29553264604810997,0.373134328358209,1.2625824366539398,0.07760168231009901
48,4408,4,seed_high_count,1,28,70,0.3230240549828179,0.4,1.2382978723404254,0.07697594501718213
48,0048,0,seed_sum_band,18-26,49,137,0.29553264604810997,0.35766423357664234,1.2102359531488711,0.06213158752853237
48,0048,0,seed_sum_lastdigit,2,10,28,0.29553264604810997,0.35714285714285715,1.2084717607973423,0.06161021109474718
48,8804,8,seed_sum_lastdigit,3,15,33,0.38144329896907214,0.45454545454545453,1.1916461916461918,0.07310215557638239
48,4408,4,seed_prime_count,0,11,29,0.3230240549828179,0.3793103448275862,1.1742479823917826,0.0562862898447683
48,0048,0,seed_even_count,2,38,110,0.29553264604810997,0.34545454545454546,1.16892177589852,0.04992189940643549
48,4408,4,seed_consecutive_pairs,0,37,98,0.3230240549828179,0.37755102040816324,1.1688015631784627,0.05452696542534535
48,0048,0,seed_high_count,2,40,116,0.29553264604810997,0.3448275862068966,1.1668003207698476,0.049294940158786604
48,8804,8,seed_vtrac_unique,4,25,57,0.38144329896907214,0.43859649122807015,1.1498340445708868,0.05715319225899801
48,0048,0,seed_spread_band,7-9,38,113,0.29553264604810997,0.336283185840708,1.1378884544144887,0.04075053979259802
48,4408,4,seed_lead_band,4-6,30,82,0.3230240549828179,0.36585365853658536,1.1325895173845355,0.04282960355376747
48,8804,8,seed_even_count,3,28,65,0.38144329896907214,0.4307692307692308,1.1293139293139294,0.04932593180015865
48,4408,4,seed_sum_lastdigit,4,12,33,0.3230240549828179,0.36363636363636365,1.125725338491296,0.04061230865354576
48,8804,8,seed_trail_band,7-9,36,84,0.38144329896907214,0.42857142857142855,1.1235521235521235,0.047128129602356406
48,4408,4,seed_structure,AABC,41,114,0.3230240549828179,0.35964912280701755,1.1133818589025755,0.036625067824199664
48,4408,4,seed_unique_count,3,41,114,0.3230240549828179,0.35964912280701755,1.1133818589025755,0.036625067824199664
48,0048,0,seed_trail_band,4-6,25,76,0.29553264604810997,0.32894736842105265,1.1130660954712364,0.033414722372942685
48,4408,4,seed_sum_mod3,2,44,123,0.3230240549828179,0.35772357723577236,1.1074208614426568,0.03469952225295447
48,4408,4,seed_sum_lastdigit,2,10,28,0.3230240549828179,0.35714285714285715,1.1056231003039514,0.03411880216003926
48,4408,4,seed_vtrac_unique,2,22,62,0.3230240549828179,0.3548387096774194,1.098490048043926,0.031814654694601485
48,0048,0,seed_even_count,1,24,74,0.29553264604810997,0.32432432432432434,1.0974230043997486,0.028791678276214372
48,4408,4,seed_prime_count,1,41,116,0.3230240549828179,0.35344827586206895,1.0941856199559794,0.030424220879251063
48,8804,8,seed_sum_mod3,1,37,89,0.38144329896907214,0.4157303370786517,1.0898876404494382,0.03428703810957956
48,4408,4,seed_spread_band,0-3,13,37,0.3230240549828179,0.35135135135135137,1.0876940770557793,0.028327296368533483
48,4408,4,seed_sum_lastdigit,0,14,40,0.3230240549828179,0.35,1.0835106382978723,0.02697594501718209
48,0048,0,seed_structure,ABCD,49,154,0.29553264604810997,0.3181818181818182,1.0766384778012685,0.022649172133708206
48,0048,0,seed_unique_count,4,49,154,0.29553264604810997,0.3181818181818182,1.0766384778012685,0.022649172133708206
48,0048,0,seed_repeat_digit,none,49,154,0.29553264604810997,0.3181818181818182,1.0766384778012685,0.022649172133708206
48,0048,0,seed_sum_mod3,0,25,79,0.29553264604810997,0.31645569620253167,1.0707977627318221,0.020923050154421696
48,0048,0,seed_lead_band,0-3,37,117,0.29553264604810997,0.3162393162393162,1.0700655933214072,0.020706670191206256
48,0048,0,seed_vtrac_unique,4,18,57,0.29553264604810997,0.3157894736842105,1.0685434516523866,0.02025682763610054
48,0048,0,seed_lead_band,7-9,29,92,0.29553264604810997,0.31521739130434784,1.0666076845298282,0.019684745256237868
48,8804,8,seed_prime_count,2,37,91,0.38144329896907214,0.4065934065934066,1.065934065934066,0.02515010762433445
48,0048,0,seed_consecutive_pairs,2,17,54,0.29553264604810997,0.3148148148148148,1.0652454780361758,0.019282168766704855
49,0049,0,seed_prime_count,0,17,38,0.2967741935483871,0.4473684210526316,1.5074370709382152,0.1505942275042445
49,4409,4,seed_sum_lastdigit,7,16,35,0.3161290322580645,0.45714285714285713,1.4460641399416911,0.14101382488479264
49,9904,9,seed_sum_band,0-9,14,27,0.3870967741935484,0.5185185185185185,1.3395061728395061,0.1314217443249701
49,0049,0,seed_sum_lastdigit,0,11,28,0.2967741935483871,0.39285714285714285,1.3237577639751554,0.09608294930875577
49,4409,4,seed_sum_lastdigit,4,14,34,0.3161290322580645,0.4117647058823529,1.3025210084033614,0.09563567362428843
49,9904,9,seed_consecutive_pairs,2,28,57,0.3870967741935484,0.49122807017543857,1.2690058479532162,0.10413129598189019
49,4409,4,seed_sum_band,10-17,50,125,0.3161290322580645,0.4,1.2653061224489797,0.08387096774193553
49,9904,9,seed_sum_lastdigit,9,15,31,0.3870967741935484,0.4838709677419355,1.25,0.09677419354838712
49,0049,0,seed_sum_mod3,1,37,101,0.2967741935483871,0.36633663366336633,1.2343951786482996,0.06956244011497925
49,0049,0,seed_trail_band,7-9,30,82,0.2967741935483871,0.36585365853658536,1.2327677624602333,0.06907946498819828
49,0049,0,seed_sum_lastdigit,2,14,39,0.2967741935483871,0.358974358974359,1.20958751393534,0.0622001654259719
49,4409,4,seed_lead_band,4-6,30,79,0.3161290322580645,0.379746835443038,1.201239989666753,0.06361780318497351
49,9904,9,seed_vtrac_unique,4,32,69,0.3870967741935484,0.463768115942029,1.1980676328502415,0.07667134174848061
49,4409,4,seed_spread_band,0-3,15,40,0.3161290322580645,0.375,1.1862244897959184,0.05887096774193551
49,4409,4,seed_sum_mod3,2,38,102,0.3161290322580645,0.37254901960784315,1.1784713885554223,0.056419987349778655
49,0049,0,seed_spread_band,4-6,46,132,0.2967741935483871,0.3484848484848485,1.1742424242424243,0.05171065493646143
49,9904,9,seed_spread_band,0-3,18,40,0.3870967741935484,0.45,1.1625,0.06290322580645163
49,9904,9,seed_sum_mod3,0,48,107,0.3870967741935484,0.4485981308411215,1.158878504672897,0.06150135664757311
49,9904,9,seed_sum_lastdigit,5,13,29,0.3870967741935484,0.4482758620689655,1.1580459770114944,0.06117908787541715
49,4409,4,seed_vtrac_unique,2,23,63,0.3161290322580645,0.36507936507936506,1.154842889536767,0.04895033282130057
49,0049,0,seed_sum_band,18-26,49,143,0.2967741935483871,0.34265734265734266,1.1546062633019156,0.04588314910895558
49,0049,0,seed_sum_lastdigit,1,13,38,0.2967741935483871,0.34210526315789475,1.152745995423341,0.04533106960950767
49,9904,9,seed_trail_band,0-3,56,126,0.3870967741935484,0.4444444444444444,1.1481481481481481,0.05734767025089604
49,0049,0,seed_consecutive_pairs,1,47,138,0.2967741935483871,0.34057971014492755,1.1476055450535603,0.04380551659654047
49,9904,9,seed_prime_count,2,44,101,0.3870967741935484,0.43564356435643564,1.1254125412541254,0.048546790162887266
49,0049,0,seed_high_count,1,27,81,0.2967741935483871,0.3333333333333333,1.1231884057971016,0.03655913978494624
49,0049,0,seed_mirror_pairs_any,yes,49,147,0.2967741935483871,0.3333333333333333,1.1231884057971016,0.03655913978494624
49,4409,4,seed_sum_lastdigit,6,11,31,0.3161290322580645,0.3548387096774194,1.1224489795918369,0.03870967741935488
49,9904,9,seed_mirror_pairs_any,no,70,163,0.3870967741935484,0.4294478527607362,1.1094069529652353,0.04235107856718784
49,9904,9,seed_sum_lastdigit,0,12,28,0.3870967741935484,0.42857142857142855,1.1071428571428572,0.04147465437788017
49,4409,4,seed_high_count,2,46,132,0.3161290322580645,0.3484848484848485,1.1023500309214596,0.03235581622678402
49,0049,0,seed_sum_lastdigit,6,10,31,0.2967741935483871,0.3225806451612903,1.0869565217391304,0.025806451612903236
49,0049,0,seed_sum_lastdigit,9,10,31,0.2967741935483871,0.3225806451612903,1.0869565217391304,0.025806451612903236
49,9904,9,seed_spread_band,7-9,58,138,0.3870967741935484,0.42028985507246375,1.0857487922705313,0.03319308087891537
49,4409,4,seed_trail_band,4-6,35,102,0.3161290322580645,0.3431372549019608,1.085434173669468,0.027008222643896296
49,0049,0,seed_prime_count,3,15,47,0.2967741935483871,0.3191489361702128,1.0753931544865867,0.022374742621825705
49,0049,0,seed_vtrac_unique,3,56,176,0.2967741935483871,0.3181818181818182,1.0721343873517788,0.0214076246334311
49,9904,9,seed_sum_band,18-26,59,143,0.3870967741935484,0.4125874125874126,1.065850815850816,0.02549063839386423
49,0049,0,seed_lead_band,7-9,30,95,0.2967741935483871,0.3157894736842105,1.0640732265446224,0.01901528013582343
49,4409,4,seed_even_count,2,40,119,0.3161290322580645,0.33613445378151263,1.063282455839479,0.02000542152344814
56,0056,0,seed_sum_lastdigit,6,16,29,0.3401360544217687,0.5517241379310345,1.6220689655172413,0.21158808350926578
56,6605,6,seed_sum_lastdigit,3,12,27,0.32653061224489793,0.4444444444444444,1.3611111111111112,0.11791383219954649
56,6605,6,seed_sum_lastdigit,8,16,36,0.32653061224489793,0.4444444444444444,1.3611111111111112,0.11791383219954649
56,5506,5,seed_sum_lastdigit,2,14,31,0.3333333333333333,0.45161290322580644,1.3548387096774195,0.11827956989247312
56,5506,5,seed_vtrac_unique,4,26,61,0.3333333333333333,0.4262295081967213,1.278688524590164,0.09289617486338797
56,5506,5,seed_sum_lastdigit,4,11,26,0.3333333333333333,0.4230769230769231,1.2692307692307694,0.08974358974358976
56,0056,0,seed_sum_lastdigit,7,14,33,0.3401360544217687,0.42424242424242425,1.2472727272727273,0.08410636982065556
56,0056,0,seed_structure,AABC,51,122,0.3401360544217687,0.4180327868852459,1.229016393442623,0.07789673246347723
56,0056,0,seed_unique_count,3,51,122,0.3401360544217687,0.4180327868852459,1.229016393442623,0.07789673246347723
56,5506,5,seed_structure,ABCD,61,149,0.3333333333333333,0.40939597315436244,1.2281879194630874,0.07606263982102912
56,5506,5,seed_unique_count,4,61,149,0.3333333333333333,0.40939597315436244,1.2281879194630874,0.07606263982102912
56,5506,5,seed_repeat_digit,none,61,149,0.3333333333333333,0.40939597315436244,1.2281879194630874,0.07606263982102912
56,6605,6,seed_sum_lastdigit,5,12,30,0.32653061224489793,0.4,1.225,0.07346938775510209
56,5506,5,seed_lead_band,7-9,37,93,0.3333333333333333,0.3978494623655914,1.1935483870967742,0.06451612903225806
56,6605,6,seed_consecutive_pairs,1,52,134,0.32653061224489793,0.3880597014925373,1.1884328358208955,0.06152908924763939
56,5506,5,seed_sum_lastdigit,0,13,33,0.3333333333333333,0.3939393939393939,1.1818181818181819,0.06060606060606061
56,0056,0,seed_sum_lastdigit,9,10,25,0.3401360544217687,0.4,1.1760000000000002,0.059863945578231326
56,6605,6,seed_prime_count,1,36,94,0.32653061224489793,0.3829787234042553,1.172872340425532,0.056448111159357384
56,0056,0,seed_sum_lastdigit,0,13,33,0.3401360544217687,0.3939393939393939,1.1581818181818182,0.053803339517625226
56,5506,5,seed_consecutive_pairs,2,20,52,0.3333333333333333,0.38461538461538464,1.153846153846154,0.05128205128205132
56,0056,0,seed_vtrac_unique,2,27,69,0.3401360544217687,0.391304347826087,1.1504347826086958,0.05116829340431828
56,0056,0,seed_consecutive_pairs,0,41,105,0.3401360544217687,0.3904761904761905,1.1480000000000001,0.05034013605442178
56,0056,0,seed_spread_band,0-3,16,41,0.3401360544217687,0.3902439024390244,1.1473170731707318,0.05010784801725571
56,5506,5,seed_sum_band,18-26,52,136,0.3333333333333333,0.38235294117647056,1.1470588235294117,0.04901960784313725
56,5506,5,seed_high_count,2,44,116,0.3333333333333333,0.3793103448275862,1.1379310344827587,0.04597701149425287
56,6605,6,seed_sum_mod3,0,39,105,0.32653061224489793,0.37142857142857144,1.1375000000000002,0.04489795918367351
56,6605,6,seed_even_count,3,27,73,0.32653061224489793,0.3698630136986301,1.1327054794520548,0.04333240145373218
56,5506,5,seed_lead_band,4-6,29,77,0.3333333333333333,0.37662337662337664,1.12987012987013,0.04329004329004332
56,0056,0,seed_sum_mod3,1,33,86,0.3401360544217687,0.38372093023255816,1.128139534883721,0.04358487581078946
56,6605,6,seed_sum_mod2,1,51,139,0.32653061224489793,0.3669064748201439,1.1236510791366907,0.04037586257524595
56,5506,5,seed_sum_mod2,0,58,155,0.3333333333333333,0.3741935483870968,1.1225806451612905,0.04086021505376347
56,6605,6,seed_consecutive_pairs,2,19,52,0.32653061224489793,0.36538461538461536,1.1189903846153846,0.03885400313971743
56,0056,0,seed_lead_band,0-3,47,124,0.3401360544217687,0.3790322580645161,1.1143548387096776,0.03889620364274743
56,5506,5,seed_consecutive_pairs,0,39,105,0.3333333333333333,0.37142857142857144,1.1142857142857143,0.038095238095238126
56,6605,6,seed_even_count,1,24,66,0.32653061224489793,0.36363636363636365,1.1136363636363638,0.03710575139146571
56,6605,6,seed_lead_band,0-3,45,124,0.32653061224489793,0.3629032258064516,1.1113911290322582,0.03637261356155369
56,0056,0,seed_lead_band,4-6,29,77,0.3401360544217687,0.37662337662337664,1.1072727272727274,0.03648732220160794
56,5506,5,seed_sum_mod3,2,38,103,0.3333333333333333,0.36893203883495146,1.1067961165048545,0.035598705501618144
56,0056,0,seed_prime_count,0,18,48,0.3401360544217687,0.375,1.1025,0.0348639455782313
56,5506,5,seed_prime_count,3,15,41,0.3333333333333333,0.36585365853658536,1.0975609756097562,0.03252032520325204
57,5507,5,seed_sum_lastdigit,7,15,31,0.34285714285714286,0.4838709677419355,1.4112903225806452,0.14101382488479264
57,0057,0,seed_sum_band,0-9,12,28,0.3238095238095238,0.42857142857142855,1.3235294117647058,0.10476190476190472
57,0057,0,seed_high_count,1,32,77,0.3238095238095238,0.4155844155844156,1.2834224598930482,0.09177489177489179
57,5507,5,seed_prime_count,0,16,37,0.34285714285714286,0.43243243243243246,1.2612612612612613,0.0895752895752896
57,7705,7,seed_sum_band,27-36,10,25,0.3333333333333333,0.4,1.2000000000000002,0.06666666666666671
57,7705,7,seed_sum_lastdigit,3,14,35,0.3333333333333333,0.4,1.2000000000000002,0.06666666666666671
57,7705,7,seed_sum_lastdigit,0,13,33,0.3333333333333333,0.3939393939393939,1.1818181818181819,0.06060606060606061
57,7705,7,seed_vtrac_unique,4,24,61,0.3333333333333333,0.39344262295081966,1.180327868852459,0.06010928961748635
57,5507,5,seed_prime_count,3,18,45,0.34285714285714286,0.4,1.1666666666666667,0.05714285714285716
57,5507,5,seed_even_count,1,33,83,0.34285714285714286,0.39759036144578314,1.1596385542168675,0.054733218588640276
57,0057,0,seed_vtrac_unique,2,31,83,0.3238095238095238,0.37349397590361444,1.153437278525868,0.049684452094090614
57,7705,7,seed_prime_count,1,45,118,0.3333333333333333,0.3813559322033898,1.1440677966101696,0.0480225988700565
57,5507,5,seed_lead_band,7-9,36,92,0.34285714285714286,0.391304347826087,1.141304347826087,0.04844720496894411
57,5507,5,seed_sum_lastdigit,8,19,49,0.34285714285714286,0.3877551020408163,1.130952380952381,0.04489795918367345
57,7705,7,seed_spread_band,0-3,18,48,0.3333333333333333,0.375,1.125,0.041666666666666685
57,7705,7,seed_sum_mod3,1,40,107,0.3333333333333333,0.37383177570093457,1.1214953271028039,0.04049844236760125
57,0057,0,seed_lead_band,0-3,49,135,0.3238095238095238,0.362962962962963,1.1209150326797386,0.03915343915343916
57,7705,7,seed_vtrac_unique,2,31,83,0.3333333333333333,0.37349397590361444,1.1204819277108433,0.040160642570281124
57,5507,5,seed_sum_lastdigit,5,13,34,0.34285714285714286,0.38235294117647056,1.1151960784313724,0.0394957983193277
57,5507,5,seed_vtrac_unique,3,65,170,0.34285714285714286,0.38235294117647056,1.1151960784313724,0.0394957983193277
57,7705,7,seed_high_count,0,10,27,0.3333333333333333,0.37037037037037035,1.1111111111111112,0.037037037037037035
57,5507,5,seed_high_count,3,27,71,0.34285714285714286,0.38028169014084506,1.1091549295774648,0.0374245472837022
57,7705,7,seed_lead_band,7-9,34,92,0.3333333333333333,0.3695652173913043,1.108695652173913,0.03623188405797101
57,0057,0,seed_trail_band,7-9,38,106,0.3238095238095238,0.3584905660377358,1.1071032186459488,0.034681042228212
57,5507,5,seed_consecutive_pairs,1,52,137,0.34285714285714286,0.3795620437956204,1.1070559610705595,0.03670490093847756
57,0057,0,seed_consecutive_pairs,0,43,120,0.3238095238095238,0.35833333333333334,1.1066176470588236,0.03452380952380951
57,5507,5,seed_structure,ABCD,55,145,0.34285714285714286,0.3793103448275862,1.1063218390804597,0.03645320197044333
57,5507,5,seed_unique_count,4,55,145,0.34285714285714286,0.3793103448275862,1.1063218390804597,0.03645320197044333
57,5507,5,seed_repeat_digit,none,55,145,0.34285714285714286,0.3793103448275862,1.1063218390804597,0.03645320197044333
57,0057,0,seed_prime_count,2,39,109,0.3238095238095238,0.3577981651376147,1.104964921748516,0.033988641328090874
57,5507,5,seed_spread_band,7-9,50,132,0.34285714285714286,0.3787878787878788,1.1047979797979797,0.035930735930735924
57,0057,0,seed_even_count,3,25,70,0.3238095238095238,0.35714285714285715,1.1029411764705883,0.033333333333333326
57,7705,7,seed_high_count,2,43,117,0.3333333333333333,0.36752136752136755,1.1025641025641026,0.03418803418803423
57,0057,0,seed_structure,AABC,53,149,0.3238095238095238,0.35570469798657717,1.0984998026056059,0.03189517417705334
57,0057,0,seed_unique_count,3,53,149,0.3238095238095238,0.35570469798657717,1.0984998026056059,0.03189517417705334
57,5507,5,seed_sum_lastdigit,6,12,32,0.34285714285714286,0.375,1.09375,0.03214285714285714
57,0057,0,seed_sum_lastdigit,1,12,34,0.3238095238095238,0.35294117647058826,1.0899653979238755,0.029131652661064433
57,0057,0,seed_sum_lastdigit,5,12,34,0.3238095238095238,0.35294117647058826,1.0899653979238755,0.029131652661064433
57,0057,0,seed_lead_band,4-6,31,88,0.3238095238095238,0.3522727272727273,1.0879010695187166,0.028463203463203468
57,5507,5,seed_trail_band,4-6,38,102,0.34285714285714286,0.37254901960784315,1.0866013071895424,0.029691876750700286
58,0058,0,seed_prime_count,3,23,47,0.34519572953736655,0.48936170212765956,1.417635446369818,0.144165972590293
58,8805,8,seed_spread_band,0-3,20,42,0.36298932384341637,0.47619047619047616,1.311858076563959,0.1132011523470598
58,5508,5,seed_lead_band,7-9,30,79,0.2918149466192171,0.379746835443038,1.3013275702377278,0.08793188882382091
58,5508,5,seed_prime_count,0,14,37,0.2918149466192171,0.3783783783783784,1.2966381015161503,0.08656343175916131
58,5508,5,seed_sum_lastdigit,4,13,36,0.2918149466192171,0.3611111111111111,1.2374661246612466,0.06929616449189402
58,8805,8,seed_sum_lastdigit,9,14,32,0.36298932384341637,0.4375,1.2052696078431373,0.07451067615658363
58,8805,8,seed_vtrac_unique,4,22,51,0.36298932384341637,0.43137254901960786,1.1883890811226452,0.0683832251761915
58,8805,8,seed_even_count,3,34,79,0.36298932384341637,0.43037974683544306,1.1856540084388185,0.06739042299202669
58,5508,5,seed_consecutive_pairs,2,19,56,0.2918149466192171,0.3392857142857143,1.1626742160278747,0.047470767666497216
58,8805,8,seed_sum_lastdigit,1,13,31,0.36298932384341637,0.41935483870967744,1.15528146742568,0.05636551486626107
58,0058,0,seed_spread_band,4-6,52,131,0.34519572953736655,0.3969465648854962,1.1499173683796333,0.05175083534812963
58,5508,5,seed_even_count,2,34,102,0.2918149466192171,0.3333333333333333,1.1422764227642275,0.04151838671411623
58,8805,8,seed_lead_band,4-6,38,92,0.36298932384341637,0.41304347826086957,1.1378942881500427,0.0500541544174532
58,8805,8,seed_vtrac_unique,2,30,73,0.36298932384341637,0.410958904109589,1.1321514907332795,0.04796958026617265
58,8805,8,seed_sum_mod3,2,41,100,0.36298932384341637,0.41,1.1295098039215685,0.04701067615658361
58,0058,0,seed_sum_lastdigit,7,12,31,0.34519572953736655,0.3870967741935484,1.1213834386431658,0.04190104465618183
58,0058,0,seed_sum_band,10-17,44,114,0.34519572953736655,0.38596491228070173,1.1181045396997649,0.040769182743335186
58,0058,0,seed_high_count,1,27,70,0.34519572953736655,0.38571428571428573,1.117378497790869,0.040518556176919185
58,0058,0,seed_trail_band,7-9,32,83,0.34519572953736655,0.3855421686746988,1.1168798906968078,0.04034643913733227
58,0058,0,seed_sum_mod3,0,35,91,0.34519572953736655,0.38461538461538464,1.1141950832672483,0.03941965507801809
58,5508,5,seed_vtrac_unique,3,51,157,0.2918149466192171,0.3248407643312102,1.1131738387447567,0.03302581771199309
58,8805,8,seed_sum_mod2,1,58,144,0.36298932384341637,0.4027777777777778,1.1096132897603486,0.03978845393436142
58,5508,5,seed_sum_lastdigit,1,10,31,0.2918149466192171,0.3225806451612903,1.1054287962234461,0.030765698542073228
58,8805,8,seed_prime_count,1,32,80,0.36298932384341637,0.4,1.1019607843137256,0.037010676156583655
58,0058,0,seed_consecutive_pairs,0,37,98,0.34519572953736655,0.37755102040816324,1.0937302756154008,0.032355290870796694
58,5508,5,seed_sum_mod3,0,29,91,0.2918149466192171,0.31868131868131866,1.0920664701152505,0.026866372062101573
58,8805,8,seed_trail_band,4-6,33,84,0.36298932384341637,0.39285714285714285,1.082282913165266,0.029867819013726482
58,5508,5,seed_spread_band,7-9,34,108,0.2918149466192171,0.3148148148148148,1.0788166214995483,0.02299986819559774
58,5508,5,seed_prime_count,2,34,108,0.2918149466192171,0.3148148148148148,1.0788166214995483,0.02299986819559774
58,0058,0,seed_sum_mod2,0,51,137,0.34519572953736655,0.3722627737226277,1.078410715629468,0.02706704418526118
58,5508,5,seed_sum_band,18-26,39,124,0.2918149466192171,0.31451612903225806,1.07779307631786,0.022701182413040977
58,8805,8,seed_consecutive_pairs,1,48,123,0.36298932384341637,0.3902439024390244,1.0750836920133908,0.027254578595608037
58,5508,5,seed_high_count,3,25,80,0.2918149466192171,0.3125,1.0708841463414633,0.020685053380782914
58,8805,8,seed_sum_lastdigit,5,10,26,0.36298932384341637,0.38461538461538464,1.059577677224736,0.02162606077196827
58,0058,0,seed_structure,ABCD,47,129,0.34519572953736655,0.3643410852713178,1.0554623191880443,0.019145355733951264
58,0058,0,seed_unique_count,4,47,129,0.34519572953736655,0.3643410852713178,1.0554623191880443,0.019145355733951264
58,0058,0,seed_repeat_digit,none,47,129,0.34519572953736655,0.3643410852713178,1.0554623191880443,0.019145355733951264
58,5508,5,seed_even_count,1,20,65,0.2918149466192171,0.3076923076923077,1.0544090056285178,0.015877361073090623
58,0058,0,seed_sum_lastdigit,0,12,33,0.34519572953736655,0.36363636363636365,1.0534208059981256,0.0184406340989971
58,5508,5,seed_sum_mod2,0,42,137,0.2918149466192171,0.30656934306569344,1.0505607975787787,0.014754396446476359
59,5509,5,seed_sum_lastdigit,7,14,27,0.3217993079584775,0.5185185185185185,1.611310234966149,0.196719210560041
59,9905,9,seed_sum_lastdigit,1,17,30,0.35986159169550175,0.5666666666666667,1.5746794871794871,0.2068050749711649
59,0059,0,seed_sum_lastdigit,9,13,29,0.31833910034602075,0.4482758620689655,1.4081709145427288,0.12993676172294477
59,0059,0,seed_sum_lastdigit,3,11,27,0.31833910034602075,0.4074074074074074,1.2797906602254427,0.08906830706138663
59,0059,0,seed_prime_count,3,15,37,0.31833910034602075,0.40540540540540543,1.2735017626321976,0.08706630505938467
59,9905,9,seed_prime_count,2,44,99,0.35986159169550175,0.4444444444444444,1.2350427350427349,0.08458285274894267
59,5509,5,seed_even_count,1,25,63,0.3217993079584775,0.3968253968253968,1.2331455879842976,0.0750260888669193
59,0059,0,seed_lead_band,4-6,32,82,0.31833910034602075,0.3902439024390244,1.2258748674443267,0.07190480209300365
59,5509,5,seed_high_count,3,28,71,0.3217993079584775,0.39436619718309857,1.2255035589883385,0.07256688922462107
59,9905,9,seed_sum_mod3,0,40,91,0.35986159169550175,0.43956043956043955,1.221470836855452,0.0796988478649378
59,9905,9,seed_sum_lastdigit,6,14,32,0.35986159169550175,0.4375,1.2157451923076923,0.07763840830449825
59,0059,0,seed_sum_lastdigit,0,14,37,0.31833910034602075,0.3783783783783784,1.1886016451233843,0.060039278032357646
59,5509,5,seed_sum_lastdigit,4,11,29,0.3217993079584775,0.3793103448275862,1.17871709306637,0.05751103686910869
59,9905,9,seed_spread_band,0-3,15,36,0.35986159169550175,0.4166666666666667,1.157852564102564,0.05680507497116494
59,5509,5,seed_sum_lastdigit,3,10,27,0.3217993079584775,0.37037037037037035,1.1509358821186777,0.04857106241189285
59,5509,5,seed_lead_band,0-3,42,114,0.3217993079584775,0.3684210526315789,1.144878324844369,0.04662174467310143
59,5509,5,seed_sum_band,10-17,42,115,0.3217993079584775,0.3652173913043478,1.1349228611500701,0.04341808334587033
59,5509,5,seed_consecutive_pairs,0,42,115,0.3217993079584775,0.3652173913043478,1.1349228611500701,0.04341808334587033
59,0059,0,seed_consecutive_pairs,1,43,120,0.31833910034602075,0.35833333333333334,1.1256340579710145,0.039994232987312583
59,5509,5,seed_prime_count,1,40,112,0.3217993079584775,0.35714285714285715,1.109831029185868,0.03534354918437965
59,5509,5,seed_sum_mod3,2,36,101,0.3217993079584775,0.3564356435643564,1.1076333439795591,0.03463633560587892
59,0059,0,seed_high_count,2,38,108,0.31833910034602075,0.35185185185185186,1.1052737520128826,0.033512751505831107
59,9905,9,seed_trail_band,4-6,33,83,0.35986159169550175,0.39759036144578314,1.1048424467099165,0.03772876975028139
59,9905,9,seed_even_count,3,31,78,0.35986159169550175,0.3974358974358974,1.104413214990138,0.037574305740395664
59,0059,0,seed_high_count,1,27,77,0.31833910034602075,0.35064935064935066,1.1014963297571994,0.0323102503033299
59,0059,0,seed_sum_mod3,1,34,97,0.31833910034602075,0.35051546391752575,1.1010757507844016,0.032176363571504996
59,0059,0,seed_trail_band,0-3,42,120,0.31833910034602075,0.35,1.0994565217391303,0.031660899653979224
59,9905,9,seed_structure,AABC,53,134,0.35986159169550175,0.39552238805970147,1.0990958668197472,0.03566079636419972
59,9905,9,seed_unique_count,3,53,134,0.35986159169550175,0.39552238805970147,1.0990958668197472,0.03566079636419972
59,5509,5,seed_high_count,2,38,108,0.3217993079584775,0.35185185185185186,1.093389088012744,0.03005254389337436
59,0059,0,seed_consecutive_pairs,2,16,46,0.31833910034602075,0.34782608695652173,1.0926275992438563,0.029486986610500976
59,9905,9,seed_sum_lastdigit,5,11,28,0.35986159169550175,0.39285714285714285,1.0916895604395604,0.0329955511616411
59,0059,0,seed_mirror_pairs_any,yes,44,127,0.31833910034602075,0.3464566929133858,1.0883259157822665,0.02811759256736507
59,0059,0,seed_even_count,2,36,104,0.31833910034602075,0.34615384615384615,1.0873745819397993,0.027814745807825392
59,0059,0,seed_even_count,3,27,78,0.31833910034602075,0.34615384615384615,1.0873745819397993,0.027814745807825392
59,5509,5,seed_structure,ABCD,50,143,0.3217993079584775,0.34965034965034963,1.0865478607414092,0.027851041691872136
59,5509,5,seed_unique_count,4,50,143,0.3217993079584775,0.34965034965034963,1.0865478607414092,0.027851041691872136
59,5509,5,seed_repeat_digit,none,50,143,0.3217993079584775,0.34965034965034963,1.0865478607414092,0.027851041691872136
59,5509,5,seed_spread_band,4-6,43,123,0.3217993079584775,0.34959349593495936,1.086371186292508,0.027794187976481866
59,9905,9,seed_high_count,1,30,77,0.35986159169550175,0.38961038961038963,1.0826673326673326,0.02974879791488788
67,7706,7,seed_sum_lastdigit,4,18,35,0.3333333333333333,0.5142857142857142,1.5428571428571427,0.18095238095238092
67,6607,6,seed_consecutive_pairs,2,26,56,0.3333333333333333,0.4642857142857143,1.392857142857143,0.130952380952381
67,7706,7,seed_vtrac_unique,2,29,64,0.3333333333333333,0.453125,1.359375,0.11979166666666669
67,0067,0,seed_sum_lastdigit,1,15,34,0.3333333333333333,0.4411764705882353,1.3235294117647058,0.10784313725490197
67,0067,0,seed_prime_count,0,15,34,0.3333333333333333,0.4411764705882353,1.3235294117647058,0.10784313725490197
67,6607,6,seed_high_count,1,25,57,0.3333333333333333,0.43859649122807015,1.3157894736842106,0.10526315789473684
67,6607,6,seed_vtrac_unique,4,28,64,0.3333333333333333,0.4375,1.3125,0.10416666666666669
67,7706,7,seed_sum_mod3,2,38,92,0.3333333333333333,0.41304347826086957,1.2391304347826089,0.07971014492753625
67,7706,7,seed_even_count,1,33,81,0.3333333333333333,0.4074074074074074,1.2222222222222223,0.07407407407407407
67,0067,0,seed_prime_count,3,18,45,0.3333333333333333,0.4,1.2000000000000002,0.06666666666666671
67,7706,7,seed_lead_band,7-9,34,86,0.3333333333333333,0.3953488372093023,1.186046511627907,0.06201550387596899
67,0067,0,seed_vtrac_unique,3,62,157,0.3333333333333333,0.39490445859872614,1.1847133757961785,0.06157112526539282
67,0067,0,seed_even_count,3,28,71,0.3333333333333333,0.39436619718309857,1.1830985915492958,0.06103286384976525
67,7706,7,seed_sum_lastdigit,7,13,33,0.3333333333333333,0.3939393939393939,1.1818181818181819,0.06060606060606061
67,7706,7,seed_prime_count,1,39,99,0.3333333333333333,0.3939393939393939,1.1818181818181819,0.06060606060606061
67,6607,6,seed_sum_lastdigit,3,11,28,0.3333333333333333,0.39285714285714285,1.1785714285714286,0.059523809523809534
67,7706,7,seed_trail_band,4-6,34,87,0.3333333333333333,0.39080459770114945,1.1724137931034484,0.05747126436781613
67,7706,7,seed_mirror_pairs_any,yes,58,149,0.3333333333333333,0.38926174496644295,1.167785234899329,0.05592841163310963
67,6607,6,seed_sum_band,10-17,42,109,0.3333333333333333,0.3853211009174312,1.1559633027522938,0.0519877675840979
67,0067,0,seed_sum_lastdigit,8,10,26,0.3333333333333333,0.38461538461538464,1.153846153846154,0.05128205128205132
67,6607,6,seed_sum_lastdigit,1,13,34,0.3333333333333333,0.38235294117647056,1.1470588235294117,0.04901960784313725
67,7706,7,seed_even_count,2,40,105,0.3333333333333333,0.38095238095238093,1.1428571428571428,0.047619047619047616
67,6607,6,seed_even_count,3,27,71,0.3333333333333333,0.38028169014084506,1.1408450704225352,0.04694835680751175
67,0067,0,seed_spread_band,0-3,11,29,0.3333333333333333,0.3793103448275862,1.1379310344827587,0.04597701149425287
67,6607,6,seed_trail_band,4-6,33,87,0.3333333333333333,0.3793103448275862,1.1379310344827587,0.04597701149425287
67,0067,0,seed_trail_band,0-3,42,111,0.3333333333333333,0.3783783783783784,1.1351351351351353,0.045045045045045085
67,0067,0,seed_trail_band,7-9,34,90,0.3333333333333333,0.37777777777777777,1.1333333333333333,0.04444444444444445
67,6607,6,seed_sum_mod3,1,35,93,0.3333333333333333,0.3763440860215054,1.1290322580645162,0.04301075268817206
67,0067,0,seed_structure,AABC,42,112,0.3333333333333333,0.375,1.125,0.041666666666666685
67,0067,0,seed_unique_count,3,42,112,0.3333333333333333,0.375,1.125,0.041666666666666685
67,0067,0,seed_lead_band,0-3,42,112,0.3333333333333333,0.375,1.125,0.041666666666666685
67,0067,0,seed_sum_band,18-26,55,148,0.3333333333333333,0.3716216216216216,1.114864864864865,0.038288288288288286
67,7706,7,seed_consecutive_pairs,1,52,140,0.3333333333333333,0.37142857142857144,1.1142857142857143,0.038095238095238126
67,6607,6,seed_structure,ABCD,60,163,0.3333333333333333,0.36809815950920244,1.1042944785276074,0.034764826175869123
67,6607,6,seed_unique_count,4,60,163,0.3333333333333333,0.36809815950920244,1.1042944785276074,0.034764826175869123
67,6607,6,seed_repeat_digit,none,60,163,0.3333333333333333,0.36809815950920244,1.1042944785276074,0.034764826175869123
67,0067,0,seed_mirror_pairs_any,no,51,139,0.3333333333333333,0.3669064748201439,1.1007194244604317,0.033573141486810565
67,6607,6,seed_lead_band,4-6,33,90,0.3333333333333333,0.36666666666666664,1.1,0.033333333333333326
67,6607,6,seed_sum_lastdigit,6,12,33,0.3333333333333333,0.36363636363636365,1.090909090909091,0.03030303030303033
67,0067,0,seed_high_count,2,41,113,0.3333333333333333,0.36283185840707965,1.088495575221239,0.02949852507374634
68,0068,0,seed_sum_lastdigit,1,18,27,0.3685897435897436,0.6666666666666666,1.8086956521739128,0.298076923076923
68,6608,6,seed_sum_lastdigit,0,18,40,0.30448717948717946,0.45,1.4778947368421054,0.14551282051282055
68,6608,6,seed_sum_lastdigit,7,15,36,0.30448717948717946,0.4166666666666667,1.3684210526315792,0.11217948717948723
68,8806,8,seed_sum_band,0-9,12,28,0.3269230769230769,0.42857142857142855,1.3109243697478992,0.10164835164835162
68,6608,6,seed_sum_mod3,2,40,101,0.30448717948717946,0.39603960396039606,1.3006774361646694,0.0915524244732166
68,0068,0,seed_prime_count,0,17,36,0.3685897435897436,0.4722222222222222,1.2811594202898549,0.1036324786324786
68,8806,8,seed_sum_lastdigit,6,12,29,0.3269230769230769,0.41379310344827586,1.2657200811359026,0.08687002652519893
68,8806,8,seed_sum_mod3,1,47,114,0.3269230769230769,0.41228070175438597,1.26109391124871,0.08535762483130904
68,0068,0,seed_sum_mod3,0,44,97,0.3685897435897436,0.4536082474226804,1.230658897355446,0.0850185038329368
68,8806,8,seed_spread_band,0-3,16,40,0.3269230769230769,0.4,1.223529411764706,0.0730769230769231
68,0068,0,seed_sum_lastdigit,4,13,29,0.3685897435897436,0.4482758620689655,1.216191904047976,0.07968611847922191
68,8806,8,seed_sum_lastdigit,7,14,36,0.3269230769230769,0.3888888888888889,1.1895424836601307,0.06196581196581197
68,8806,8,seed_trail_band,4-6,30,78,0.3269230769230769,0.38461538461538464,1.1764705882352942,0.05769230769230771
68,6608,6,seed_sum_band,0-9,10,28,0.30448717948717946,0.35714285714285715,1.1729323308270678,0.05265567765567769
68,8806,8,seed_vtrac_unique,2,27,72,0.3269230769230769,0.375,1.1470588235294117,0.04807692307692307
68,6608,6,seed_structure,ABCD,53,152,0.30448717948717946,0.34868421052631576,1.1451523545706372,0.0441970310391363
68,6608,6,seed_unique_count,4,53,152,0.30448717948717946,0.34868421052631576,1.1451523545706372,0.0441970310391363
68,6608,6,seed_repeat_digit,none,53,152,0.30448717948717946,0.34868421052631576,1.1451523545706372,0.0441970310391363
68,6608,6,seed_lead_band,4-6,31,89,0.30448717948717946,0.34831460674157305,1.143938497930219,0.04382742725439359
68,6608,6,seed_trail_band,0-3,49,141,0.30448717948717946,0.3475177304964539,1.1413213885778277,0.04303055100927444
68,0068,0,seed_sum_band,18-26,60,143,0.3685897435897436,0.4195804195804196,1.1383399209486165,0.05099067599067597
68,8806,8,seed_prime_count,3,17,46,0.3269230769230769,0.3695652173913043,1.1304347826086956,0.042642140468227396
68,6608,6,seed_even_count,0,11,32,0.30448717948717946,0.34375,1.1289473684210527,0.03926282051282054
68,6608,6,seed_vtrac_unique,4,22,64,0.30448717948717946,0.34375,1.1289473684210527,0.03926282051282054
68,8806,8,seed_lead_band,7-9,37,101,0.3269230769230769,0.36633663366336633,1.120559114735003,0.0394135567402894
68,8806,8,seed_spread_band,4-6,49,134,0.3269230769230769,0.3656716417910448,1.118525021949078,0.03874856486796785
68,0068,0,seed_trail_band,4-6,32,78,0.3685897435897436,0.41025641025641024,1.1130434782608694,0.04166666666666663
68,0068,0,seed_spread_band,7-9,56,138,0.3685897435897436,0.4057971014492754,1.100945179584121,0.037207357859531776
68,0068,0,seed_high_count,1,34,84,0.3685897435897436,0.40476190476190477,1.0981366459627329,0.036172161172161155
68,6608,6,seed_high_count,2,38,114,0.30448717948717946,0.3333333333333333,1.0947368421052632,0.028846153846153855
68,0068,0,seed_structure,AABC,56,139,0.3685897435897436,0.4028776978417266,1.0930247106662496,0.034287954251983
68,0068,0,seed_unique_count,3,56,139,0.3685897435897436,0.4028776978417266,1.0930247106662496,0.034287954251983
68,8806,8,seed_repeat_digit,1,10,28,0.3269230769230769,0.35714285714285715,1.092436974789916,0.030219780219780223
68,0068,0,seed_lead_band,0-3,49,122,0.3685897435897436,0.4016393442622951,1.0896650035637918,0.03304960067255147
68,0068,0,seed_sum_mod2,1,58,145,0.3685897435897436,0.4,1.085217391304348,0.03141025641025641
68,0068,0,seed_even_count,1,32,80,0.3685897435897436,0.4,1.085217391304348,0.03141025641025641
68,0068,0,seed_even_count,3,26,65,0.3685897435897436,0.4,1.085217391304348,0.03141025641025641
68,6608,6,seed_prime_count,2,38,115,0.30448717948717946,0.33043478260869563,1.085217391304348,0.025947603121516172
68,6608,6,seed_spread_band,7-9,45,138,0.30448717948717946,0.32608695652173914,1.070938215102975,0.021599777034559675
68,6608,6,seed_consecutive_pairs,0,37,114,0.30448717948717946,0.32456140350877194,1.0659279778393353,0.02007422402159248
69,6609,6,seed_prime_count,0,14,28,0.34191176470588236,0.5,1.4623655913978495,0.15808823529411764
69,6609,6,seed_sum_lastdigit,8,12,26,0.34191176470588236,0.46153846153846156,1.349875930521092,0.1196266968325792
69,6609,6,seed_even_count,3,29,64,0.34191176470588236,0.453125,1.325268817204301,0.11121323529411764
69,0069,0,seed_consecutive_pairs,2,21,50,0.33088235294117646,0.42,1.2693333333333334,0.08911764705882352
69,0069,0,seed_sum_lastdigit,0,12,29,0.33088235294117646,0.41379310344827586,1.2505747126436781,0.0829107505070994
69,6609,6,seed_sum_lastdigit,3,11,26,0.34191176470588236,0.4230769230769231,1.237386269644334,0.08116515837104071
69,0069,0,seed_prime_count,3,21,52,0.33088235294117646,0.40384615384615385,1.2205128205128206,0.0729638009049774
69,9906,9,seed_sum_lastdigit,1,11,28,0.3272058823529412,0.39285714285714285,1.2006420545746388,0.06565126050420167
69,9906,9,seed_lead_band,7-9,32,83,0.3272058823529412,0.3855421686746988,1.1782861784215515,0.058336286321757636
69,9906,9,seed_mirror_pairs_any,yes,47,122,0.3272058823529412,0.38524590163934425,1.1773807331000183,0.058040019286403066
69,9906,9,seed_even_count,1,28,73,0.3272058823529412,0.3835616438356164,1.1722333384639063,0.05635576148267524
69,0069,0,seed_sum_lastdigit,2,12,31,0.33088235294117646,0.3870967741935484,1.1698924731182796,0.056214421252371916
69,6609,6,seed_sum_lastdigit,9,10,25,0.34191176470588236,0.4,1.1698924731182796,0.05808823529411766
69,0069,0,seed_high_count,2,36,93,0.33088235294117646,0.3870967741935484,1.1698924731182796,0.056214421252371916
69,9906,9,seed_high_count,3,29,76,0.3272058823529412,0.3815789473684211,1.166173861620343,0.05437306501547989
69,0069,0,seed_vtrac_unique,4,19,50,0.33088235294117646,0.38,1.1484444444444446,0.049117647058823544
69,0069,0,seed_lead_band,0-3,38,100,0.33088235294117646,0.38,1.1484444444444446,0.049117647058823544
69,9906,9,seed_trail_band,0-3,42,112,0.3272058823529412,0.375,1.146067415730337,0.04779411764705882
69,0069,0,seed_spread_band,4-6,47,125,0.33088235294117646,0.376,1.1363555555555556,0.04511764705882354
69,9906,9,seed_sum_lastdigit,4,10,27,0.3272058823529412,0.37037037037037035,1.1319184352892218,0.04316448801742917
69,9906,9,seed_vtrac_unique,2,18,49,0.3272058823529412,0.3673469387755102,1.1226782847970649,0.040141056422569044
69,6609,6,seed_prime_count,1,39,102,0.34191176470588236,0.38235294117647056,1.118279569892473,0.0404411764705882
69,6609,6,seed_vtrac_unique,4,19,50,0.34191176470588236,0.38,1.1113978494623655,0.038088235294117645
69,0069,0,seed_even_count,2,36,98,0.33088235294117646,0.3673469387755102,1.110204081632653,0.03646458583433376
69,6609,6,seed_spread_band,7-9,44,116,0.34191176470588236,0.3793103448275862,1.1093807934742306,0.03739858012170383
69,9906,9,seed_sum_mod3,0,35,97,0.3272058823529412,0.36082474226804123,1.1027452797405306,0.03361885991510005
69,6609,6,seed_sum_mod3,1,31,83,0.34191176470588236,0.37349397590361444,1.0923694779116464,0.03158221119773208
69,6609,6,seed_lead_band,7-9,31,83,0.34191176470588236,0.37349397590361444,1.0923694779116464,0.03158221119773208
69,6609,6,seed_mirror_pairs_any,no,56,150,0.34191176470588236,0.37333333333333335,1.091899641577061,0.03142156862745099
69,9906,9,seed_even_count,2,35,98,0.3272058823529412,0.35714285714285715,1.0914927768860354,0.02993697478991597
69,0069,0,seed_sum_lastdigit,5,13,36,0.33088235294117646,0.3611111111111111,1.0913580246913581,0.030228758169934644
69,6609,6,seed_sum_mod2,1,51,137,0.34191176470588236,0.3722627737226277,1.0887685425005886,0.030351009016745367
69,0069,0,seed_lead_band,4-6,32,89,0.33088235294117646,0.3595505617977528,1.086641697877653,0.028668208856576338
69,6609,6,seed_lead_band,4-6,33,89,0.34191176470588236,0.3707865168539326,1.0844508880028996,0.028874752148050242
69,0069,0,seed_prime_count,2,29,81,0.33088235294117646,0.35802469135802467,1.0820301783264745,0.02714233841684821
69,0069,0,seed_sum_band,10-17,39,109,0.33088235294117646,0.3577981651376147,1.0813455657492355,0.026915812196438238
69,0069,0,seed_spread_band,0-3,11,31,0.33088235294117646,0.3548387096774194,1.0724014336917564,0.023956356736242912
69,6609,6,seed_sum_band,18-26,48,131,0.34191176470588236,0.366412213740458,1.0716572272839202,0.024500449034575655
69,6609,6,seed_trail_band,4-6,30,82,0.34191176470588236,0.36585365853658536,1.070023603461841,0.023941893830702998
69,0069,0,seed_trail_band,4-6,29,82,0.33088235294117646,0.35365853658536583,1.0688346883468833,0.022776183644189374
78,7708,7,seed_sum_lastdigit,1,13,28,0.2868217054263566,0.4642857142857143,1.6187258687258688,0.1774640088593577
78,7708,7,seed_sum_lastdigit,0,12,26,0.2868217054263566,0.46153846153846156,1.6091476091476091,0.17471675611210497
78,0078,0,seed_sum_lastdigit,7,18,35,0.375968992248062,0.5142857142857142,1.3678939617083945,0.13831672203765222
78,7708,7,seed_spread_band,0-3,12,32,0.2868217054263566,0.375,1.3074324324324325,0.0881782945736434
78,7708,7,seed_prime_count,0,15,40,0.2868217054263566,0.375,1.3074324324324325,0.0881782945736434
78,0078,0,seed_sum_lastdigit,6,14,29,0.375968992248062,0.4827586206896552,1.2840383931745467,0.10678962844159318
78,0078,0,seed_vtrac_unique,4,20,42,0.375968992248062,0.47619047619047616,1.2665684830633284,0.10022148394241415
78,8807,8,seed_sum_lastdigit,5,13,31,0.3372093023255814,0.41935483870967744,1.2436040044493883,0.08214553638409605
78,0078,0,seed_lead_band,4-6,38,82,0.375968992248062,0.4634146341463415,1.232587377420166,0.08744564189827947
78,7708,7,seed_sum_band,18-26,40,115,0.2868217054263566,0.34782608695652173,1.2126909518213864,0.06100438153016513
78,7708,7,seed_high_count,3,25,72,0.2868217054263566,0.3472222222222222,1.2105855855855856,0.06040051679586561
78,7708,7,seed_spread_band,4-6,39,113,0.2868217054263566,0.34513274336283184,1.2033006457785218,0.05831103793647524
78,7708,7,seed_sum_lastdigit,3,10,29,0.2868217054263566,0.3448275862068966,1.2022367194780987,0.058005880780539976
78,0078,0,seed_trail_band,7-9,37,82,0.375968992248062,0.45121951219512196,1.2001508674880563,0.07525051994705995
78,0078,0,seed_prime_count,1,36,81,0.375968992248062,0.4444444444444444,1.1821305841924399,0.0684754521963824
78,8807,8,seed_trail_band,0-3,41,103,0.3372093023255814,0.39805825242718446,1.1804486106461332,0.06084895010160307
78,0078,0,seed_vtrac_unique,2,26,59,0.375968992248062,0.4406779661016949,1.1721125283941989,0.06470897385363289
78,7708,7,seed_lead_band,7-9,26,78,0.2868217054263566,0.3333333333333333,1.162162162162162,0.046511627906976716
78,0078,0,seed_consecutive_pairs,0,39,90,0.375968992248062,0.43333333333333335,1.152577319587629,0.05736434108527133
78,7708,7,seed_trail_band,7-9,27,82,0.2868217054263566,0.32926829268292684,1.1479894528675016,0.042446587256570245
78,7708,7,seed_trail_band,4-6,24,73,0.2868217054263566,0.3287671232876712,1.1462421325435024,0.041945417861314616
78,8807,8,seed_consecutive_pairs,2,17,44,0.3372093023255814,0.38636363636363635,1.14576802507837,0.04915433403805497
78,8807,8,seed_mirror_pairs_any,yes,47,122,0.3372093023255814,0.38524590163934425,1.1424533634821934,0.04803659931376286
78,8807,8,seed_prime_count,3,15,39,0.3372093023255814,0.38461538461538464,1.140583554376658,0.04740608228980325
78,8807,8,seed_lead_band,7-9,30,78,0.3372093023255814,0.38461538461538464,1.140583554376658,0.04740608228980325
78,0078,0,seed_sum_lastdigit,8,12,28,0.375968992248062,0.42857142857142855,1.1399116347569955,0.05260243632336653
78,8807,8,seed_structure,ABCD,48,125,0.3372093023255814,0.384,1.1387586206896552,0.046790697674418624
78,8807,8,seed_unique_count,4,48,125,0.3372093023255814,0.384,1.1387586206896552,0.046790697674418624
78,8807,8,seed_repeat_digit,none,48,125,0.3372093023255814,0.384,1.1387586206896552,0.046790697674418624
78,8807,8,seed_trail_band,4-6,28,73,0.3372093023255814,0.3835616438356164,1.1374586679263108,0.04635234151003503
78,0078,0,seed_mirror_pairs_any,no,58,136,0.375968992248062,0.4264705882352941,1.1343238326258338,0.050501595987232084
78,7708,7,seed_even_count,1,24,74,0.2868217054263566,0.32432432432432434,1.1307523739956173,0.03750261889796774
78,0078,0,seed_spread_band,7-9,48,113,0.375968992248062,0.4247787610619469,1.1298239211750754,0.04880976881388488
78,0078,0,seed_sum_band,10-17,47,111,0.375968992248062,0.42342342342342343,1.1262190025076624,0.04745443117536141
78,8807,8,seed_sum_lastdigit,3,11,29,0.3372093023255814,0.3793103448275862,1.1248513674197385,0.042101042502004804
78,7708,7,seed_consecutive_pairs,1,39,122,0.2868217054263566,0.319672131147541,1.1145325653522375,0.032850425721184406
78,0078,0,seed_high_count,1,25,60,0.375968992248062,0.4166666666666667,1.1082474226804124,0.04069767441860467
78,8807,8,seed_spread_band,7-9,42,113,0.3372093023255814,0.37168141592920356,1.102227647238328,0.03447211360362218
78,0078,0,seed_even_count,2,36,87,0.375968992248062,0.41379310344827586,1.1006043370067544,0.03782411120021384
78,8807,8,seed_even_count,3,23,62,0.3372093023255814,0.3709677419354839,1.100111234705228,0.03375843960990249
79,0079,0,seed_sum_lastdigit,7,16,33,0.3382352941176471,0.48484848484848486,1.4334650856389985,0.14661319073083778
79,7709,7,seed_sum_lastdigit,0,12,28,0.3014705882352941,0.42857142857142855,1.421602787456446,0.12710084033613445
79,7709,7,seed_vtrac_unique,2,22,56,0.3014705882352941,0.39285714285714285,1.3031358885017421,0.09138655462184875
79,7709,7,seed_high_count,3,31,79,0.3014705882352941,0.3924050632911392,1.3016363075023156,0.09093447505584512
79,7709,7,seed_sum_lastdigit,4,14,37,0.3014705882352941,0.3783783783783784,1.2551087673038894,0.0769077901430843
79,9907,9,seed_sum_lastdigit,5,12,27,0.3602941176470588,0.4444444444444444,1.2335600907029478,0.0841503267973856
79,9907,9,seed_sum_lastdigit,1,14,32,0.3602941176470588,0.4375,1.2142857142857142,0.07720588235294118
79,0079,0,seed_prime_count,3,16,39,0.3382352941176471,0.41025641025641024,1.212931995540691,0.07202111613876316
79,9907,9,seed_sum_lastdigit,2,13,30,0.3602941176470588,0.43333333333333335,1.2027210884353743,0.07303921568627453
79,0079,0,seed_sum_mod3,2,34,85,0.3382352941176471,0.4,1.182608695652174,0.061764705882352944
79,0079,0,seed_sum_lastdigit,2,12,30,0.3382352941176471,0.4,1.182608695652174,0.061764705882352944
79,0079,0,seed_sum_lastdigit,3,14,35,0.3382352941176471,0.4,1.182608695652174,0.061764705882352944
79,0079,0,seed_high_count,1,30,75,0.3382352941176471,0.4,1.182608695652174,0.061764705882352944
79,9907,9,seed_lead_band,0-3,48,113,0.3602941176470588,0.4247787610619469,1.1789777858045873,0.06448464341488808
79,0079,0,seed_sum_band,10-17,47,118,0.3382352941176471,0.3983050847457627,1.1775976418570375,0.06006979062811563
79,9907,9,seed_vtrac_unique,4,27,64,0.3602941176470588,0.421875,1.1709183673469388,0.06158088235294118
79,7709,7,seed_sum_band,18-26,43,122,0.3014705882352941,0.3524590163934426,1.1691323470611756,0.050988428158148524
79,7709,7,seed_prime_count,0,13,37,0.3014705882352941,0.35135135135135137,1.1654581410678972,0.04988076311605727
79,9907,9,seed_spread_band,0-3,13,31,0.3602941176470588,0.41935483870967744,1.163923633969717,0.059060721062618615
79,7709,7,seed_spread_band,4-6,40,114,0.3014705882352941,0.3508771929824561,1.163885323063757,0.04940660474716202
79,9907,9,seed_sum_mod3,0,40,96,0.3602941176470588,0.4166666666666667,1.1564625850340136,0.056372549019607865
79,9907,9,seed_mirror_pairs_any,no,61,147,0.3602941176470588,0.41496598639455784,1.1517423295848952,0.05467186874749902
79,9907,9,seed_high_count,1,31,75,0.3602941176470588,0.41333333333333333,1.1472108843537414,0.05303921568627451
79,7709,7,seed_mirror_pairs_any,yes,43,125,0.3014705882352941,0.344,1.1410731707317072,0.04252941176470587
79,7709,7,seed_sum_lastdigit,1,11,32,0.3014705882352941,0.34375,1.1402439024390245,0.0422794117647059
79,7709,7,seed_even_count,2,33,96,0.3014705882352941,0.34375,1.1402439024390245,0.0422794117647059
79,0079,0,seed_structure,AABC,44,115,0.3382352941176471,0.3826086956521739,1.1311909262759925,0.044373401534526846
79,0079,0,seed_unique_count,3,44,115,0.3382352941176471,0.3826086956521739,1.1311909262759925,0.044373401534526846
79,0079,0,seed_even_count,3,24,63,0.3382352941176471,0.38095238095238093,1.126293995859213,0.04271708683473385
79,0079,0,seed_lead_band,4-6,33,87,0.3382352941176471,0.3793103448275862,1.1214392803598199,0.04107505070993911
79,9907,9,seed_spread_band,7-9,51,127,0.3602941176470588,0.4015748031496063,1.1145749638438052,0.04128068550254749
79,7709,7,seed_lead_band,4-6,29,87,0.3014705882352941,0.3333333333333333,1.1056910569105691,0.031862745098039214
79,7709,7,seed_lead_band,7-9,24,72,0.3014705882352941,0.3333333333333333,1.1056910569105691,0.031862745098039214
79,9907,9,seed_prime_count,2,38,97,0.3602941176470588,0.3917525773195876,1.0873132758257942,0.031458459672528805
79,9907,9,seed_trail_band,7-9,32,82,0.3602941176470588,0.3902439024390244,1.0831259333001493,0.029949784791965584
79,7709,7,seed_even_count,1,26,80,0.3014705882352941,0.325,1.078048780487805,0.02352941176470591
79,7709,7,seed_trail_band,4-6,26,80,0.3014705882352941,0.325,1.078048780487805,0.02352941176470591
79,0079,0,seed_sum_mod2,1,52,143,0.3382352941176471,0.36363636363636365,1.075098814229249,0.025401069518716568
79,0079,0,seed_trail_band,0-3,40,110,0.3382352941176471,0.36363636363636365,1.075098814229249,0.025401069518716568
79,0079,0,seed_consecutive_pairs,0,35,97,0.3382352941176471,0.36082474226804123,1.0667861945316002,0.022589448150394154
89,9908,9,seed_sum_lastdigit,4,13,25,0.32974910394265233,0.52,1.5769565217391304,0.19025089605734768
89,8809,8,seed_high_count,1,39,75,0.34408602150537637,0.52,1.51125,0.17591397849462365
89,0089,0,seed_even_count,1,33,72,0.32616487455197135,0.4583333333333333,1.4052197802197801,0.13216845878136196
89,0089,0,seed_sum_lastdigit,2,13,29,0.32616487455197135,0.4482758620689655,1.374384236453202,0.12211098751699417
89,8809,8,seed_sum_lastdigit,0,12,26,0.34408602150537637,0.46153846153846156,1.3413461538461537,0.11745244003308519
89,8809,8,seed_sum_band,10-17,46,100,0.34408602150537637,0.46,1.336875,0.11591397849462365
89,9908,9,seed_spread_band,0-3,17,40,0.32974910394265233,0.425,1.288858695652174,0.09525089605734766
89,9908,9,seed_sum_lastdigit,9,14,33,0.32974910394265233,0.42424242424242425,1.2865612648221345,0.09449332029977192
89,8809,8,seed_spread_band,7-9,52,118,0.34408602150537637,0.4406779661016949,1.2807203389830508,0.09659194459631854
89,0089,0,seed_high_count,3,33,79,0.32616487455197135,0.4177215189873418,1.2807066351370149,0.09155664443537043
89,0089,0,seed_vtrac_unique,4,22,54,0.32616487455197135,0.4074074074074074,1.2490842490842489,0.08124253285543603
89,0089,0,seed_sum_band,18-26,56,139,0.32616487455197135,0.4028776978417266,1.2351964582180408,0.07671282328975526
89,0089,0,seed_sum_mod3,1,37,92,0.32616487455197135,0.40217391304347827,1.2330387004300047,0.07600903849150692
89,8809,8,seed_consecutive_pairs,0,40,95,0.34408602150537637,0.42105263157894735,1.2236842105263157,0.07696661007357097
89,8809,8,seed_prime_count,0,13,31,0.34408602150537637,0.41935483870967744,1.21875,0.07526881720430106
89,8809,8,seed_structure,AABC,45,108,0.34408602150537637,0.4166666666666667,1.2109375,0.07258064516129031
89,8809,8,seed_unique_count,3,45,108,0.34408602150537637,0.4166666666666667,1.2109375,0.07258064516129031
89,0089,0,seed_sum_lastdigit,3,13,33,0.32616487455197135,0.3939393939393939,1.2077922077922076,0.06777451938742257
89,8809,8,seed_vtrac_unique,2,27,66,0.34408602150537637,0.4090909090909091,1.1889204545454546,0.06500488758553274
89,0089,0,seed_trail_band,7-9,34,88,0.32616487455197135,0.38636363636363635,1.1845654345654344,0.060198761811665
89,8809,8,seed_sum_lastdigit,8,11,27,0.34408602150537637,0.4074074074074074,1.1840277777777777,0.06332138590203101
89,8809,8,seed_prime_count,3,15,37,0.34408602150537637,0.40540540540540543,1.1782094594594594,0.061319383900029056
89,8809,8,seed_sum_mod3,2,40,99,0.34408602150537637,0.40404040404040403,1.174242424242424,0.05995438253502766
89,8809,8,seed_trail_band,0-3,41,102,0.34408602150537637,0.4019607843137255,1.1681985294117647,0.057874762808349134
89,0089,0,seed_spread_band,4-6,46,121,0.32616487455197135,0.38016528925619836,1.1655617110162564,0.05400041470422701
89,9908,9,seed_consecutive_pairs,1,49,128,0.32974910394265233,0.3828125,1.160920516304348,0.05306339605734767
89,9908,9,seed_even_count,3,29,76,0.32974910394265233,0.3815789473684211,1.1571796338672768,0.05182984342576874
89,8809,8,seed_even_count,3,30,76,0.34408602150537637,0.39473684210526316,1.147203947368421,0.05065082059988679
89,9908,9,seed_high_count,2,34,90,0.32974910394265233,0.37777777777777777,1.1456521739130434,0.048028673835125435
89,8809,8,seed_sum_lastdigit,3,13,33,0.34408602150537637,0.3939393939393939,1.1448863636363635,0.04985337243401755
89,8809,8,seed_lead_band,0-3,43,110,0.34408602150537637,0.39090909090909093,1.1360795454545454,0.04682306940371456
89,0089,0,seed_lead_band,4-6,28,76,0.32616487455197135,0.3684210526315789,1.1295546558704452,0.042256178079607576
89,0089,0,seed_structure,ABCD,54,150,0.32616487455197135,0.36,1.1037362637362635,0.033835125448028636
89,0089,0,seed_unique_count,4,54,150,0.32616487455197135,0.36,1.1037362637362635,0.033835125448028636
89,0089,0,seed_repeat_digit,none,54,150,0.32616487455197135,0.36,1.1037362637362635,0.033835125448028636
89,9908,9,seed_spread_band,4-6,44,121,0.32974910394265233,0.36363636363636365,1.1027667984189724,0.033887259693711314
89,9908,9,seed_trail_band,4-6,32,89,0.32974910394265233,0.3595505617977528,1.0903761602344895,0.029801457855100466
89,0089,0,seed_high_count,2,32,90,0.32616487455197135,0.35555555555555557,1.09010989010989,0.029390681003584218
89,0089,0,seed_prime_count,1,31,88,0.32616487455197135,0.3522727272727273,1.0800449550449551,0.026107852720755942
89,0089,0,seed_prime_count,3,13,37,0.32616487455197135,0.35135135135135137,1.0772200772200773,0.02518647679938002
123,1123,1,seed_sum_lastdigit,4,15,31,0.3217665615141956,0.4838709677419355,1.5037950664136623,0.16210440622773992
123,3312,3,seed_spread_band,0-3,17,35,0.34069400630914826,0.4857142857142857,1.4256613756613756,0.14502027940513745
123,1123,1,seed_sum_lastdigit,1,13,29,0.3217665615141956,0.4482758620689655,1.3931710615280595,0.12650930055476994
123,2213,2,seed_sum_lastdigit,5,14,31,0.33753943217665616,0.45161290322580644,1.3379559843231834,0.11407347104915028
123,2213,2,seed_sum_lastdigit,0,17,39,0.33753943217665616,0.4358974358974359,1.2913970764438054,0.09835800372077974
123,1123,1,seed_consecutive_pairs,2,22,54,0.3217665615141956,0.4074074074074074,1.266158315177923,0.0856408458932118
123,3312,3,seed_sum_lastdigit,2,15,35,0.34069400630914826,0.42857142857142855,1.257936507936508,0.08787742226228029
123,2213,2,seed_sum_lastdigit,3,14,33,0.33753943217665616,0.42424242424242425,1.2568677428490513,0.08670299206576809
123,2213,2,seed_sum_lastdigit,7,13,31,0.33753943217665616,0.41935483870967744,1.2423876997286705,0.08181540653302127
123,1123,1,seed_sum_lastdigit,3,13,33,0.3217665615141956,0.3939393939393939,1.2243018419489007,0.07217283242519834
123,1123,1,seed_lead_band,7-9,37,94,0.3217665615141956,0.39361702127659576,1.2232999582811848,0.07185045976240018
123,1123,1,seed_sum_lastdigit,9,11,28,0.3217665615141956,0.39285714285714285,1.22093837535014,0.07109058134294727
123,1123,1,seed_consecutive_pairs,0,38,98,0.3217665615141956,0.3877551020408163,1.2050820328131253,0.06598854052662073
123,3312,3,seed_high_count,3,32,78,0.34069400630914826,0.41025641025641024,1.2041785375118708,0.06956240394726199
123,2213,2,seed_trail_band,4-6,40,99,0.33753943217665616,0.40404040404040403,1.1970168979514773,0.06650097186374787
123,1123,1,seed_trail_band,0-3,48,126,0.3217665615141956,0.38095238095238093,1.1839402427637722,0.05918581943818535
123,3312,3,seed_prime_count,3,20,50,0.34069400630914826,0.4,1.1740740740740743,0.059305993690851766
123,2213,2,seed_high_count,1,36,92,0.33753943217665616,0.391304347826087,1.1592848435595287,0.05376491564943081
123,3312,3,seed_sum_mod3,0,37,94,0.34069400630914826,0.39361702127659576,1.1553388494877856,0.0529230149674475
123,2213,2,seed_sum_band,10-17,57,147,0.33753943217665616,0.3877551020408163,1.1487697882891474,0.05021566986416015
123,2213,2,seed_consecutive_pairs,1,61,158,0.33753943217665616,0.3860759493670886,1.1437951023305335,0.04853651719043245
123,3312,3,seed_sum_lastdigit,7,12,31,0.34069400630914826,0.3870967741935484,1.136200716845878,0.04640276788440012
123,1123,1,seed_prime_count,1,35,96,0.3217665615141956,0.3645833333333333,1.1330678104575163,0.04281677181913773
123,2213,2,seed_even_count,3,29,76,0.33753943217665616,0.3815789473684211,1.1304722085587802,0.04403951519176491
123,2213,2,seed_lead_band,0-3,51,135,0.33753943217665616,0.37777777777777777,1.1192107995846312,0.040238345601121606
123,3312,3,seed_sum_lastdigit,1,11,29,0.34069400630914826,0.3793103448275862,1.113346104725415,0.03861633851843793
123,3312,3,seed_vtrac_unique,2,26,69,0.34069400630914826,0.37681159420289856,1.1060118089103597,0.0361175878937503
123,1123,1,seed_spread_band,7-9,45,128,0.3217665615141956,0.3515625,1.0926011029411764,0.02979593848580442
123,2213,2,seed_structure,ABCD,64,174,0.33753943217665616,0.367816091954023,1.089698141583414,0.03027665977736682
123,2213,2,seed_unique_count,4,64,174,0.33753943217665616,0.367816091954023,1.089698141583414,0.03027665977736682
123,2213,2,seed_repeat_digit,none,64,174,0.33753943217665616,0.367816091954023,1.089698141583414,0.03027665977736682
123,2213,2,seed_prime_count,2,48,131,0.33753943217665616,0.366412213740458,1.0855389883712634,0.028872781563801853
123,3312,3,seed_trail_band,7-9,34,92,0.34069400630914826,0.3695652173913043,1.084742351046699,0.028871211082156067
123,2213,2,seed_sum_mod3,1,41,112,0.33753943217665616,0.36607142857142855,1.084529372496662,0.028531996394772385
123,1123,1,seed_structure,AABC,45,129,0.3217665615141956,0.3488372093023256,1.0841313269493844,0.02707064778813001
123,1123,1,seed_unique_count,3,45,129,0.3217665615141956,0.3488372093023256,1.0841313269493844,0.02707064778813001
123,2213,2,seed_high_count,2,41,113,0.33753943217665616,0.36283185840707965,1.07493176743032,0.025292426230423493
123,2213,2,seed_vtrac_unique,4,25,69,0.33753943217665616,0.36231884057971014,1.0734118921847486,0.024779408403053982
123,1123,1,seed_high_count,2,39,113,0.3217665615141956,0.34513274336283184,1.0726184279021342,0.023366181848636258
123,3312,3,seed_sum_band,18-26,48,132,0.34069400630914826,0.36363636363636365,1.0673400673400675,0.02294235732721539
124,2214,2,seed_sum_lastdigit,7,14,26,0.35,0.5384615384615384,1.5384615384615385,0.18846153846153846
124,2214,2,seed_sum_lastdigit,8,16,31,0.35,0.5161290322580645,1.4746543778801844,0.16612903225806452
124,1124,1,seed_sum_lastdigit,3,13,29,0.31785714285714284,0.4482758620689655,1.4103060829135994,0.1304187192118227
124,4412,4,seed_prime_count,0,16,35,0.33214285714285713,0.45714285714285713,1.3763440860215055,0.125
124,1124,1,seed_even_count,1,33,76,0.31785714285714284,0.4342105263157895,1.3660555884092254,0.11635338345864665
124,1124,1,seed_high_count,3,31,75,0.31785714285714284,0.41333333333333333,1.300374531835206,0.09547619047619049
124,1124,1,seed_sum_lastdigit,9,16,39,0.31785714285714284,0.41025641025641024,1.2906943244021896,0.0923992673992674
124,1124,1,seed_structure,AABC,44,112,0.31785714285714284,0.39285714285714285,1.2359550561797754,0.07500000000000001
124,1124,1,seed_unique_count,3,44,112,0.31785714285714284,0.39285714285714285,1.2359550561797754,0.07500000000000001
124,1124,1,seed_sum_lastdigit,0,11,28,0.31785714285714284,0.39285714285714285,1.2359550561797754,0.07500000000000001
124,4412,4,seed_sum_lastdigit,4,10,25,0.33214285714285713,0.4,1.2043010752688172,0.0678571428571429
124,2214,2,seed_mirror_pairs_any,yes,52,124,0.35,0.41935483870967744,1.19815668202765,0.06935483870967746
124,2214,2,seed_consecutive_pairs,2,23,55,0.35,0.41818181818181815,1.1948051948051948,0.06818181818181818
124,1124,1,seed_sum_lastdigit,1,11,29,0.31785714285714284,0.3793103448275862,1.1933359163115071,0.06145320197044335
124,4412,4,seed_sum_lastdigit,2,13,33,0.33214285714285713,0.3939393939393939,1.1860540892798956,0.061796536796536794
124,2214,2,seed_even_count,3,26,63,0.35,0.4126984126984127,1.1791383219954648,0.0626984126984127
124,2214,2,seed_high_count,1,26,63,0.35,0.4126984126984127,1.1791383219954648,0.0626984126984127
124,2214,2,seed_prime_count,1,40,97,0.35,0.41237113402061853,1.1782032400589102,0.06237113402061856
124,4412,4,seed_consecutive_pairs,1,47,122,0.33214285714285713,0.38524590163934425,1.1598801339679181,0.05310304449648712
124,4412,4,seed_even_count,2,40,104,0.33214285714285713,0.38461538461538464,1.1579818031430935,0.05247252747252751
124,2214,2,seed_sum_mod3,2,32,79,0.35,0.4050632911392405,1.1573236889692586,0.05506329113924052
124,2214,2,seed_structure,ABCD,60,149,0.35,0.40268456375838924,1.1505273250239694,0.05268456375838926
124,2214,2,seed_unique_count,4,60,149,0.35,0.40268456375838924,1.1505273250239694,0.05268456375838926
124,2214,2,seed_repeat_digit,none,60,149,0.35,0.40268456375838924,1.1505273250239694,0.05268456375838926
124,1124,1,seed_lead_band,7-9,34,93,0.31785714285714284,0.3655913978494624,1.1501751842454997,0.047734254992319536
124,2214,2,seed_high_count,2,41,102,0.35,0.4019607843137255,1.1484593837535015,0.05196078431372553
124,4412,4,seed_lead_band,0-3,40,105,0.33214285714285713,0.38095238095238093,1.146953405017921,0.0488095238095238
124,1124,1,seed_consecutive_pairs,2,20,55,0.31785714285714284,0.36363636363636365,1.1440245148110317,0.04577922077922081
124,1124,1,seed_sum_lastdigit,4,9,25,0.31785714285714284,0.36,1.1325842696629214,0.04214285714285715
124,4412,4,seed_sum_mod2,0,53,141,0.33214285714285713,0.375886524822695,1.1317013650575765,0.043743667679837894
124,1124,1,seed_sum_mod2,1,50,139,0.31785714285714284,0.3597122302158273,1.131678926521704,0.041855087358684484
124,1124,1,seed_prime_count,2,34,95,0.31785714285714284,0.35789473684210527,1.1259609698403312,0.04003759398496243
124,4412,4,seed_high_count,3,28,75,0.33214285714285713,0.37333333333333335,1.1240143369175628,0.04119047619047622
124,4412,4,seed_mirror_pairs_any,no,58,156,0.33214285714285713,0.3717948717948718,1.1193824097049905,0.03965201465201468
124,4412,4,seed_sum_mod3,1,41,111,0.33214285714285713,0.36936936936936937,1.1120798217572412,0.03722651222651224
124,1124,1,seed_vtrac_unique,4,24,68,0.31785714285714284,0.35294117647058826,1.1103767349636484,0.03508403361344542
124,4412,4,seed_vtrac_unique,4,25,68,0.33214285714285713,0.36764705882352944,1.1068943706514864,0.03550420168067231
124,2214,2,seed_sum_band,10-17,39,101,0.35,0.38613861386138615,1.1032531824611034,0.03613861386138617
124,4412,4,seed_sum_band,10-17,37,101,0.33214285714285713,0.36633663366336633,1.1029490045778771,0.0341937765205092
124,1124,1,seed_sum_band,18-26,48,138,0.31785714285714284,0.34782608695652173,1.0942843185148998,0.02996894409937889
125,1125,1,seed_sum_lastdigit,4,15,31,0.35135135135135137,0.4838709677419355,1.3771712158808933,0.13251961639058413
125,1125,1,seed_repeat_digit,6,13,27,0.35135135135135137,0.48148148148148145,1.3703703703703702,0.13013013013013008
125,2215,2,seed_prime_count,0,17,35,0.3716216216216216,0.4857142857142857,1.3070129870129872,0.11409266409266411
125,2215,2,seed_sum_lastdigit,2,18,38,0.3716216216216216,0.47368421052631576,1.2746411483253588,0.10206258890469416
125,5512,5,seed_high_count,4,9,26,0.27702702702702703,0.34615384615384615,1.24953095684803,0.06912681912681912
125,5512,5,seed_prime_count,1,32,93,0.27702702702702703,0.34408602150537637,1.2420666142145294,0.06705899447834934
125,5512,5,seed_sum_lastdigit,3,11,32,0.27702702702702703,0.34375,1.2408536585365855,0.06672297297297297
125,1125,1,seed_sum_mod3,2,39,92,0.35135135135135137,0.42391304347826086,1.2065217391304348,0.0725616921269095
125,2215,2,seed_sum_lastdigit,7,15,34,0.3716216216216216,0.4411764705882353,1.1871657754010696,0.06955484896661368
125,2215,2,seed_vtrac_unique,2,29,66,0.3716216216216216,0.4393939393939394,1.1823691460055097,0.06777231777231779
125,1125,1,seed_spread_band,0-3,21,51,0.35135135135135137,0.4117647058823529,1.171945701357466,0.06041335453100155
125,1125,1,seed_trail_band,7-9,34,83,0.35135135135135137,0.40963855421686746,1.165894346617238,0.058287202865516086
125,2215,2,seed_vtrac_unique,4,19,44,0.3716216216216216,0.4318181818181818,1.1619834710743802,0.06019656019656022
125,5512,5,seed_even_count,0,8,25,0.27702702702702703,0.32,1.155121951219512,0.04297297297297298
125,5512,5,seed_sum_lastdigit,2,12,38,0.27702702702702703,0.3157894736842105,1.13992297817715,0.03876244665718348
125,1125,1,seed_even_count,0,10,25,0.35135135135135137,0.4,1.1384615384615384,0.04864864864864865
125,2215,2,seed_even_count,1,28,67,0.3716216216216216,0.417910447761194,1.1245590230664857,0.046288826139572414
125,2215,2,seed_trail_band,4-6,38,91,0.3716216216216216,0.4175824175824176,1.1236763236763239,0.045960795960796
125,5512,5,seed_consecutive_pairs,1,45,147,0.27702702702702703,0.30612244897959184,1.1050273768043803,0.029095421952564815
125,5512,5,seed_sum_band,10-17,41,134,0.27702702702702703,0.30597014925373134,1.1044776119402986,0.02894312222670431
125,2215,2,seed_sum_mod3,0,35,86,0.3716216216216216,0.4069767441860465,1.095137420718816,0.03535512256442491
125,2215,2,seed_sum_mod3,1,48,118,0.3716216216216216,0.4067796610169492,1.094607087827427,0.03515803939532758
125,2215,2,seed_sum_lastdigit,3,13,32,0.3716216216216216,0.40625,1.0931818181818183,0.0346283783783784
125,5512,5,seed_vtrac_unique,3,56,185,0.27702702702702703,0.3027027027027027,1.0926829268292684,0.02567567567567569
125,1125,1,seed_sum_lastdigit,6,13,34,0.35135135135135137,0.38235294117647056,1.088235294117647,0.03100158982511919
125,1125,1,seed_even_count,3,26,68,0.35135135135135137,0.38235294117647056,1.088235294117647,0.03100158982511919
125,5512,5,seed_high_count,1,25,83,0.27702702702702703,0.30120481927710846,1.087275933000294,0.02417779225008143
125,5512,5,seed_even_count,1,20,67,0.27702702702702703,0.29850746268656714,1.077539133600291,0.02148043565954011
125,2215,2,seed_sum_lastdigit,5,10,25,0.3716216216216216,0.4,1.0763636363636364,0.02837837837837842
125,2215,2,seed_spread_band,7-9,48,120,0.3716216216216216,0.4,1.0763636363636364,0.02837837837837842
125,5512,5,seed_spread_band,4-6,37,125,0.27702702702702703,0.296,1.0684878048780486,0.018972972972972957
125,1125,1,seed_consecutive_pairs,0,39,104,0.35135135135135137,0.375,1.0673076923076923,0.02364864864864863
125,2215,2,seed_prime_count,3,19,48,0.3716216216216216,0.3958333333333333,1.0651515151515152,0.024211711711711714
125,1125,1,seed_lead_band,0-3,43,115,0.35135135135135137,0.3739130434782609,1.0642140468227423,0.022561692126909505
125,1125,1,seed_structure,AABC,57,153,0.35135135135135137,0.37254901960784315,1.0603318250377074,0.021197668256491775
125,1125,1,seed_unique_count,3,57,153,0.35135135135135137,0.37254901960784315,1.0603318250377074,0.021197668256491775
125,2215,2,seed_lead_band,7-9,37,94,0.3716216216216216,0.39361702127659576,1.0591876208897486,0.021995399654974157
125,1125,1,seed_prime_count,2,42,113,0.35135135135135137,0.37168141592920356,1.0578624914908101,0.02033006457785219
125,2215,2,seed_sum_mod2,1,53,135,0.3716216216216216,0.3925925925925926,1.0564309764309765,0.020970970970971003
125,2215,2,seed_high_count,2,42,107,0.3716216216216216,0.3925233644859813,1.0562446898895497,0.020901742864359696
126,1126,1,seed_sum_lastdigit,0,13,26,0.36496350364963503,0.5,1.37,0.13503649635036497
126,2216,2,seed_sum_lastdigit,1,12,29,0.3029197080291971,0.41379310344827586,1.3660157872870793,0.11087339541907876
126,6612,6,seed_sum_lastdigit,2,17,38,0.33211678832116787,0.4473684210526316,1.3470213996529787,0.11525163273146372
126,2216,2,seed_sum_lastdigit,9,11,28,0.3029197080291971,0.39285714285714285,1.2969018932874354,0.08993743482794575
126,1126,1,seed_spread_band,0-3,15,32,0.36496350364963503,0.46875,1.284375,0.10378649635036497
126,1126,1,seed_sum_lastdigit,5,12,26,0.36496350364963503,0.46153846153846156,1.2646153846153847,0.09657495788882653
126,2216,2,seed_consecutive_pairs,2,18,47,0.3029197080291971,0.3829787234042553,1.2642912073827224,0.08005901537505822
126,2216,2,seed_trail_band,7-9,31,83,0.3029197080291971,0.37349397590361444,1.2329801132239802,0.07057426787441734
126,2216,2,seed_vtrac_unique,2,22,59,0.3029197080291971,0.3728813559322034,1.2309577292219727,0.0699616479030063
126,6612,6,seed_sum_lastdigit,3,11,27,0.33211678832116787,0.4074074074074074,1.2266992266992267,0.07529061908623952
126,2216,2,seed_even_count,1,26,72,0.3029197080291971,0.3611111111111111,1.1921017402945113,0.058191403081914006
126,6612,6,seed_sum_lastdigit,5,10,26,0.33211678832116787,0.38461538461538464,1.1580726965342352,0.05249859629421677
126,6612,6,seed_sum_mod3,1,37,98,0.33211678832116787,0.37755102040816324,1.1368019735366675,0.045434232086995374
126,2216,2,seed_spread_band,0-3,11,32,0.3029197080291971,0.34375,1.134789156626506,0.0408302919708029
126,2216,2,seed_sum_mod3,0,32,94,0.3029197080291971,0.3404255319148936,1.1238144065624198,0.03750582388569651
126,1126,1,seed_mirror_pairs_any,no,61,149,0.36496350364963503,0.40939597315436244,1.121744966442953,0.0444324695047274
126,6612,6,seed_sum_band,10-17,40,108,0.33211678832116787,0.37037037037037035,1.115181115181115,0.038253582049202484
126,2216,2,seed_lead_band,0-3,35,104,0.3029197080291971,0.33653846153846156,1.1109823911028731,0.033618753509264465
126,1126,1,seed_prime_count,0,15,37,0.36496350364963503,0.40540540540540543,1.1108108108108108,0.04044190175577039
126,1126,1,seed_structure,AABC,47,116,0.36496350364963503,0.4051724137931034,1.1101724137931035,0.04020891014346839
126,1126,1,seed_unique_count,3,47,116,0.36496350364963503,0.4051724137931034,1.1101724137931035,0.04020891014346839
126,6612,6,seed_structure,ABCD,53,144,0.33211678832116787,0.3680555555555556,1.1082112332112333,0.035938767234387714
126,6612,6,seed_unique_count,4,53,144,0.33211678832116787,0.3680555555555556,1.1082112332112333,0.035938767234387714
126,6612,6,seed_repeat_digit,none,53,144,0.33211678832116787,0.3680555555555556,1.1082112332112333,0.035938767234387714
126,1126,1,seed_sum_mod3,2,33,82,0.36496350364963503,0.4024390243902439,1.1026829268292684,0.03747552074060889
126,1126,1,seed_even_count,2,35,87,0.36496350364963503,0.40229885057471265,1.1022988505747127,0.03733534692507762
126,2216,2,seed_sum_lastdigit,3,9,27,0.3029197080291971,0.3333333333333333,1.1004016064257027,0.030413625304136216
126,6612,6,seed_trail_band,0-3,39,107,0.33211678832116787,0.3644859813084112,1.0974632843791723,0.032369192987243334
126,1126,1,seed_even_count,3,30,75,0.36496350364963503,0.4,1.096,0.03503649635036499
126,1126,1,seed_high_count,1,24,60,0.36496350364963503,0.4,1.096,0.03503649635036499
126,6612,6,seed_spread_band,7-9,40,110,0.33211678832116787,0.36363636363636365,1.094905094905095,0.03151957531519578
126,1126,1,seed_consecutive_pairs,1,51,128,0.36496350364963503,0.3984375,1.09171875,0.033473996350364965
126,6612,6,seed_mirror_pairs_any,yes,45,125,0.33211678832116787,0.36,1.083956043956044,0.02788321167883212
126,1126,1,seed_lead_band,7-9,36,91,0.36496350364963503,0.3956043956043956,1.0839560439560438,0.030640891954760552
126,2216,2,seed_mirror_pairs_any,yes,41,125,0.3029197080291971,0.328,1.0827951807228915,0.025080291970802915
126,6612,6,seed_vtrac_unique,3,55,153,0.33211678832116787,0.35947712418300654,1.0823816706169649,0.02736033586183867
126,2216,2,seed_high_count,2,38,116,0.3029197080291971,0.3275862068965517,1.0814291649356045,0.024666498867354614
126,1126,1,seed_trail_band,4-6,33,84,0.36496350364963503,0.39285714285714285,1.0764285714285715,0.027893639207507814
126,6612,6,seed_trail_band,4-6,30,84,0.33211678832116787,0.35714285714285715,1.0753532182103611,0.025026068821689285
126,6612,6,seed_consecutive_pairs,0,33,93,0.33211678832116787,0.3548387096774194,1.0684154555122298,0.022721921356251507
127,1127,1,seed_sum_lastdigit,5,15,31,0.31756756756756754,0.4838709677419355,1.5236787920384354,0.16630340017436795
127,7712,7,seed_sum_lastdigit,7,17,39,0.30405405405405406,0.4358974358974359,1.4336182336182337,0.13184338184338185
127,2217,2,seed_sum_lastdigit,4,14,27,0.3783783783783784,0.5185185185185185,1.3703703703703702,0.1401401401401401
127,1127,1,seed_sum_lastdigit,1,13,30,0.31756756756756754,0.43333333333333335,1.3645390070921988,0.1157657657657658
127,2217,2,seed_sum_lastdigit,6,15,30,0.3783783783783784,0.5,1.3214285714285714,0.1216216216216216
127,1127,1,seed_high_count,1,33,80,0.31756756756756754,0.4125,1.298936170212766,0.09493243243243243
127,1127,1,seed_sum_mod3,0,42,105,0.31756756756756754,0.4,1.2595744680851066,0.08243243243243248
127,1127,1,seed_sum_lastdigit,0,14,35,0.31756756756756754,0.4,1.2595744680851066,0.08243243243243248
127,7712,7,seed_sum_lastdigit,0,13,35,0.30405405405405406,0.37142857142857144,1.2215873015873016,0.06737451737451738
127,2217,2,seed_high_count,3,30,65,0.3783783783783784,0.46153846153846156,1.2197802197802199,0.08316008316008316
127,1127,1,seed_sum_lastdigit,8,12,31,0.31756756756756754,0.3870967741935484,1.218943033630748,0.06952920662598083
127,7712,7,seed_prime_count,0,14,38,0.30405405405405406,0.3684210526315789,1.2116959064327484,0.06436699857752487
127,2217,2,seed_sum_mod3,2,47,106,0.3783783783783784,0.44339622641509435,1.171832884097035,0.06501784803671595
127,7712,7,seed_spread_band,0-3,13,37,0.30405405405405406,0.35135135135135137,1.1555555555555557,0.047297297297297314
127,2217,2,seed_sum_lastdigit,7,17,39,0.3783783783783784,0.4358974358974359,1.152014652014652,0.057519057519057504
127,7712,7,seed_prime_count,1,40,115,0.30405405405405406,0.34782608695652173,1.1439613526570047,0.04377203290246767
127,1127,1,seed_prime_count,2,33,91,0.31756756756756754,0.3626373626373626,1.1419219078793548,0.04506979506979508
127,2217,2,seed_prime_count,3,19,44,0.3783783783783784,0.4318181818181818,1.1412337662337662,0.053439803439803424
127,7712,7,seed_lead_band,4-6,28,81,0.30405405405405406,0.345679012345679,1.1368998628257887,0.041624958291624936
127,1127,1,seed_consecutive_pairs,2,19,53,0.31756756756756754,0.3584905660377358,1.1288639100762745,0.04092299847016828
127,7712,7,seed_even_count,3,26,76,0.30405405405405406,0.34210526315789475,1.1251461988304094,0.03805120910384069
127,7712,7,seed_sum_mod3,1,29,85,0.30405405405405406,0.3411764705882353,1.122091503267974,0.037122416534181246
127,2217,2,seed_vtrac_unique,4,28,66,0.3783783783783784,0.42424242424242425,1.121212121212121,0.045864045864045855
127,1127,1,seed_mirror_pairs_any,yes,46,130,0.31756756756756754,0.35384615384615387,1.114238952536825,0.03627858627858632
127,2217,2,seed_sum_band,18-26,54,131,0.3783783783783784,0.4122137404580153,1.089422028353326,0.03383536207963689
127,7712,7,seed_sum_mod2,1,51,154,0.30405405405405406,0.33116883116883117,1.0891774891774892,0.02711477711477711
127,7712,7,seed_consecutive_pairs,0,31,94,0.30405405405405406,0.32978723404255317,1.0846335697399527,0.02573317998849911
127,7712,7,seed_trail_band,4-6,29,88,0.30405405405405406,0.32954545454545453,1.0838383838383838,0.025491400491400473
127,1127,1,seed_trail_band,0-3,43,125,0.31756756756756754,0.344,1.0832340425531914,0.02643243243243243
127,2217,2,seed_mirror_pairs_any,no,68,166,0.3783783783783784,0.40963855421686746,1.082616179001721,0.03126017583848906
127,2217,2,seed_trail_band,7-9,34,83,0.3783783783783784,0.40963855421686746,1.082616179001721,0.03126017583848906
127,7712,7,seed_vtrac_unique,2,20,61,0.30405405405405406,0.32786885245901637,1.0783242258652095,0.023814798404962312
127,2217,2,seed_sum_lastdigit,3,13,32,0.3783783783783784,0.40625,1.0736607142857142,0.0278716216216216
127,2217,2,seed_spread_band,7-9,54,133,0.3783783783783784,0.40601503759398494,1.0730397422126745,0.02763665921560654
127,2217,2,seed_spread_band,0-3,15,37,0.3783783783783784,0.40540540540540543,1.0714285714285714,0.02702702702702703
127,7712,7,seed_spread_band,4-6,41,126,0.30405405405405406,0.3253968253968254,1.070194003527337,0.02134277134277135
127,1127,1,seed_even_count,2,35,103,0.31756756756756754,0.33980582524271846,1.0700268539557944,0.02223825767515092
127,1127,1,seed_lead_band,0-3,41,121,0.31756756756756754,0.33884297520661155,1.0669949006506068,0.02127540763904401
127,2217,2,seed_high_count,2,44,109,0.3783783783783784,0.4036697247706422,1.0668414154652688,0.025291346392263825
127,1127,1,seed_sum_mod2,0,48,142,0.31756756756756754,0.3380281690140845,1.0644291279592448,0.020460601446516957
128,1128,1,seed_sum_lastdigit,2,19,36,0.3665480427046263,0.5277777777777778,1.4398597626752967,0.16122973507315147
128,1128,1,seed_high_count,3,32,63,0.3665480427046263,0.5079365079365079,1.385729696409308,0.1413884652318816
128,8812,8,seed_sum_band,0-9,11,26,0.3096085409252669,0.4230769230769231,1.3664898320070733,0.11346838215165617
128,8812,8,seed_sum_lastdigit,9,15,37,0.3096085409252669,0.40540540540540543,1.309412861136999,0.09579686448013852
128,2218,2,seed_vtrac_unique,2,27,65,0.3238434163701068,0.4153846153846154,1.2826711749788673,0.09154119901450863
128,2218,2,seed_prime_count,0,13,32,0.3238434163701068,0.40625,1.2544642857142856,0.08240658362989323
128,2218,2,seed_sum_mod3,2,38,95,0.3238434163701068,0.4,1.2351648351648352,0.07615658362989325
128,2218,2,seed_sum_lastdigit,4,12,30,0.3238434163701068,0.4,1.2351648351648352,0.07615658362989325
128,2218,2,seed_trail_band,7-9,30,76,0.3238434163701068,0.39473684210526316,1.2189126662810874,0.07089342573515639
128,8812,8,seed_consecutive_pairs,1,49,133,0.3096085409252669,0.3684210526315789,1.189957652752571,0.05881251170631202
128,2218,2,seed_even_count,1,29,76,0.3238434163701068,0.3815789473684211,1.1782822440717178,0.0577355309983143
128,8812,8,seed_sum_mod3,1,34,94,0.3096085409252669,0.3617021276595745,1.1682562973832233,0.052093586734307584
128,8812,8,seed_vtrac_unique,4,17,47,0.3096085409252669,0.3617021276595745,1.1682562973832233,0.052093586734307584
128,1128,1,seed_consecutive_pairs,2,26,61,0.3665480427046263,0.4262295081967213,1.162820308769696,0.059681465492094965
128,8812,8,seed_trail_band,0-3,42,118,0.3096085409252669,0.3559322033898305,1.1496201052016364,0.0463236624645636
128,1128,1,seed_consecutive_pairs,0,34,81,0.3665480427046263,0.41975308641975306,1.1451516241160253,0.05320504371512674
128,1128,1,seed_trail_band,4-6,36,87,0.3665480427046263,0.41379310344827586,1.1288918647472381,0.047245060743649536
128,2218,2,seed_lead_band,0-3,42,115,0.3238434163701068,0.3652173913043478,1.1277591973244148,0.04137397493424105
128,1128,1,seed_sum_mod3,0,38,92,0.3665480427046263,0.41304347826086957,1.1268467707893626,0.04649543555624325
128,2218,2,seed_sum_lastdigit,7,12,33,0.3238434163701068,0.36363636363636365,1.1228771228771228,0.03979294726625687
128,2218,2,seed_high_count,2,38,105,0.3238434163701068,0.3619047619047619,1.1175300889586604,0.03806134553465512
128,2218,2,seed_vtrac_unique,4,17,47,0.3238434163701068,0.3617021276595745,1.1169043722235212,0.03785871128946772
128,2218,2,seed_sum_lastdigit,5,9,25,0.3238434163701068,0.36,1.1116483516483515,0.03615658362989321
128,8812,8,seed_even_count,3,23,67,0.3096085409252669,0.34328358208955223,1.1087665122662549,0.033675041164285324
128,8812,8,seed_high_count,2,36,105,0.3096085409252669,0.34285714285714286,1.1073891625615764,0.033248601931875954
128,2218,2,seed_consecutive_pairs,0,29,81,0.3238434163701068,0.35802469135802467,1.1055487722154387,0.0341812749879179
128,8812,8,seed_structure,ABCD,51,149,0.3096085409252669,0.3422818791946309,1.1055311270539228,0.03267333826936397
128,8812,8,seed_unique_count,4,51,149,0.3096085409252669,0.3422818791946309,1.1055311270539228,0.03267333826936397
128,8812,8,seed_repeat_digit,none,51,149,0.3096085409252669,0.3422818791946309,1.1055311270539228,0.03267333826936397
128,2218,2,seed_mirror_pairs_any,no,49,137,0.3238434163701068,0.35766423357664234,1.1044357102751263,0.03382081720653557
128,2218,2,seed_prime_count,3,16,45,0.3238434163701068,0.35555555555555557,1.097924297924298,0.031712139185448796
128,1128,1,seed_lead_band,4-6,35,87,0.3665480427046263,0.40229885057471265,1.097533757393148,0.03575080787008633
128,8812,8,seed_spread_band,7-9,37,109,0.3096085409252669,0.3394495412844037,1.0963830011599704,0.029841000359136782
128,1128,1,seed_sum_lastdigit,6,10,25,0.3665480427046263,0.4,1.0912621359223302,0.0334519572953737
128,8812,8,seed_high_count,1,25,74,0.3096085409252669,0.33783783783783783,1.0911773842808326,0.028229296912570923
128,2218,2,seed_spread_band,0-3,18,51,0.3238434163701068,0.35294117647058826,1.089851325145443,0.029097760100481485
128,8812,8,seed_prime_count,1,34,101,0.3096085409252669,0.33663366336633666,1.0872880391487425,0.02702512244106975
128,1128,1,seed_sum_lastdigit,7,13,33,0.3665480427046263,0.3939393939393939,1.0747278611356281,0.027391351234767602
128,1128,1,seed_vtrac_unique,3,66,168,0.3665480427046263,0.39285714285714285,1.0717753120665743,0.02630910015251653
128,1128,1,seed_lead_band,7-9,31,79,0.3665480427046263,0.3924050632911392,1.0705419687845643,0.025857020586512902
129,2219,2,seed_sum_lastdigit,1,17,34,0.34444444444444444,0.5,1.4516129032258065,0.15555555555555556
129,2219,2,seed_prime_count,0,18,38,0.34444444444444444,0.47368421052631576,1.3752122241086586,0.12923976608187132
129,1129,1,seed_sum_lastdigit,7,13,31,0.3148148148148148,0.41935483870967744,1.3320683111954459,0.10454002389486261
129,2219,2,seed_sum_lastdigit,3,13,30,0.34444444444444444,0.43333333333333335,1.2580645161290323,0.0888888888888889
129,9912,9,seed_prime_count,1,42,98,0.34074074074074073,0.42857142857142855,1.2577639751552794,0.08783068783068781
129,2219,2,seed_even_count,1,29,67,0.34444444444444444,0.43283582089552236,1.2566201251805489,0.08839137645107792
129,1129,1,seed_trail_band,7-9,31,79,0.3148148148148148,0.3924050632911392,1.2464631422189127,0.0775902484763244
129,9912,9,seed_vtrac_unique,4,20,48,0.34074074074074073,0.4166666666666667,1.2228260869565217,0.07592592592592595
129,1129,1,seed_consecutive_pairs,2,15,39,0.3148148148148148,0.38461538461538464,1.2217194570135748,0.06980056980056981
129,9912,9,seed_sum_lastdigit,8,14,34,0.34074074074074073,0.4117647058823529,1.2084398976982096,0.07102396514161219
129,1129,1,seed_sum_lastdigit,4,11,29,0.3148148148148148,0.3793103448275862,1.204868154158215,0.06449553001277136
129,9912,9,seed_trail_band,0-3,47,115,0.34074074074074073,0.40869565217391307,1.1994328922495274,0.06795491143317234
129,1129,1,seed_sum_mod3,2,34,92,0.3148148148148148,0.3695652173913043,1.1739130434782608,0.0547504025764895
129,1129,1,seed_sum_lastdigit,5,11,30,0.3148148148148148,0.36666666666666664,1.164705882352941,0.051851851851851816
129,9912,9,seed_sum_mod3,1,29,74,0.34074074074074073,0.3918918918918919,1.150117508813161,0.05115115115115115
129,1129,1,seed_prime_count,2,31,86,0.3148148148148148,0.36046511627906974,1.1450068399452804,0.045650301464254917
129,2219,2,seed_sum_mod2,1,55,140,0.34444444444444444,0.39285714285714285,1.140552995391705,0.04841269841269841
129,2219,2,seed_consecutive_pairs,1,49,125,0.34444444444444444,0.392,1.1380645161290324,0.04755555555555557
129,1129,1,seed_spread_band,0-3,10,28,0.3148148148148148,0.35714285714285715,1.134453781512605,0.042328042328042326
129,2219,2,seed_sum_lastdigit,7,12,31,0.34444444444444444,0.3870967741935484,1.1238293444328824,0.042652329749103934
129,2219,2,seed_trail_band,4-6,29,76,0.34444444444444444,0.3815789473684211,1.1078098471986417,0.03713450292397663
129,2219,2,seed_high_count,3,24,63,0.34444444444444444,0.38095238095238093,1.1059907834101381,0.03650793650793649
129,1129,1,seed_sum_mod2,0,45,130,0.3148148148148148,0.34615384615384615,1.099547511312217,0.03133903133903132
129,1129,1,seed_high_count,2,36,104,0.3148148148148148,0.34615384615384615,1.099547511312217,0.03133903133903132
129,9912,9,seed_high_count,1,28,75,0.34074074074074073,0.37333333333333335,1.0956521739130436,0.03259259259259262
129,1129,1,seed_even_count,2,33,96,0.3148148148148148,0.34375,1.0919117647058822,0.028935185185185175
129,1129,1,seed_vtrac_unique,2,22,64,0.3148148148148148,0.34375,1.0919117647058822,0.028935185185185175
129,9912,9,seed_sum_lastdigit,6,10,27,0.34074074074074073,0.37037037037037035,1.0869565217391304,0.029629629629629617
129,1129,1,seed_trail_band,4-6,26,76,0.3148148148148148,0.34210526315789475,1.0866873065015479,0.02729044834307992
129,9912,9,seed_consecutive_pairs,0,37,100,0.34074074074074073,0.37,1.0858695652173913,0.029259259259259263
129,2219,2,seed_structure,AABC,43,115,0.34444444444444444,0.3739130434782609,1.085553997194951,0.029468599033816434
129,2219,2,seed_unique_count,3,43,115,0.34444444444444444,0.3739130434782609,1.085553997194951,0.029468599033816434
129,9912,9,seed_sum_lastdigit,3,11,30,0.34074074074074073,0.36666666666666664,1.076086956521739,0.025925925925925908
129,9912,9,seed_sum_lastdigit,5,11,30,0.34074074074074073,0.36666666666666664,1.076086956521739,0.025925925925925908
129,9912,9,seed_sum_mod3,0,38,104,0.34074074074074073,0.36538461538461536,1.072324414715719,0.02464387464387463
129,1129,1,seed_lead_band,4-6,28,83,0.3148148148148148,0.3373493975903614,1.0715804394046775,0.022534582775546597
129,9912,9,seed_structure,ABCD,51,140,0.34074074074074073,0.36428571428571427,1.0690993788819876,0.023544973544973535
129,9912,9,seed_unique_count,4,51,140,0.34074074074074073,0.36428571428571427,1.0690993788819876,0.023544973544973535
129,9912,9,seed_repeat_digit,none,51,140,0.34074074074074073,0.36428571428571427,1.0690993788819876,0.023544973544973535
129,9912,9,seed_sum_mod2,0,47,130,0.34074074074074073,0.36153846153846153,1.0610367892976589,0.020797720797720798
134,4413,4,seed_sum_lastdigit,0,18,31,0.34965034965034963,0.5806451612903226,1.6606451612903228,0.23099481163997299
134,4413,4,seed_sum_lastdigit,1,17,31,0.34965034965034963,0.5483870967741935,1.5683870967741935,0.19873674712384387
134,1134,1,seed_sum_lastdigit,8,13,31,0.28321678321678323,0.41935483870967744,1.48068498606133,0.1361380554928942
134,1134,1,seed_sum_lastdigit,3,13,32,0.28321678321678323,0.40625,1.4344135802469136,0.12303321678321677
134,4413,4,seed_spread_band,0-3,15,33,0.34965034965034963,0.45454545454545453,1.3,0.1048951048951049
134,1134,1,seed_sum_lastdigit,2,9,25,0.28321678321678323,0.36,1.271111111111111,0.07678321678321676
134,1134,1,seed_prime_count,3,17,48,0.28321678321678323,0.3541666666666667,1.250514403292181,0.07094988344988346
134,4413,4,seed_high_count,1,34,78,0.34965034965034963,0.4358974358974359,1.2466666666666668,0.08624708624708627
134,3314,3,seed_sum_lastdigit,6,14,31,0.36713286713286714,0.45161290322580644,1.2301075268817203,0.0844800360929393
134,1134,1,seed_sum_mod3,0,33,96,0.28321678321678323,0.34375,1.2137345679012346,0.06053321678321677
134,3314,3,seed_high_count,2,44,100,0.36713286713286714,0.44,1.1984761904761905,0.07286713286713287
134,1134,1,seed_trail_band,7-9,28,83,0.28321678321678323,0.3373493975903614,1.1911349100104118,0.05413261437357819
134,3314,3,seed_sum_lastdigit,7,13,30,0.36713286713286714,0.43333333333333335,1.1803174603174604,0.06620046620046621
134,1134,1,seed_sum_lastdigit,5,10,30,0.28321678321678323,0.3333333333333333,1.176954732510288,0.050116550116550085
134,1134,1,seed_consecutive_pairs,2,19,57,0.28321678321678323,0.3333333333333333,1.176954732510288,0.050116550116550085
134,4413,4,seed_prime_count,0,16,39,0.34965034965034963,0.41025641025641024,1.1733333333333333,0.06060606060606061
134,4413,4,seed_sum_lastdigit,2,10,25,0.34965034965034963,0.4,1.1440000000000001,0.05034965034965039
134,4413,4,seed_consecutive_pairs,1,51,129,0.34965034965034963,0.3953488372093023,1.1306976744186046,0.04569848755895267
134,4413,4,seed_sum_band,10-17,46,117,0.34965034965034963,0.39316239316239315,1.1244444444444446,0.04351204351204352
134,4413,4,seed_trail_band,4-6,35,91,0.34965034965034963,0.38461538461538464,1.1,0.034965034965035
134,3314,3,seed_spread_band,7-9,46,114,0.36713286713286714,0.40350877192982454,1.099081035923141,0.0363759047969574
134,3314,3,seed_consecutive_pairs,2,23,57,0.36713286713286714,0.40350877192982454,1.099081035923141,0.0363759047969574
134,3314,3,seed_vtrac_unique,4,23,57,0.36713286713286714,0.40350877192982454,1.099081035923141,0.0363759047969574
134,1134,1,seed_high_count,3,25,81,0.28321678321678323,0.30864197530864196,1.0897729004724888,0.025425192091858728
134,3314,3,seed_even_count,3,26,65,0.36713286713286714,0.4,1.0895238095238096,0.03286713286713289
134,3314,3,seed_structure,AABC,44,111,0.36713286713286714,0.3963963963963964,1.0797082797082798,0.029263529263529264
134,3314,3,seed_unique_count,3,44,111,0.36713286713286714,0.3963963963963964,1.0797082797082798,0.029263529263529264
134,3314,3,seed_consecutive_pairs,0,38,96,0.36713286713286714,0.3958333333333333,1.0781746031746031,0.02870046620046618
134,3314,3,seed_trail_band,4-6,36,91,0.36713286713286714,0.3956043956043956,1.0775510204081633,0.02847152847152845
134,4413,4,seed_vtrac_unique,3,63,168,0.34965034965034963,0.375,1.0725,0.025349650349650366
134,3314,3,seed_sum_band,18-26,53,135,0.36713286713286714,0.3925925925925926,1.069347442680776,0.02545972545972547
134,1134,1,seed_even_count,1,23,76,0.28321678321678323,0.3026315789473684,1.0685510071474984,0.019414795730585188
134,4413,4,seed_sum_mod3,1,35,94,0.34965034965034963,0.3723404255319149,1.0648936170212766,0.02269007588156524
134,3314,3,seed_sum_mod2,1,55,141,0.36713286713286714,0.3900709219858156,1.0624788922661264,0.022938054852948475
134,4413,4,seed_mirror_pairs_any,yes,49,132,0.34965034965034963,0.3712121212121212,1.0616666666666668,0.02156177156177158
134,4413,4,seed_sum_lastdigit,4,10,27,0.34965034965034963,0.37037037037037035,1.0592592592592593,0.020720020720020715
134,4413,4,seed_structure,AABC,41,111,0.34965034965034963,0.36936936936936937,1.0563963963963965,0.019719019719019737
134,4413,4,seed_unique_count,3,41,111,0.34965034965034963,0.36936936936936937,1.0563963963963965,0.019719019719019737
134,3314,3,seed_sum_lastdigit,8,12,31,0.36713286713286714,0.3870967741935484,1.0543778801843318,0.01996390706068124
134,1134,1,seed_vtrac_unique,4,17,57,0.28321678321678323,0.2982456140350877,1.0530647606670998,0.015028830818304473
135,5513,5,seed_sum_lastdigit,6,14,27,0.31272727272727274,0.5185185185185185,1.6580534022394486,0.20579124579124575
135,1135,1,seed_sum_lastdigit,4,14,30,0.33090909090909093,0.4666666666666667,1.4102564102564101,0.13575757575757574
135,1135,1,seed_sum_lastdigit,3,12,26,0.33090909090909093,0.46153846153846156,1.3947590870667794,0.13062937062937063
135,5513,5,seed_sum_lastdigit,0,13,30,0.31272727272727274,0.43333333333333335,1.3856589147286822,0.1206060606060606
135,1135,1,seed_trail_band,7-9,34,78,0.33090909090909093,0.4358974358974359,1.317272471118625,0.10498834498834497
135,1135,1,seed_lead_band,7-9,32,75,0.33090909090909093,0.4266666666666667,1.2893772893772895,0.09575757575757576
135,1135,1,seed_sum_mod3,2,36,86,0.33090909090909093,0.4186046511627907,1.2650140557117302,0.08769556025369979
135,5513,5,seed_vtrac_unique,2,26,66,0.31272727272727274,0.3939393939393939,1.25968992248062,0.08121212121212118
135,1135,1,seed_vtrac_unique,4,24,58,0.33090909090909093,0.41379310344827586,1.2504736642667675,0.08288401253918493
135,5513,5,seed_high_count,3,21,54,0.31272727272727274,0.3888888888888889,1.2435400516795865,0.07616161616161615
135,3315,3,seed_trail_band,4-6,41,93,0.3563636363636364,0.44086021505376344,1.237107746324336,0.08449657869012706
135,1135,1,seed_consecutive_pairs,2,20,49,0.33090909090909093,0.40816326530612246,1.2334604171338865,0.07725417439703153
135,5513,5,seed_prime_count,0,10,26,0.31272727272727274,0.38461538461538464,1.2298747763864044,0.0718881118881119
135,1135,1,seed_sum_lastdigit,5,12,30,0.33090909090909093,0.4,1.2087912087912087,0.06909090909090909
135,3315,3,seed_sum_lastdigit,3,11,26,0.3563636363636364,0.4230769230769231,1.1872056514913658,0.06671328671328669
135,1135,1,seed_sum_lastdigit,7,11,28,0.33090909090909093,0.39285714285714285,1.1872056514913656,0.06194805194805192
135,3315,3,seed_lead_band,0-3,50,119,0.3563636363636364,0.42016806722689076,1.1790430457897445,0.06380443086325438
135,1135,1,seed_sum_lastdigit,9,12,31,0.33090909090909093,0.3870967741935484,1.1697979439914923,0.056187683284457446
135,5513,5,seed_trail_band,0-3,38,104,0.31272727272727274,0.36538461538461536,1.168381037567084,0.05265734265734262
135,5513,5,seed_sum_mod3,1,36,99,0.31272727272727274,0.36363636363636365,1.1627906976744187,0.050909090909090904
135,1135,1,seed_prime_count,0,10,26,0.33090909090909093,0.38461538461538464,1.1622992392223161,0.053706293706293706
135,1135,1,seed_lead_band,4-6,31,81,0.33090909090909093,0.38271604938271603,1.156559489892823,0.0518069584736251
135,1135,1,seed_even_count,1,24,63,0.33090909090909093,0.38095238095238093,1.151229722658294,0.05004329004329
135,5513,5,seed_consecutive_pairs,0,32,89,0.31272727272727274,0.3595505617977528,1.1497256336556048,0.046823289070480056
135,3315,3,seed_vtrac_unique,2,27,66,0.3563636363636364,0.4090909090909091,1.1479591836734695,0.052727272727272734
135,1135,1,seed_structure,ABCD,55,145,0.33090909090909093,0.3793103448275862,1.1462675255778703,0.04840125391849526
135,1135,1,seed_unique_count,4,55,145,0.33090909090909093,0.3793103448275862,1.1462675255778703,0.04840125391849526
135,1135,1,seed_repeat_digit,none,55,145,0.33090909090909093,0.3793103448275862,1.1462675255778703,0.04840125391849526
135,5513,5,seed_sum_mod2,0,49,137,0.31272727272727274,0.35766423357664234,1.143693770157868,0.0449369608493696
135,1135,1,seed_sum_mod2,1,52,138,0.33090909090909093,0.37681159420289856,1.1387163561076603,0.04590250329380763
135,5513,5,seed_spread_band,0-3,11,31,0.31272727272727274,0.3548387096774194,1.1346586646661665,0.04211143695014663
135,1135,1,seed_even_count,3,28,75,0.33090909090909093,0.37333333333333335,1.1282051282051282,0.04242424242424242
135,3315,3,seed_mirror_pairs_any,yes,51,128,0.3563636363636364,0.3984375,1.1180644132653061,0.04207386363636362
135,1135,1,seed_mirror_pairs_any,no,54,147,0.33090909090909093,0.3673469387755102,1.1101143754204978,0.03643784786641929
135,5513,5,seed_sum_lastdigit,2,9,26,0.31272727272727274,0.34615384615384615,1.1068872987477638,0.0334265734265734
135,5513,5,seed_lead_band,0-3,41,119,0.31272727272727274,0.3445378151260504,1.10171975767051,0.031810542398777675
135,5513,5,seed_sum_mod3,0,31,90,0.31272727272727274,0.34444444444444444,1.101421188630491,0.0317171717171717
135,3315,3,seed_even_count,2,40,102,0.3563636363636364,0.39215686274509803,1.100440176070428,0.03579322638146165
135,3315,3,seed_prime_count,3,18,46,0.3563636363636364,0.391304347826087,1.098047914818101,0.03494071146245059
135,1135,1,seed_vtrac_unique,3,54,149,0.33090909090909093,0.3624161073825503,1.0952135113208938,0.03150701647345938
136,1136,1,seed_sum_lastdigit,8,13,28,0.32116788321167883,0.4642857142857143,1.4456168831168832,0.14311783107403547
136,3316,3,seed_unique_count,2,15,31,0.35036496350364965,0.4838709677419355,1.3810483870967742,0.13350600423828585
136,1136,1,seed_vtrac_unique,4,22,52,0.32116788321167883,0.4230769230769231,1.3173076923076923,0.10190903986524424
136,6613,6,seed_sum_lastdigit,7,12,29,0.3284671532846715,0.41379310344827586,1.2597701149425287,0.08532595016360434
136,3316,3,seed_consecutive_pairs,0,42,96,0.35036496350364965,0.4375,1.2486979166666665,0.08713503649635035
136,1136,1,seed_sum_lastdigit,5,10,25,0.32116788321167883,0.4,1.2454545454545456,0.0788321167883212
136,6613,6,seed_sum_lastdigit,2,11,27,0.3284671532846715,0.4074074074074074,1.2403292181069958,0.07894025412273586
136,6613,6,seed_sum_lastdigit,1,15,37,0.3284671532846715,0.40540540540540543,1.2342342342342343,0.07693825212073391
136,3316,3,seed_prime_count,3,20,47,0.35036496350364965,0.425531914893617,1.2145390070921986,0.07516695138996737
136,6613,6,seed_structure,AABC,45,113,0.3284671532846715,0.39823008849557523,1.2123893805309736,0.06976293521090371
136,6613,6,seed_unique_count,3,45,113,0.3284671532846715,0.39823008849557523,1.2123893805309736,0.06976293521090371
136,1136,1,seed_prime_count,2,38,98,0.32116788321167883,0.3877551020408163,1.2073283858998145,0.06658721882913748
136,3316,3,seed_high_count,2,35,83,0.35036496350364965,0.42168674698795183,1.2035642570281124,0.07132178348430218
136,3316,3,seed_sum_mod3,1,38,91,0.35036496350364965,0.4175824175824176,1.1918498168498168,0.06721745407876795
136,3316,3,seed_prime_count,0,15,36,0.35036496350364965,0.4166666666666667,1.1892361111111112,0.06630170316301703
136,1136,1,seed_lead_band,4-6,31,82,0.32116788321167883,0.3780487804878049,1.1771064301552108,0.05688089727612605
136,6613,6,seed_sum_mod3,0,34,89,0.3284671532846715,0.38202247191011235,1.1630461922596753,0.05355531862544083
136,3316,3,seed_sum_lastdigit,0,11,27,0.35036496350364965,0.4074074074074074,1.1628086419753085,0.057042443903757734
136,1136,1,seed_spread_band,0-3,16,43,0.32116788321167883,0.37209302325581395,1.1585623678646935,0.05092514004413512
136,1136,1,seed_high_count,1,26,70,0.32116788321167883,0.37142857142857144,1.1564935064935065,0.05026068821689261
136,3316,3,seed_trail_band,7-9,34,84,0.35036496350364965,0.40476190476190477,1.1552579365079365,0.054396941258255116
136,1136,1,seed_structure,ABCD,48,130,0.32116788321167883,0.36923076923076925,1.1496503496503496,0.04806288601909042
136,1136,1,seed_unique_count,4,48,130,0.32116788321167883,0.36923076923076925,1.1496503496503496,0.04806288601909042
136,1136,1,seed_repeat_digit,none,48,130,0.32116788321167883,0.36923076923076925,1.1496503496503496,0.04806288601909042
136,3316,3,seed_sum_lastdigit,5,10,25,0.35036496350364965,0.4,1.1416666666666666,0.04963503649635037
136,3316,3,seed_vtrac_unique,2,31,78,0.35036496350364965,0.3974358974358974,1.1343482905982905,0.04707093393224776
136,1136,1,seed_even_count,1,24,66,0.32116788321167883,0.36363636363636365,1.1322314049586777,0.04246848042468482
136,6613,6,seed_vtrac_unique,2,29,78,0.3284671532846715,0.3717948717948718,1.131908831908832,0.043327718510200286
136,6613,6,seed_trail_band,0-3,41,111,0.3284671532846715,0.36936936936936937,1.1245245245245246,0.04090221608469785
136,6613,6,seed_consecutive_pairs,1,48,130,0.3284671532846715,0.36923076923076925,1.1241025641025642,0.04076361594609773
136,3316,3,seed_sum_lastdigit,6,11,28,0.35036496350364965,0.39285714285714285,1.1212797619047619,0.0424921793534932
136,3316,3,seed_consecutive_pairs,2,16,41,0.35036496350364965,0.3902439024390244,1.113821138211382,0.03987893893537475
136,1136,1,seed_sum_lastdigit,6,10,28,0.32116788321167883,0.35714285714285715,1.1120129870129871,0.03597497393117832
136,6613,6,seed_mirror_pairs_any,yes,45,124,0.3284671532846715,0.3629032258064516,1.1048387096774195,0.0344360725217801
136,1136,1,seed_consecutive_pairs,1,46,130,0.32116788321167883,0.35384615384615387,1.1017482517482518,0.03267827063447504
136,6613,6,seed_lead_band,0-3,39,108,0.3284671532846715,0.3611111111111111,1.0993827160493828,0.032643957826439585
136,3316,3,seed_even_count,3,30,78,0.35036496350364965,0.38461538461538464,1.0977564102564104,0.034250421111734985
136,6613,6,seed_prime_count,1,31,86,0.3284671532846715,0.36046511627906974,1.0974160206718346,0.03199796299439822
136,1136,1,seed_spread_band,7-9,37,105,0.32116788321167883,0.3523809523809524,1.0971861471861473,0.031213069169273577
136,1136,1,seed_even_count,2,31,88,0.32116788321167883,0.3522727272727273,1.0968491735537191,0.031104844061048464
137,7713,7,seed_consecutive_pairs,2,20,52,0.2851985559566787,0.38461538461538464,1.3485881207400194,0.09941682865870594
137,1137,1,seed_sum_lastdigit,1,15,31,0.37906137184115524,0.4838709677419355,1.2764976958525347,0.10480959590078026
137,3317,3,seed_lead_band,7-9,33,79,0.33574007220216606,0.4177215189873418,1.2441812984891794,0.08198144678517572
137,7713,7,seed_high_count,1,29,82,0.2851985559566787,0.35365853658536583,1.2400432232170422,0.06845998062868713
137,7713,7,seed_vtrac_unique,4,18,51,0.2851985559566787,0.35294117647058826,1.2375279225614297,0.06774262051390956
137,1137,1,seed_sum_mod3,0,43,93,0.37906137184115524,0.46236559139784944,1.219764464925755,0.0833042195566942
137,3317,3,seed_high_count,2,35,87,0.33574007220216606,0.40229885057471265,1.1982449635397356,0.06655877837254659
137,7713,7,seed_vtrac_unique,2,20,59,0.2851985559566787,0.3389830508474576,1.1885861403132374,0.05378449489077891
137,3317,3,seed_sum_lastdigit,7,11,28,0.33574007220216606,0.39285714285714285,1.1701228878648233,0.05711707065497679
137,7713,7,seed_sum_lastdigit,3,9,27,0.2851985559566787,0.3333333333333333,1.1687763713080168,0.048134777376654614
137,7713,7,seed_even_count,2,35,106,0.2851985559566787,0.330188679245283,1.1577501791258658,0.0449901232886043
137,7713,7,seed_lead_band,4-6,28,85,0.2851985559566787,0.32941176470588235,1.1550260610573344,0.04421320874920365
137,1137,1,seed_even_count,3,28,64,0.37906137184115524,0.4375,1.1541666666666666,0.05843862815884476
137,1137,1,seed_lead_band,0-3,49,113,0.37906137184115524,0.4336283185840708,1.143952802359882,0.05456694674291557
137,1137,1,seed_sum_lastdigit,5,13,30,0.37906137184115524,0.43333333333333335,1.1431746031746033,0.05427196149217811
137,3317,3,seed_even_count,1,27,71,0.33574007220216606,0.38028169014084506,1.1326669695592912,0.044541617938679
137,3317,3,seed_sum_lastdigit,6,11,29,0.33574007220216606,0.3793103448275862,1.1297738227660363,0.043570272625420126
137,1137,1,seed_sum_lastdigit,2,14,33,0.37906137184115524,0.42424242424242425,1.1191919191919193,0.04518105240126902
137,3317,3,seed_sum_mod3,2,33,88,0.33574007220216606,0.375,1.1169354838709677,0.03925992779783394
137,3317,3,seed_consecutive_pairs,1,49,131,0.33574007220216606,0.37404580152671757,1.1140934088483954,0.03830572932455151
137,3317,3,seed_prime_count,2,35,94,0.33574007220216606,0.3723404255319149,1.1090139556165637,0.036600353329748814
137,3317,3,seed_trail_band,4-6,29,78,0.33574007220216606,0.3717948717948718,1.1073890267438655,0.036054799592705744
137,3317,3,seed_sum_lastdigit,3,10,27,0.33574007220216606,0.37037037037037035,1.1031461569095977,0.03463029816820429
137,7713,7,seed_trail_band,7-9,28,89,0.2851985559566787,0.3146067415730337,1.103114777414308,0.029408185616354998
137,7713,7,seed_spread_band,0-3,11,35,0.2851985559566787,0.3142857142857143,1.101989150090416,0.02908715832903558
137,1137,1,seed_prime_count,0,15,36,0.37906137184115524,0.4166666666666667,1.0992063492063493,0.03760529482551145
137,1137,1,seed_trail_band,7-9,37,89,0.37906137184115524,0.4157303370786517,1.0967362225789192,0.036668965237496465
137,7713,7,seed_sum_mod3,1,30,96,0.2851985559566787,0.3125,1.0957278481012658,0.0273014440433213
137,7713,7,seed_sum_lastdigit,6,9,29,0.2851985559566787,0.3103448275862069,1.0881711043212572,0.025146271629528205
137,1137,1,seed_prime_count,1,40,97,0.37906137184115524,0.41237113402061853,1.087874324987727,0.0333097621794633
137,3317,3,seed_prime_count,3,16,44,0.33574007220216606,0.36363636363636365,1.0830889540566961,0.027896291434197584
137,3317,3,seed_trail_band,0-3,40,110,0.33574007220216606,0.36363636363636365,1.0830889540566961,0.027896291434197584
137,1137,1,seed_vtrac_unique,3,67,164,0.37906137184115524,0.40853658536585363,1.0777584204413473,0.029475213524698396
137,3317,3,seed_high_count,3,26,72,0.33574007220216606,0.3611111111111111,1.0755675029868579,0.025371038908945043
137,3317,3,seed_sum_band,18-26,44,122,0.33574007220216606,0.36065573770491804,1.0742111757447559,0.024915665502751982
137,3317,3,seed_spread_band,7-9,40,112,0.33574007220216606,0.35714285714285715,1.0637480798771122,0.02140278494069109
137,7713,7,seed_structure,ABCD,40,132,0.2851985559566787,0.30303030303030304,1.062523973916379,0.017831747073624338
137,7713,7,seed_unique_count,4,40,132,0.2851985559566787,0.30303030303030304,1.062523973916379,0.017831747073624338
137,7713,7,seed_repeat_digit,none,40,132,0.2851985559566787,0.30303030303030304,1.062523973916379,0.017831747073624338
137,1137,1,seed_structure,AABC,49,122,0.37906137184115524,0.4016393442622951,1.0595628415300546,0.022577972421139847
138,1138,1,seed_sum_lastdigit,7,19,37,0.3096085409252669,0.5135135135135135,1.6585896241068654,0.20390497258824658
138,1138,1,seed_sum_lastdigit,2,12,27,0.3096085409252669,0.4444444444444444,1.4355044699872286,0.1348359035191775
138,3318,3,seed_vtrac_unique,4,24,52,0.3309608540925267,0.46153846153846156,1.3945409429280398,0.13057760744593488
138,8813,8,seed_vtrac_unique,2,24,52,0.3594306049822064,0.46153846153846156,1.284082254379284,0.10210785655625515
138,3318,3,seed_sum_lastdigit,5,11,26,0.3309608540925267,0.4230769230769231,1.2783291976840365,0.0921160689843964
138,3318,3,seed_sum_lastdigit,4,13,31,0.3309608540925267,0.41935483870967744,1.2670828997571975,0.08839398461715076
138,1138,1,seed_sum_mod3,0,34,90,0.3096085409252669,0.37777777777777777,1.2201787994891442,0.06816923685251086
138,1138,1,seed_spread_band,0-3,16,43,0.3096085409252669,0.37209302325581395,1.2018176958032611,0.06248448233054704
138,3318,3,seed_consecutive_pairs,2,19,48,0.3309608540925267,0.3958333333333333,1.1960125448028673,0.06487247924080664
138,1138,1,seed_high_count,3,26,72,0.3096085409252669,0.3611111111111111,1.1663473818646233,0.0515025701858442
138,1138,1,seed_high_count,0,9,25,0.3096085409252669,0.36,1.1627586206896552,0.05039145907473308
138,8813,8,seed_lead_band,7-9,30,72,0.3594306049822064,0.4166666666666667,1.1592409240924093,0.05723606168446027
138,3318,3,seed_spread_band,4-6,46,121,0.3309608540925267,0.38016528925619836,1.148671465387008,0.04920443516367168
138,1138,1,seed_prime_count,1,32,90,0.3096085409252669,0.35555555555555557,1.1484035759897828,0.04594701463028866
138,3318,3,seed_trail_band,4-6,33,87,0.3309608540925267,0.3793103448275862,1.1460882461994808,0.04834949073505951
138,1138,1,seed_sum_lastdigit,0,12,34,0.3096085409252669,0.35294117647058826,1.1399594320486817,0.04333263554532135
138,3318,3,seed_structure,ABCD,53,144,0.3309608540925267,0.3680555555555556,1.1120818399044206,0.0370947014630289
138,3318,3,seed_unique_count,4,53,144,0.3309608540925267,0.3680555555555556,1.1120818399044206,0.0370947014630289
138,3318,3,seed_repeat_digit,none,53,144,0.3309608540925267,0.3680555555555556,1.1120818399044206,0.0370947014630289
138,1138,1,seed_mirror_pairs_any,yes,45,131,0.3096085409252669,0.3435114503816794,1.1095025006580679,0.0339029094564125
138,8813,8,seed_structure,AABC,49,123,0.3594306049822064,0.3983739837398374,1.1083474201078645,0.038943378757630986
138,8813,8,seed_unique_count,3,49,123,0.3594306049822064,0.3983739837398374,1.1083474201078645,0.038943378757630986
138,1138,1,seed_trail_band,7-9,26,76,0.3096085409252669,0.34210526315789475,1.1049606775559588,0.03249672223262784
138,8813,8,seed_sum_mod3,2,36,91,0.3594306049822064,0.3956043956043956,1.1006419323251007,0.03617379062218917
138,8813,8,seed_high_count,1,26,66,0.3594306049822064,0.3939393939393939,1.096009600960096,0.03450878895718751
138,8813,8,seed_sum_mod3,1,39,100,0.3594306049822064,0.39,1.0850495049504951,0.0305693950177936
138,3318,3,seed_lead_band,4-6,33,92,0.3309608540925267,0.358695652173913,1.0838008415147264,0.027734798081386347
138,1138,1,seed_vtrac_unique,3,58,173,0.3096085409252669,0.3352601156069364,1.0828516377649327,0.02565157468166951
138,3318,3,seed_sum_band,18-26,45,126,0.3309608540925267,0.35714285714285715,1.0791090629800308,0.02618200305033047
138,3318,3,seed_prime_count,3,15,42,0.3309608540925267,0.35714285714285715,1.0791090629800308,0.02618200305033047
138,8813,8,seed_sum_lastdigit,4,12,31,0.3594306049822064,0.3870967741935484,1.0769722133503672,0.027666169211341962
138,1138,1,seed_spread_band,7-9,39,117,0.3096085409252669,0.3333333333333333,1.0766283524904214,0.02372479240806641
138,1138,1,seed_prime_count,0,9,27,0.3096085409252669,0.3333333333333333,1.0766283524904214,0.02372479240806641
138,8813,8,seed_spread_band,7-9,45,117,0.3594306049822064,0.38461538461538464,1.07006854531607,0.025184779633178223
138,8813,8,seed_sum_band,10-17,43,112,0.3594306049822064,0.38392857142857145,1.0681577086280056,0.024497966446365038
138,8813,8,seed_high_count,2,38,99,0.3594306049822064,0.3838383838383838,1.0679067906790678,0.024407778856177398
138,1138,1,seed_even_count,1,24,73,0.3096085409252669,0.3287671232876712,1.0618800188946622,0.01915858236240431
138,8813,8,seed_trail_band,7-9,29,76,0.3594306049822064,0.3815789473684211,1.0616206357477853,0.02214834238621466
138,8813,8,seed_trail_band,0-3,45,118,0.3594306049822064,0.3813559322033898,1.0610001678133913,0.0219253272211834
138,8813,8,seed_prime_count,3,16,42,0.3594306049822064,0.38095238095238093,1.0598774163130598,0.021521775970174517
139,1139,1,seed_sum_lastdigit,1,19,29,0.36585365853658536,0.6551724137931034,1.7908045977011493,0.28931875525651807
139,3319,3,seed_spread_band,0-3,20,41,0.313588850174216,0.4878048780487805,1.5555555555555556,0.17421602787456447
139,3319,3,seed_unique_count,2,12,25,0.313588850174216,0.48,1.5306666666666666,0.16641114982578398
139,9913,9,seed_sum_lastdigit,6,12,26,0.3205574912891986,0.46153846153846156,1.4397993311036792,0.14098097024926298
139,9913,9,seed_sum_lastdigit,0,12,27,0.3205574912891986,0.4444444444444444,1.3864734299516908,0.12388695315524584
139,3319,3,seed_sum_lastdigit,5,14,33,0.313588850174216,0.42424242424242425,1.352861952861953,0.11065357406820825
139,3319,3,seed_sum_lastdigit,9,12,29,0.313588850174216,0.41379310344827586,1.3195402298850576,0.10020425327405985
139,9913,9,seed_trail_band,7-9,41,102,0.3205574912891986,0.4019607843137255,1.2539428815004263,0.08140329302452692
139,1139,1,seed_lead_band,4-6,37,81,0.36585365853658536,0.4567901234567901,1.248559670781893,0.09093646492020474
139,3319,3,seed_consecutive_pairs,2,18,46,0.313588850174216,0.391304347826087,1.2478260869565219,0.07771549765187097
139,3319,3,seed_sum_lastdigit,2,12,31,0.313588850174216,0.3870967741935484,1.2344086021505376,0.07350792401933237
139,1139,1,seed_sum_lastdigit,4,14,31,0.36585365853658536,0.45161290322580644,1.2344086021505376,0.08575924468922108
139,9913,9,seed_prime_count,3,17,43,0.3205574912891986,0.3953488372093023,1.2333164812942365,0.07479134592010372
139,9913,9,seed_consecutive_pairs,2,18,46,0.3205574912891986,0.391304347826087,1.2206994328922496,0.07074685653688839
139,3319,3,seed_lead_band,7-9,32,84,0.313588850174216,0.38095238095238093,1.2148148148148148,0.06736353077816493
139,3319,3,seed_sum_lastdigit,8,12,32,0.313588850174216,0.375,1.1958333333333335,0.061411149825783995
139,9913,9,seed_spread_band,4-6,45,119,0.3205574912891986,0.37815126050420167,1.1796675191815857,0.05759376921500309
139,3319,3,seed_sum_band,27-36,11,30,0.313588850174216,0.36666666666666664,1.1692592592592592,0.053077816492450636
139,1139,1,seed_spread_band,7-9,54,127,0.36585365853658536,0.4251968503937008,1.1622047244094489,0.05934319185711545
139,9913,9,seed_sum_mod3,1,35,94,0.3205574912891986,0.3723404255319149,1.1615402405180388,0.051782934242716294
139,3319,3,seed_trail_band,0-3,37,102,0.313588850174216,0.3627450980392157,1.1567538126361656,0.04915624786499967
139,9913,9,seed_sum_lastdigit,3,10,27,0.3205574912891986,0.37037037037037035,1.1553945249597424,0.04981287908117177
139,1139,1,seed_prime_count,3,18,43,0.36585365853658536,0.4186046511627907,1.144186046511628,0.05275099262620536
139,3319,3,seed_prime_count,2,29,81,0.313588850174216,0.35802469135802467,1.1417009602194788,0.044435841183808666
139,1139,1,seed_high_count,1,27,65,0.36585365853658536,0.4153846153846154,1.1353846153846154,0.04953095684803005
139,1139,1,seed_trail_band,0-3,42,102,0.36585365853658536,0.4117647058823529,1.1254901960784314,0.045911047345767564
139,1139,1,seed_structure,AABC,51,124,0.36585365853658536,0.4112903225806452,1.1241935483870968,0.04543666404405983
139,1139,1,seed_unique_count,3,51,124,0.36585365853658536,0.4112903225806452,1.1241935483870968,0.04543666404405983
139,9913,9,seed_unique_count,2,9,25,0.3205574912891986,0.36,1.1230434782608696,0.039442508710801405
139,1139,1,seed_even_count,1,29,71,0.36585365853658536,0.4084507042253521,1.116431924882629,0.042597045688766766
139,1139,1,seed_consecutive_pairs,1,54,133,0.36585365853658536,0.40601503759398494,1.1097744360902255,0.04016137905739958
139,9913,9,seed_prime_count,0,12,34,0.3205574912891986,0.35294117647058826,1.1010230179028135,0.032383685181389676
139,3319,3,seed_sum_mod3,2,30,87,0.313588850174216,0.3448275862068966,1.099616858237548,0.03123873603268057
139,1139,1,seed_trail_band,4-6,33,83,0.36585365853658536,0.39759036144578314,1.0867469879518072,0.03173670290919778
139,3319,3,seed_sum_mod3,0,36,106,0.313588850174216,0.33962264150943394,1.0830188679245283,0.026033791335217937
139,1139,1,seed_vtrac_unique,4,19,48,0.36585365853658536,0.3958333333333333,1.0819444444444444,0.029979674796747957
139,1139,1,seed_sum_band,10-17,43,109,0.36585365853658536,0.3944954128440367,1.0782874617737004,0.02864175430745136
139,9913,9,seed_lead_band,0-3,42,122,0.3205574912891986,0.3442622950819672,1.0739486813970065,0.023704803792768625
139,9913,9,seed_sum_mod2,0,50,147,0.3205574912891986,0.3401360544217687,1.0610766045548654,0.019578563132570115
139,1139,1,seed_sum_lastdigit,2,12,31,0.36585365853658536,0.3870967741935484,1.0580645161290323,0.02124311565696302
145,1145,1,seed_sum_band,27-36,13,30,0.3154121863799283,0.43333333333333335,1.3738636363636365,0.11792114695340505
145,5514,5,seed_sum_band,27-36,14,30,0.3548387096774194,0.4666666666666667,1.3151515151515152,0.1118279569892473
145,5514,5,seed_sum_lastdigit,7,12,27,0.3548387096774194,0.4444444444444444,1.2525252525252524,0.08960573476702505
145,1145,1,seed_high_count,3,29,74,0.3154121863799283,0.3918918918918919,1.2424754299754301,0.07647970551196359
145,1145,1,seed_spread_band,0-3,18,46,0.3154121863799283,0.391304347826087,1.240612648221344,0.07589216144615868
145,4415,4,seed_sum_lastdigit,0,13,32,0.32974910394265233,0.40625,1.2319972826086956,0.07650089605734767
145,1145,1,seed_lead_band,4-6,30,79,0.3154121863799283,0.379746835443038,1.2039700805523592,0.0643346490631097
145,1145,1,seed_prime_count,0,17,45,0.3154121863799283,0.37777777777777777,1.1977272727272728,0.062365591397849474
145,4415,4,seed_lead_band,0-3,42,107,0.32974910394265233,0.3925233644859813,1.1903697683868346,0.06277426054332896
145,5514,5,seed_sum_mod3,2,39,93,0.3548387096774194,0.41935483870967744,1.1818181818181819,0.06451612903225806
145,5514,5,seed_sum_lastdigit,1,11,27,0.3548387096774194,0.4074074074074074,1.148148148148148,0.05256869772998801
145,5514,5,seed_sum_lastdigit,8,11,27,0.3548387096774194,0.4074074074074074,1.148148148148148,0.05256869772998801
145,1145,1,seed_consecutive_pairs,2,19,53,0.3154121863799283,0.3584905660377358,1.1365780445969125,0.04307837965780753
145,1145,1,seed_sum_mod3,0,34,95,0.3154121863799283,0.35789473684210527,1.1346889952153112,0.04248255046217697
145,4415,4,seed_sum_mod3,1,34,91,0.32974910394265233,0.37362637362637363,1.1330625895843287,0.0438772696837213
145,1145,1,seed_sum_lastdigit,5,10,28,0.3154121863799283,0.35714285714285715,1.132305194805195,0.041730670762928856
145,4415,4,seed_vtrac_unique,4,20,54,0.32974910394265233,0.37037037037037035,1.1231884057971013,0.04062126642771802
145,5514,5,seed_lead_band,7-9,37,93,0.3548387096774194,0.3978494623655914,1.121212121212121,0.043010752688172005
145,1145,1,seed_sum_lastdigit,9,13,37,0.3154121863799283,0.35135135135135137,1.1139434889434892,0.03593916497142308
145,4415,4,seed_sum_band,18-26,47,128,0.32974910394265233,0.3671875,1.1135360054347827,0.03743839605734767
145,5514,5,seed_even_count,1,24,61,0.3548387096774194,0.39344262295081966,1.1087928464977646,0.03860391327340029
145,1145,1,seed_even_count,3,26,75,0.3154121863799283,0.3466666666666667,1.0990909090909091,0.031254480286738384
145,5514,5,seed_high_count,2,39,100,0.3548387096774194,0.39,1.0990909090909091,0.03516129032258064
145,5514,5,seed_sum_band,10-17,38,98,0.3548387096774194,0.3877551020408163,1.092764378478664,0.03291639236339694
145,4415,4,seed_high_count,2,36,100,0.32974910394265233,0.36,1.0917391304347825,0.030250896057347654
145,1145,1,seed_trail_band,7-9,27,79,0.3154121863799283,0.34177215189873417,1.083573072497123,0.026359965518805872
145,5514,5,seed_prime_count,2,33,86,0.3548387096774194,0.38372093023255816,1.0813953488372092,0.028882220555138782
145,5514,5,seed_vtrac_unique,2,23,61,0.3548387096774194,0.3770491803278688,1.0625931445603576,0.022210470650449454
145,4415,4,seed_prime_count,3,14,40,0.32974910394265233,0.35,1.0614130434782607,0.020250896057347645
145,4415,4,seed_sum_mod2,0,50,143,0.32974910394265233,0.34965034965034963,1.0603526907874734,0.0199012457076973
145,4415,4,seed_prime_count,2,30,86,0.32974910394265233,0.3488372093023256,1.05788675429727,0.019088105359673257
145,1145,1,seed_sum_lastdigit,8,9,27,0.3154121863799283,0.3333333333333333,1.0568181818181819,0.01792114695340502
145,1145,1,seed_prime_count,1,34,102,0.3154121863799283,0.3333333333333333,1.0568181818181819,0.01792114695340502
145,5514,5,seed_sum_lastdigit,4,12,32,0.3548387096774194,0.375,1.0568181818181817,0.020161290322580627
145,4415,4,seed_sum_band,10-17,34,98,0.32974910394265233,0.3469387755102041,1.0521295474711623,0.017189671567551745
145,4415,4,seed_spread_band,7-9,38,110,0.32974910394265233,0.34545454545454546,1.0476284584980238,0.015705441511893126
145,5514,5,seed_even_count,2,39,105,0.3548387096774194,0.37142857142857144,1.0467532467532468,0.01658986175115207
145,4415,4,seed_sum_lastdigit,6,11,32,0.32974910394265233,0.34375,1.0424592391304348,0.014000896057347667
145,4415,4,seed_high_count,1,22,64,0.32974910394265233,0.34375,1.0424592391304348,0.014000896057347667
145,4415,4,seed_trail_band,0-3,35,102,0.32974910394265233,0.3431372549019608,1.0406010230179028,0.013388150959308454
146,4416,4,seed_sum_lastdigit,5,14,26,0.31456953642384106,0.5384615384615384,1.711740890688259,0.22389200203769738
146,4416,4,seed_prime_count,3,20,48,0.31456953642384106,0.4166666666666667,1.324561403508772,0.10209713024282563
146,4416,4,seed_sum_lastdigit,8,12,30,0.31456953642384106,0.4,1.2715789473684211,0.08543046357615897
146,1146,1,seed_sum_lastdigit,9,16,39,0.32450331125827814,0.41025641025641024,1.2642595499738356,0.0857530989981321
146,1146,1,seed_consecutive_pairs,0,40,101,0.32450331125827814,0.39603960396039606,1.220448575469792,0.07153629270211792
146,4416,4,seed_sum_lastdigit,2,14,37,0.31456953642384106,0.3783783783783784,1.2028449502133713,0.06380884195453734
146,1146,1,seed_vtrac_unique,4,23,59,0.32450331125827814,0.3898305084745763,1.2013144240747147,0.06532719721629815
146,6614,6,seed_sum_lastdigit,1,12,28,0.3609271523178808,0.42857142857142855,1.1874180865006552,0.06764427625354774
146,6614,6,seed_sum_lastdigit,4,12,28,0.3609271523178808,0.42857142857142855,1.1874180865006552,0.06764427625354774
146,1146,1,seed_prime_count,2,43,113,0.32450331125827814,0.3805309734513274,1.1726566732887844,0.05602766219304928
146,4416,4,seed_trail_band,0-3,41,113,0.31456953642384106,0.36283185840707965,1.153423381462506,0.0482623219832386
146,6614,6,seed_sum_lastdigit,6,17,41,0.3609271523178808,0.4146341463414634,1.1488028641754306,0.05370699402358259
146,1146,1,seed_prime_count,0,16,43,0.32450331125827814,0.37209302325581395,1.1466540104413858,0.04758971199753581
146,1146,1,seed_spread_band,7-9,45,121,0.32450331125827814,0.371900826446281,1.1460617304773149,0.04739751518800284
146,4416,4,seed_sum_band,0-9,10,28,0.31456953642384106,0.35714285714285715,1.1353383458646618,0.042573320719016094
146,4416,4,seed_sum_lastdigit,1,10,28,0.31456953642384106,0.35714285714285715,1.1353383458646618,0.042573320719016094
146,6614,6,seed_sum_lastdigit,3,11,27,0.3609271523178808,0.4074074074074074,1.128780156303092,0.04648025508952658
146,1146,1,seed_sum_band,18-26,51,140,0.32450331125827814,0.36428571428571427,1.1225947521865889,0.03978240302743613
146,6614,6,seed_high_count,1,32,79,0.3609271523178808,0.4050632911392405,1.122285448844501,0.044136138821359694
146,6614,6,seed_prime_count,1,38,94,0.3609271523178808,0.40425531914893614,1.1200468475502634,0.04332816683105534
146,4416,4,seed_structure,AABC,45,128,0.31456953642384106,0.3515625,1.1175986842105263,0.036992963576158944
146,4416,4,seed_unique_count,3,45,128,0.31456953642384106,0.3515625,1.1175986842105263,0.036992963576158944
146,4416,4,seed_consecutive_pairs,2,20,57,0.31456953642384106,0.3508771929824561,1.1154201292705448,0.036307656558615065
146,6614,6,seed_spread_band,0-3,16,40,0.3609271523178808,0.4,1.108256880733945,0.039072847682119216
146,4416,4,seed_vtrac_unique,3,61,175,0.31456953642384106,0.3485714285714286,1.1080902255639098,0.03400189214758753
146,6614,6,seed_sum_mod3,2,38,96,0.3609271523178808,0.3958333333333333,1.0967125382262997,0.03490618101545251
146,6614,6,seed_prime_count,0,17,43,0.3609271523178808,0.3953488372093023,1.095370172818434,0.0344216848914215
146,1146,1,seed_mirror_pairs_any,no,59,166,0.32450331125827814,0.35542168674698793,1.0952790754856159,0.030918375488709793
146,6614,6,seed_sum_band,10-17,45,114,0.3609271523178808,0.39473684210526316,1.0936745533558667,0.03380968978738236
146,4416,4,seed_sum_mod3,0,36,105,0.31456953642384106,0.34285714285714286,1.0899248120300753,0.028287606433301804
146,1146,1,seed_even_count,3,25,71,0.32450331125827814,0.352112676056338,1.0850819200919803,0.027609364798059866
146,4416,4,seed_spread_band,4-6,48,141,0.31456953642384106,0.3404255319148936,1.0821948488241881,0.025855995491052552
146,4416,4,seed_prime_count,1,32,94,0.31456953642384106,0.3404255319148936,1.0821948488241881,0.025855995491052552
146,1146,1,seed_vtrac_unique,2,22,63,0.32450331125827814,0.3492063492063492,1.0761256883705863,0.02470303794807105
146,4416,4,seed_mirror_pairs_any,yes,46,136,0.31456953642384106,0.3382352941176471,1.0752321981424149,0.023665757693806022
146,4416,4,seed_sum_mod3,1,34,101,0.31456953642384106,0.33663366336633666,1.0701406982803545,0.0220641269424956
146,6614,6,seed_consecutive_pairs,2,22,57,0.3609271523178808,0.38596491228070173,1.069370674392403,0.025037759962820927
146,6614,6,seed_trail_band,4-6,37,96,0.3609271523178808,0.3854166666666667,1.0678516819571866,0.02448951434878588
146,1146,1,seed_trail_band,7-9,32,93,0.32450331125827814,0.34408602150537637,1.0603467193328946,0.019582710247098234
146,1146,1,seed_sum_mod3,2,33,96,0.32450331125827814,0.34375,1.059311224489796,0.019246688741721862
147,1147,1,seed_spread_band,0-3,17,35,0.3561643835616438,0.4857142857142857,1.3637362637362638,0.1295499021526419
147,7714,7,seed_sum_lastdigit,0,13,27,0.3561643835616438,0.48148148148148145,1.3518518518518519,0.12531709791983764
147,4417,4,seed_prime_count,3,14,38,0.2876712328767123,0.3684210526315789,1.280701754385965,0.08074981975486661
147,4417,4,seed_sum_mod3,1,36,99,0.2876712328767123,0.36363636363636365,1.2640692640692641,0.07596513075965133
147,4417,4,seed_sum_lastdigit,1,9,25,0.2876712328767123,0.36,1.2514285714285716,0.07232876712328767
147,1147,1,seed_unique_count,2,11,25,0.3561643835616438,0.44,1.2353846153846155,0.08383561643835619
147,7714,7,seed_lead_band,4-6,32,74,0.3561643835616438,0.43243243243243246,1.2141372141372142,0.07626804887078864
147,1147,1,seed_consecutive_pairs,2,20,47,0.3561643835616438,0.425531914893617,1.1947626841243864,0.06936753133197321
147,1147,1,seed_lead_band,0-3,50,118,0.3561643835616438,0.423728813559322,1.1897001303780965,0.0675644299976782
147,4417,4,seed_consecutive_pairs,2,16,47,0.2876712328767123,0.3404255319148936,1.1833839918946303,0.052754299038181296
147,4417,4,seed_lead_band,7-9,34,100,0.2876712328767123,0.34,1.181904761904762,0.05232876712328771
147,7714,7,seed_sum_lastdigit,5,18,43,0.3561643835616438,0.4186046511627907,1.1753130590339893,0.062440267601146904
147,7714,7,seed_sum_lastdigit,4,12,29,0.3561643835616438,0.41379310344827586,1.1618037135278516,0.05762871988663204
147,1147,1,seed_trail_band,4-6,33,80,0.3561643835616438,0.4125,1.158173076923077,0.05633561643835616
147,7714,7,seed_prime_count,0,14,34,0.3561643835616438,0.4117647058823529,1.156108597285068,0.055600322320709106
147,1147,1,seed_prime_count,1,44,107,0.3561643835616438,0.411214953271028,1.1545650611071172,0.05505056970938421
147,1147,1,seed_sum_lastdigit,6,11,27,0.3561643835616438,0.4074074074074074,1.1438746438746439,0.05124302384576357
147,4417,4,seed_high_count,1,23,70,0.2876712328767123,0.32857142857142857,1.1421768707482993,0.04090019569471626
147,4417,4,seed_vtrac_unique,4,20,61,0.2876712328767123,0.32786885245901637,1.139734582357533,0.040197619582304056
147,7714,7,seed_mirror_pairs_any,yes,58,143,0.3561643835616438,0.40559440559440557,1.1387842926304466,0.049430022032761756
147,4417,4,seed_even_count,3,24,74,0.2876712328767123,0.32432432432432434,1.1274131274131276,0.03665309144761203
147,7714,7,seed_sum_mod2,0,54,135,0.3561643835616438,0.4,1.1230769230769233,0.043835616438356206
147,7714,7,seed_sum_mod3,0,38,95,0.3561643835616438,0.4,1.1230769230769233,0.043835616438356206
147,1147,1,seed_sum_lastdigit,3,14,35,0.3561643835616438,0.4,1.1230769230769233,0.043835616438356206
147,7714,7,seed_trail_band,7-9,35,88,0.3561643835616438,0.3977272727272727,1.1166958041958042,0.04156288916562889
147,1147,1,seed_even_count,1,33,83,0.3561643835616438,0.39759036144578314,1.1163113994439295,0.04142597788413932
147,7714,7,seed_high_count,2,47,120,0.3561643835616438,0.39166666666666666,1.0996794871794873,0.03550228310502285
147,7714,7,seed_sum_band,18-26,53,136,0.3561643835616438,0.3897058823529412,1.0941742081447965,0.033541498791297364
147,4417,4,seed_sum_lastdigit,3,11,35,0.2876712328767123,0.3142857142857143,1.0925170068027212,0.026614481409001967
147,7714,7,seed_sum_mod3,2,38,98,0.3561643835616438,0.3877551020408163,1.0886970172684458,0.0315907184791725
147,1147,1,seed_sum_lastdigit,7,12,31,0.3561643835616438,0.3870967741935484,1.086848635235732,0.03093239063190456
147,7714,7,seed_even_count,2,36,93,0.3561643835616438,0.3870967741935484,1.086848635235732,0.03093239063190456
147,4417,4,seed_sum_mod2,1,49,157,0.2876712328767123,0.31210191082802546,1.0849256900212314,0.02443067795131315
147,7714,7,seed_consecutive_pairs,1,51,132,0.3561643835616438,0.38636363636363635,1.0847902097902098,0.030199252801992538
147,4417,4,seed_vtrac_unique,2,22,71,0.2876712328767123,0.30985915492957744,1.0771294433266263,0.022187922052865128
147,1147,1,seed_mirror_pairs_any,no,57,149,0.3561643835616438,0.3825503355704698,1.0740836344863192,0.026385952008825986
147,4417,4,seed_mirror_pairs_any,no,46,149,0.2876712328767123,0.3087248322147651,1.0731863215084692,0.021053599338052786
147,7714,7,seed_spread_band,7-9,55,144,0.3561643835616438,0.3819444444444444,1.0723824786324787,0.025780060882800604
147,4417,4,seed_trail_band,7-9,27,88,0.2876712328767123,0.3068181818181818,1.0665584415584417,0.01914694894146951
147,1147,1,seed_sum_lastdigit,4,11,29,0.3561643835616438,0.3793103448275862,1.0649867374005304,0.023145961265942372
148,4418,4,seed_sum_lastdigit,1,14,26,0.32167832167832167,0.5384615384615384,1.6739130434782608,0.21678321678321677
148,8814,8,seed_sum_lastdigit,8,15,32,0.34265734265734266,0.46875,1.367984693877551,0.12609265734265734
148,4418,4,seed_sum_lastdigit,3,11,25,0.32167832167832167,0.44,1.3678260869565217,0.11832167832167834
148,4418,4,seed_even_count,1,30,70,0.32167832167832167,0.42857142857142855,1.3322981366459627,0.10689310689310688
148,4418,4,seed_repeat_digit,1,11,26,0.32167832167832167,0.4230769230769231,1.315217391304348,0.1013986013986014
148,4418,4,seed_consecutive_pairs,2,22,53,0.32167832167832167,0.41509433962264153,1.2904019688269075,0.09341601794431986
148,8814,8,seed_prime_count,3,13,30,0.34265734265734266,0.43333333333333335,1.2646258503401362,0.09067599067599069
148,4418,4,seed_consecutive_pairs,0,37,92,0.32167832167832167,0.40217391304347827,1.2502362948960304,0.0804955913651566
148,1148,1,seed_sum_lastdigit,2,18,43,0.3356643356643357,0.4186046511627907,1.247093023255814,0.08294031549845504
148,4418,4,seed_sum_mod2,1,49,125,0.32167832167832167,0.392,1.218608695652174,0.07032167832167835
148,1148,1,seed_lead_band,4-6,33,81,0.3356643356643357,0.4074074074074074,1.2137345679012344,0.0717430717430717
148,1148,1,seed_prime_count,0,21,52,0.3356643356643357,0.40384615384615385,1.203125,0.06818181818181818
148,1148,1,seed_sum_lastdigit,6,12,30,0.3356643356643357,0.4,1.1916666666666667,0.06433566433566434
148,4418,4,seed_spread_band,4-6,46,121,0.32167832167832167,0.38016528925619836,1.1818181818181819,0.05848696757787669
148,1148,1,seed_spread_band,0-3,17,43,0.3356643356643357,0.3953488372093023,1.1778100775193798,0.05968450154496663
148,8814,8,seed_lead_band,0-3,43,108,0.34265734265734266,0.39814814814814814,1.1619425547996975,0.055490805490805484
148,8814,8,seed_trail_band,0-3,44,111,0.34265734265734266,0.3963963963963964,1.1568302996874427,0.053739053739053744
148,4418,4,seed_lead_band,7-9,36,97,0.32167832167832167,0.3711340206185567,1.1537427162707308,0.04945569894023505
148,4418,4,seed_sum_lastdigit,5,10,27,0.32167832167832167,0.37037037037037035,1.1513687600644122,0.048692048692048684
148,1148,1,seed_repeat_digit,1,10,26,0.3356643356643357,0.38461538461538464,1.1458333333333333,0.04895104895104896
148,8814,8,seed_structure,AABC,51,130,0.34265734265734266,0.3923076923076923,1.1448979591836734,0.049650349650349646
148,8814,8,seed_unique_count,3,51,130,0.34265734265734266,0.3923076923076923,1.1448979591836734,0.049650349650349646
148,1148,1,seed_consecutive_pairs,1,53,138,0.3356643356643357,0.38405797101449274,1.1441727053140096,0.04839363535015706
148,4418,4,seed_prime_count,3,11,30,0.32167832167832167,0.36666666666666664,1.1398550724637682,0.044988344988344975
148,8814,8,seed_vtrac_unique,2,30,77,0.34265734265734266,0.38961038961038963,1.1370262390670554,0.04695304695304697
148,1148,1,seed_vtrac_unique,4,17,45,0.3356643356643357,0.37777777777777777,1.1254629629629629,0.04211344211344209
148,8814,8,seed_consecutive_pairs,1,53,138,0.34265734265734266,0.38405797101449274,1.1208222419402543,0.04140062835715008
148,4418,4,seed_prime_count,1,37,103,0.32167832167832167,0.3592233009708738,1.1167159138877163,0.03754497929255213
148,1148,1,seed_structure,ABCD,50,134,0.3356643356643357,0.373134328358209,1.1116293532338308,0.0374699926938733
148,1148,1,seed_unique_count,4,50,134,0.3356643356643357,0.373134328358209,1.1116293532338308,0.0374699926938733
148,1148,1,seed_repeat_digit,none,50,134,0.3356643356643357,0.373134328358209,1.1116293532338308,0.0374699926938733
148,1148,1,seed_sum_mod2,0,60,161,0.3356643356643357,0.37267080745341613,1.1102484472049687,0.03700647178908045
148,4418,4,seed_trail_band,7-9,29,82,0.32167832167832167,0.35365853658536583,1.0994167550371157,0.03198021490704417
148,8814,8,seed_sum_mod3,2,33,88,0.34265734265734266,0.375,1.094387755102041,0.032342657342657344
148,4418,4,seed_vtrac_unique,2,27,77,0.32167832167832167,0.35064935064935066,1.0900621118012424,0.02897102897102899
148,4418,4,seed_sum_mod3,0,35,100,0.32167832167832167,0.35,1.0880434782608694,0.028321678321678312
148,8814,8,seed_sum_lastdigit,2,16,43,0.34265734265734266,0.37209302325581395,1.0859041290934979,0.029435680598471292
148,8814,8,seed_even_count,2,47,127,0.34265734265734266,0.3700787401574803,1.0800257110718303,0.027421397500137668
148,1148,1,seed_even_count,2,46,127,0.3356643356643357,0.36220472440944884,1.0790682414698163,0.026540388745113164
148,1148,1,seed_sum_band,10-17,42,116,0.3356643356643357,0.3620689655172414,1.0786637931034482,0.026404629852905703
149,9914,9,seed_sum_band,27-36,13,26,0.3357142857142857,0.5,1.4893617021276597,0.1642857142857143
149,1149,1,seed_sum_band,0-9,12,25,0.325,0.48,1.4769230769230768,0.15499999999999997
149,4419,4,seed_sum_lastdigit,0,13,26,0.3392857142857143,0.5,1.4736842105263157,0.1607142857142857
149,4419,4,seed_prime_count,3,17,38,0.3392857142857143,0.4473684210526316,1.3185595567867034,0.10808270676691728
149,9914,9,seed_sum_lastdigit,8,12,28,0.3357142857142857,0.42857142857142855,1.2765957446808511,0.09285714285714286
149,9914,9,seed_sum_lastdigit,9,14,33,0.3357142857142857,0.42424242424242425,1.2637008381689234,0.08852813852813857
149,1149,1,seed_even_count,3,33,82,0.325,0.4024390243902439,1.2382739212007505,0.07743902439024392
149,1149,1,seed_sum_lastdigit,7,12,30,0.325,0.4,1.2307692307692308,0.07500000000000001
149,1149,1,seed_vtrac_unique,4,22,56,0.325,0.39285714285714285,1.2087912087912087,0.06785714285714284
149,1149,1,seed_prime_count,0,16,41,0.325,0.3902439024390244,1.200750469043152,0.06524390243902439
149,9914,9,seed_sum_lastdigit,7,12,30,0.3357142857142857,0.4,1.1914893617021278,0.06428571428571433
149,4419,4,seed_even_count,2,38,94,0.3392857142857143,0.40425531914893614,1.1914893617021276,0.06496960486322184
149,9914,9,seed_consecutive_pairs,0,43,109,0.3357142857142857,0.3944954128440367,1.1750927191098968,0.05878112712975103
149,4419,4,seed_sum_band,18-26,45,113,0.3392857142857143,0.39823008849557523,1.1737307871448532,0.05894437420986093
149,1149,1,seed_sum_lastdigit,6,11,29,0.325,0.3793103448275862,1.1671087533156497,0.05431034482758618
149,1149,1,seed_sum_lastdigit,5,14,37,0.325,0.3783783783783784,1.1642411642411643,0.05337837837837839
149,1149,1,seed_mirror_pairs_any,no,55,146,0.325,0.3767123287671233,1.1591148577449948,0.05171232876712328
149,1149,1,seed_prime_count,2,32,85,0.325,0.3764705882352941,1.1583710407239818,0.0514705882352941
149,1149,1,seed_sum_mod3,2,38,101,0.325,0.37623762376237624,1.1576542269611576,0.05123762376237623
149,9914,9,seed_prime_count,2,33,85,0.3357142857142857,0.38823529411764707,1.156445556946183,0.05252100840336138
149,9914,9,seed_lead_band,4-6,34,88,0.3357142857142857,0.38636363636363635,1.1508704061895552,0.050649350649350666
149,4419,4,seed_prime_count,0,16,41,0.3392857142857143,0.3902439024390244,1.1501925545571245,0.0509581881533101
149,9914,9,seed_even_count,1,27,70,0.3357142857142857,0.38571428571428573,1.148936170212766,0.050000000000000044
149,1149,1,seed_structure,AABC,41,110,0.325,0.37272727272727274,1.1468531468531469,0.04772727272727273
149,1149,1,seed_unique_count,3,41,110,0.325,0.37272727272727274,1.1468531468531469,0.04772727272727273
149,9914,9,seed_structure,ABCD,55,143,0.3357142857142857,0.38461538461538464,1.1456628477905075,0.04890109890109895
149,9914,9,seed_unique_count,2,10,26,0.3357142857142857,0.38461538461538464,1.1456628477905075,0.04890109890109895
149,9914,9,seed_unique_count,4,55,143,0.3357142857142857,0.38461538461538464,1.1456628477905075,0.04890109890109895
149,9914,9,seed_repeat_digit,none,55,143,0.3357142857142857,0.38461538461538464,1.1456628477905075,0.04890109890109895
149,1149,1,seed_lead_band,0-3,39,106,0.325,0.36792452830188677,1.1320754716981132,0.042924528301886755
149,4419,4,seed_high_count,3,28,73,0.3392857142857143,0.3835616438356164,1.1304974765681326,0.044275929549902115
149,9914,9,seed_sum_lastdigit,1,11,29,0.3357142857142857,0.3793103448275862,1.1298606016140866,0.0435960591133005
149,9914,9,seed_spread_band,0-3,14,37,0.3357142857142857,0.3783783783783784,1.1270845313398505,0.04266409266409271
149,4419,4,seed_mirror_pairs_any,yes,51,134,0.3392857142857143,0.3805970149253731,1.1217596229379418,0.04131130063965882
149,9914,9,seed_sum_mod3,0,35,93,0.3357142857142857,0.3763440860215054,1.1210249370853353,0.04062980030721969
149,4419,4,seed_consecutive_pairs,1,43,114,0.3392857142857143,0.37719298245614036,1.1117266851338874,0.037907268170426056
149,4419,4,seed_vtrac_unique,2,26,69,0.3392857142857143,0.37681159420289856,1.110602593440122,0.03752587991718426
149,4419,4,seed_sum_mod2,0,48,128,0.3392857142857143,0.375,1.1052631578947367,0.0357142857142857
149,9914,9,seed_sum_lastdigit,4,10,27,0.3357142857142857,0.37037037037037035,1.103230890464933,0.03465608465608466
149,4419,4,seed_high_count,1,28,76,0.3392857142857143,0.3684210526315789,1.0858725761772852,0.029135338345864625
156,6615,6,seed_sum_lastdigit,1,17,28,0.33774834437086093,0.6071428571428571,1.7976190476190474,0.26939451277199616
156,1156,1,seed_sum_lastdigit,2,14,27,0.3675496688741722,0.5185185185185185,1.410744077410744,0.15096884964434631
156,1156,1,seed_sum_lastdigit,7,15,29,0.3675496688741722,0.5172413793103449,1.4072693383038213,0.1496917104361727
156,5516,5,seed_sum_lastdigit,9,12,30,0.2947019867549669,0.4,1.357303370786517,0.10529801324503313
156,5516,5,seed_consecutive_pairs,2,18,45,0.2947019867549669,0.4,1.357303370786517,0.10529801324503313
156,6615,6,seed_lead_band,7-9,47,103,0.33774834437086093,0.4563106796116505,1.3510375023795926,0.11856233524078957
156,5516,5,seed_sum_lastdigit,5,11,28,0.2947019867549669,0.39285714285714285,1.3330658105939004,0.09815515610217596
156,5516,5,seed_trail_band,4-6,34,90,0.2947019867549669,0.37777777777777777,1.2818976279650436,0.08307579102281087
156,6615,6,seed_trail_band,0-3,48,113,0.33774834437086093,0.4247787610619469,1.2576782925559604,0.08703041669108597
156,5516,5,seed_sum_lastdigit,3,9,25,0.2947019867549669,0.36,1.2215730337078652,0.06529801324503309
156,1156,1,seed_prime_count,3,24,54,0.3675496688741722,0.4444444444444444,1.2092092092092093,0.07689477557027224
156,1156,1,seed_sum_lastdigit,3,11,25,0.3675496688741722,0.44,1.197117117117117,0.07245033112582783
156,6615,6,seed_sum_lastdigit,8,14,35,0.33774834437086093,0.4,1.184313725490196,0.06225165562913909
156,5516,5,seed_even_count,1,23,66,0.2947019867549669,0.3484848484848485,1.1824991487912837,0.053782861729881615
156,1156,1,seed_trail_band,7-9,43,99,0.3675496688741722,0.43434343434343436,1.1817271817271817,0.06679376546926219
156,6615,6,seed_high_count,3,31,78,0.33774834437086093,0.3974358974358974,1.1767219708396177,0.05968755306503648
156,6615,6,seed_sum_lastdigit,4,13,33,0.33774834437086093,0.3939393939393939,1.166369578134284,0.05619104956853299
156,1156,1,seed_spread_band,0-3,15,35,0.3675496688741722,0.42857142857142855,1.166023166023166,0.06102175969725637
156,6615,6,seed_sum_lastdigit,5,11,28,0.33774834437086093,0.39285714285714285,1.1631652661064424,0.05510879848628192
156,1156,1,seed_lead_band,0-3,44,105,0.3675496688741722,0.41904761904761906,1.1401115401115403,0.05149795017344688
156,5516,5,seed_sum_mod2,1,47,140,0.2947019867549669,0.3357142857142857,1.1391653290529693,0.041012298959318794
156,1156,1,seed_high_count,1,28,68,0.3675496688741722,0.4117647058823529,1.1202967673555908,0.044215037008180746
156,5516,5,seed_lead_band,4-6,31,94,0.2947019867549669,0.32978723404255317,1.1190533110207983,0.035085247287586274
156,5516,5,seed_spread_band,4-6,41,126,0.2947019867549669,0.3253968253968254,1.104155519885857,0.030694838641858513
156,1156,1,seed_prime_count,0,15,37,0.3675496688741722,0.40540540540540543,1.1029948867786707,0.03785573653123325
156,6615,6,seed_prime_count,1,45,121,0.33774834437086093,0.371900826446281,1.1011181332036946,0.03415248207542004
156,5516,5,seed_even_count,3,24,74,0.2947019867549669,0.32432432432432434,1.1005162465836624,0.02962233756935745
156,1156,1,seed_high_count,2,50,124,0.3675496688741722,0.4032258064516129,1.097064806742226,0.0356761375774407
156,1156,1,seed_even_count,2,49,122,0.3675496688741722,0.4016393442622951,1.0927484861911092,0.03408967538812291
156,1156,1,seed_sum_lastdigit,9,12,30,0.3675496688741722,0.4,1.0882882882882883,0.03245033112582785
156,5516,5,seed_high_count,3,25,78,0.2947019867549669,0.32051282051282054,1.087582829155863,0.025810833757853646
156,6615,6,seed_sum_band,18-26,52,142,0.33774834437086093,0.36619718309859156,1.084230875448771,0.02844883872773063
156,6615,6,seed_even_count,1,24,66,0.33774834437086093,0.36363636363636365,1.0766488413547237,0.025888019265502715
156,6615,6,seed_mirror_pairs_any,no,57,157,0.33774834437086093,0.3630573248407643,1.0749344323716747,0.025308980469903375
156,6615,6,seed_consecutive_pairs,1,50,138,0.33774834437086093,0.36231884057971014,1.0727479397556123,0.024570496208849213
156,1156,1,seed_sum_mod3,1,41,104,0.3675496688741722,0.3942307692307692,1.0725918225918225,0.026681100356597043
156,5516,5,seed_sum_mod3,0,29,92,0.2947019867549669,0.31521739130434784,1.0696140693698095,0.020515404549380944
156,1156,1,seed_prime_count,2,33,84,0.3675496688741722,0.39285714285714285,1.0688545688545688,0.025307473982970674
156,5516,5,seed_prime_count,3,17,54,0.2947019867549669,0.3148148148148148,1.068248023304203,0.02011282805984793
156,5516,5,seed_sum_lastdigit,0,11,35,0.2947019867549669,0.3142857142857143,1.0664526484751204,0.019583727530747386
157,7715,7,seed_spread_band,0-3,19,37,0.3298245614035088,0.5135135135135135,1.556929269695227,0.1836889521100047
157,7715,7,seed_sum_lastdigit,3,13,26,0.3298245614035088,0.5,1.5159574468085104,0.1701754385964912
157,7715,7,seed_unique_count,2,12,25,0.3298245614035088,0.48,1.45531914893617,0.15017543859649118
157,1157,1,seed_prime_count,3,17,35,0.3368421052631579,0.4857142857142857,1.4419642857142858,0.14887218045112782
157,1157,1,seed_sum_lastdigit,4,15,33,0.3368421052631579,0.45454545454545453,1.3494318181818181,0.11770334928229664
157,1157,1,seed_high_count,1,28,63,0.3368421052631579,0.4444444444444444,1.3194444444444444,0.10760233918128653
157,5517,5,seed_consecutive_pairs,2,21,49,0.3333333333333333,0.42857142857142855,1.2857142857142858,0.09523809523809523
157,5517,5,seed_sum_mod3,1,38,92,0.3333333333333333,0.41304347826086957,1.2391304347826089,0.07971014492753625
157,5517,5,seed_vtrac_unique,4,19,46,0.3333333333333333,0.41304347826086957,1.2391304347826089,0.07971014492753625
157,1157,1,seed_sum_lastdigit,8,11,27,0.3368421052631579,0.4074074074074074,1.2094907407407407,0.0705653021442495
157,1157,1,seed_consecutive_pairs,0,37,91,0.3368421052631579,0.4065934065934066,1.2070741758241759,0.0697513013302487
157,7715,7,seed_lead_band,7-9,33,84,0.3298245614035088,0.39285714285714285,1.191109422492401,0.06303258145363405
157,1157,1,seed_sum_lastdigit,7,14,35,0.3368421052631579,0.4,1.1875,0.06315789473684214
157,7715,7,seed_high_count,3,28,72,0.3298245614035088,0.3888888888888889,1.179078014184397,0.0590643274853801
157,1157,1,seed_sum_mod3,0,36,91,0.3368421052631579,0.3956043956043956,1.1744505494505495,0.0587622903412377
157,1157,1,seed_spread_band,4-6,47,120,0.3368421052631579,0.39166666666666666,1.1627604166666667,0.054824561403508776
157,5517,5,seed_sum_lastdigit,5,12,31,0.3333333333333333,0.3870967741935484,1.1612903225806452,0.05376344086021506
157,5517,5,seed_high_count,2,44,116,0.3333333333333333,0.3793103448275862,1.1379310344827587,0.04597701149425287
157,7715,7,seed_sum_lastdigit,2,12,32,0.3298245614035088,0.375,1.1369680851063828,0.0451754385964912
157,5517,5,seed_prime_count,0,17,45,0.3333333333333333,0.37777777777777777,1.1333333333333333,0.04444444444444445
157,5517,5,seed_structure,ABCD,58,154,0.3333333333333333,0.37662337662337664,1.12987012987013,0.04329004329004332
157,5517,5,seed_unique_count,4,58,154,0.3333333333333333,0.37662337662337664,1.12987012987013,0.04329004329004332
157,5517,5,seed_repeat_digit,none,58,154,0.3333333333333333,0.37662337662337664,1.12987012987013,0.04329004329004332
157,1157,1,seed_lead_band,0-3,38,100,0.3368421052631579,0.38,1.128125,0.04315789473684212
157,1157,1,seed_sum_lastdigit,1,11,29,0.3368421052631579,0.3793103448275862,1.1260775862068966,0.0424682395644283
157,5517,5,seed_sum_band,18-26,52,139,0.3333333333333333,0.37410071942446044,1.1223021582733814,0.04076738609112712
157,1157,1,seed_structure,AABC,40,106,0.3368421052631579,0.37735849056603776,1.1202830188679247,0.040516385302879876
157,1157,1,seed_unique_count,3,40,106,0.3368421052631579,0.37735849056603776,1.1202830188679247,0.040516385302879876
157,5517,5,seed_even_count,2,41,110,0.3333333333333333,0.37272727272727274,1.1181818181818184,0.039393939393939426
157,5517,5,seed_trail_band,4-6,30,81,0.3333333333333333,0.37037037037037035,1.1111111111111112,0.037037037037037035
157,7715,7,seed_trail_band,7-9,34,93,0.3298245614035088,0.3655913978494624,1.1084420041180507,0.035766836445953576
157,7715,7,seed_consecutive_pairs,1,51,141,0.3298245614035088,0.3617021276595745,1.096650067904029,0.03187756625606569
157,5517,5,seed_prime_count,2,35,97,0.3333333333333333,0.36082474226804123,1.0824742268041239,0.027491408934707917
157,7715,7,seed_even_count,1,22,62,0.3298245614035088,0.3548387096774194,1.075840768702814,0.025014148273910575
157,7715,7,seed_sum_mod3,2,36,102,0.3298245614035088,0.35294117647058826,1.0700876095118899,0.02311661506707946
157,1157,1,seed_even_count,3,32,89,0.3368421052631579,0.3595505617977528,1.0674157303370786,0.022708456534594912
157,1157,1,seed_trail_band,4-6,29,81,0.3368421052631579,0.35802469135802467,1.0628858024691357,0.021182586094866784
157,7715,7,seed_mirror_pairs_any,no,48,137,0.3298245614035088,0.35036496350364965,1.0622767510482993,0.020540402100140853
157,1157,1,seed_sum_lastdigit,5,11,31,0.3368421052631579,0.3548387096774194,1.0534274193548387,0.017996604414261486
157,5517,5,seed_sum_mod2,0,47,134,0.3333333333333333,0.35074626865671643,1.0522388059701493,0.017412935323383116
158,8815,8,seed_consecutive_pairs,2,18,34,0.3458646616541353,0.5294117647058824,1.530690537084399,0.18354710305174704
158,1158,1,seed_sum_lastdigit,2,12,30,0.2894736842105263,0.4,1.3818181818181818,0.1105263157894737
158,1158,1,seed_sum_mod3,1,31,78,0.2894736842105263,0.3974358974358974,1.3729603729603728,0.10796221322537108
158,1158,1,seed_sum_lastdigit,3,12,32,0.2894736842105263,0.375,1.2954545454545454,0.08552631578947367
158,5518,5,seed_lead_band,4-6,31,66,0.36466165413533835,0.4696969696969697,1.2880349890659168,0.10503531556163137
158,5518,5,seed_sum_lastdigit,5,14,30,0.36466165413533835,0.4666666666666667,1.2797250859106528,0.10200501253132832
158,1158,1,seed_sum_lastdigit,8,11,30,0.2894736842105263,0.36666666666666664,1.2666666666666666,0.07719298245614031
158,1158,1,seed_high_count,3,24,66,0.2894736842105263,0.36363636363636365,1.256198347107438,0.07416267942583732
158,8815,8,seed_sum_lastdigit,5,13,30,0.3458646616541353,0.43333333333333335,1.2528985507246377,0.08746867167919803
158,1158,1,seed_even_count,2,35,97,0.2894736842105263,0.36082474226804123,1.246485473289597,0.0713510580575149
158,1158,1,seed_vtrac_unique,4,16,45,0.2894736842105263,0.35555555555555557,1.2282828282828282,0.06608187134502924
158,5518,5,seed_sum_lastdigit,3,14,32,0.36466165413533835,0.4375,1.199742268041237,0.07283834586466165
158,1158,1,seed_lead_band,7-9,29,85,0.2894736842105263,0.3411764705882353,1.1786096256684493,0.051702786377708976
158,5518,5,seed_high_count,2,44,103,0.36466165413533835,0.42718446601941745,1.17145430887799,0.0625228118840791
158,8815,8,seed_sum_mod3,2,34,84,0.3458646616541353,0.40476190476190477,1.1702898550724639,0.05889724310776945
158,1158,1,seed_prime_count,2,28,83,0.2894736842105263,0.3373493975903614,1.1653888280394302,0.047875713379835094
158,5518,5,seed_even_count,3,30,71,0.36466165413533835,0.4225352112676056,1.1587048061565268,0.05787355713226727
158,5518,5,seed_sum_mod2,1,59,140,0.36466165413533835,0.42142857142857143,1.1556701030927834,0.05676691729323308
158,5518,5,seed_prime_count,0,16,38,0.36466165413533835,0.42105263157894735,1.1546391752577319,0.05639097744360899
158,5518,5,seed_even_count,1,29,69,0.36466165413533835,0.42028985507246375,1.1525474376213953,0.055628200937125394
158,1158,1,seed_sum_band,0-9,9,27,0.2894736842105263,0.3333333333333333,1.1515151515151514,0.04385964912280699
158,1158,1,seed_sum_mod2,0,42,126,0.2894736842105263,0.3333333333333333,1.1515151515151514,0.04385964912280699
158,5518,5,seed_sum_band,10-17,39,94,0.36466165413533835,0.4148936170212766,1.1377495064707173,0.05023196288593823
158,1158,1,seed_vtrac_unique,2,19,58,0.2894736842105263,0.3275862068965517,1.1316614420062696,0.038112522686025385
158,1158,1,seed_sum_band,18-26,40,123,0.2894736842105263,0.3252032520325203,1.1234294161123428,0.03572956782199399
158,8815,8,seed_spread_band,4-6,47,121,0.3458646616541353,0.3884297520661157,1.1230686309737694,0.042565090411980366
158,8815,8,seed_sum_lastdigit,1,12,31,0.3458646616541353,0.3870967741935484,1.1192145862552596,0.04123211253941306
158,8815,8,seed_sum_lastdigit,6,10,26,0.3458646616541353,0.38461538461538464,1.1120401337792643,0.03875072296124932
158,1158,1,seed_spread_band,7-9,37,116,0.2894736842105263,0.31896551724137934,1.1018808777429467,0.02949183303085301
158,8815,8,seed_spread_band,0-3,11,29,0.3458646616541353,0.3793103448275862,1.0967016491754122,0.03344568317345087
158,8815,8,seed_high_count,3,25,66,0.3458646616541353,0.3787878787878788,1.0951910408432148,0.032923217133743465
158,8815,8,seed_prime_count,3,14,37,0.3458646616541353,0.3783783783783784,1.0940070505287898,0.03251371672424308
158,1158,1,seed_high_count,1,19,60,0.2894736842105263,0.31666666666666665,1.0939393939393938,0.027192982456140324
158,8815,8,seed_lead_band,7-9,32,85,0.3458646616541353,0.3764705882352941,1.0884910485933503,0.030605926581158793
158,5518,5,seed_trail_band,0-3,38,96,0.36466165413533835,0.3958333333333333,1.0854810996563573,0.03117167919799496
158,8815,8,seed_trail_band,4-6,30,80,0.3458646616541353,0.375,1.0842391304347827,0.02913533834586468
158,8815,8,seed_vtrac_unique,3,60,161,0.3458646616541353,0.37267080745341613,1.0775047258979207,0.02680614579928081
158,5518,5,seed_mirror_pairs_any,yes,49,125,0.36466165413533835,0.392,1.0749690721649485,0.02733834586466166
158,1158,1,seed_consecutive_pairs,1,46,148,0.2894736842105263,0.3108108108108108,1.0737100737100735,0.021337126600284473
158,1158,1,seed_spread_band,0-3,9,29,0.2894736842105263,0.3103448275862069,1.0721003134796239,0.02087114337568058
159,5519,5,seed_sum_lastdigit,3,15,31,0.3233082706766917,0.4838709677419355,1.49662415603901,0.1605626970652438
159,1159,1,seed_vtrac_unique,4,25,53,0.34210526315789475,0.4716981132075472,1.378809869375907,0.12959285004965243
159,1159,1,seed_high_count,2,47,106,0.34210526315789475,0.44339622641509435,1.2960812772133528,0.1012909632571996
159,1159,1,seed_sum_lastdigit,0,15,34,0.34210526315789475,0.4411764705882353,1.2895927601809953,0.09907120743034054
159,5519,5,seed_trail_band,7-9,32,77,0.3233082706766917,0.4155844155844156,1.2854122621564483,0.0922761449077239
159,9915,9,seed_sum_lastdigit,2,13,32,0.33458646616541354,0.40625,1.214185393258427,0.07166353383458646
159,9915,9,seed_even_count,3,29,72,0.33458646616541354,0.4027777777777778,1.2038077403245944,0.06819131161236425
159,1159,1,seed_sum_lastdigit,7,16,39,0.34210526315789475,0.41025641025641024,1.1992110453648914,0.0681511470985155
159,1159,1,seed_consecutive_pairs,0,36,88,0.34210526315789475,0.4090909090909091,1.1958041958041958,0.06698564593301437
159,5519,5,seed_lead_band,4-6,30,78,0.3233082706766917,0.38461538461538464,1.189624329159213,0.061307113938692925
159,1159,1,seed_sum_lastdigit,9,13,32,0.34210526315789475,0.40625,1.1875,0.06414473684210525
159,5519,5,seed_spread_band,0-3,14,37,0.3233082706766917,0.3783783783783784,1.170333123821496,0.05507010770168669
159,1159,1,seed_prime_count,3,16,40,0.34210526315789475,0.4,1.1692307692307693,0.05789473684210528
159,1159,1,seed_structure,ABCD,50,126,0.34210526315789475,0.3968253968253968,1.1599511599511598,0.05472013366750206
159,1159,1,seed_unique_count,4,50,126,0.34210526315789475,0.3968253968253968,1.1599511599511598,0.05472013366750206
159,1159,1,seed_repeat_digit,none,50,126,0.34210526315789475,0.3968253968253968,1.1599511599511598,0.05472013366750206
159,5519,5,seed_even_count,1,25,67,0.3233082706766917,0.373134328358209,1.1541131551544603,0.049826057681517266
159,9915,9,seed_mirror_pairs_any,yes,42,109,0.33458646616541354,0.3853211009174312,1.1516338521801877,0.05073463475201767
159,5519,5,seed_consecutive_pairs,2,20,54,0.3233082706766917,0.37037037037037035,1.1455641688199827,0.04706209969367864
159,9915,9,seed_sum_mod3,2,36,94,0.33458646616541354,0.3829787234042553,1.1446330384891226,0.048392257238841774
159,9915,9,seed_spread_band,0-3,14,37,0.33458646616541354,0.3783783783783784,1.1308836926814456,0.043791912212964856
159,5519,5,seed_consecutive_pairs,1,43,118,0.3233082706766917,0.3644067796610169,1.1271186440677965,0.04109850898432521
159,9915,9,seed_vtrac_unique,2,18,48,0.33458646616541354,0.375,1.1207865168539326,0.04041353383458646
159,9915,9,seed_prime_count,0,12,32,0.33458646616541354,0.375,1.1207865168539326,0.04041353383458646
159,1159,1,seed_trail_band,0-3,41,107,0.34210526315789475,0.38317757009345793,1.120057512580877,0.041072306935563185
159,9915,9,seed_trail_band,0-3,40,107,0.33458646616541354,0.37383177570093457,1.1172949700724562,0.03924530953552102
159,5519,5,seed_mirror_pairs_any,no,56,157,0.3233082706766917,0.35668789808917195,1.1032439638572062,0.03337962741248024
159,1159,1,seed_even_count,2,35,93,0.34210526315789475,0.3763440860215054,1.1000827129859387,0.03423882286361063
159,5519,5,seed_sum_mod3,0,27,76,0.3233082706766917,0.35526315789473684,1.0988372093023255,0.031954887218045125
159,5519,5,seed_sum_mod3,1,34,96,0.3233082706766917,0.3541666666666667,1.0954457364341086,0.030858395989974974
159,9915,9,seed_structure,AABC,48,131,0.33458646616541354,0.366412213740458,1.095119650055751,0.03182574757504447
159,9915,9,seed_unique_count,3,48,131,0.33458646616541354,0.366412213740458,1.095119650055751,0.03182574757504447
159,1159,1,seed_spread_band,7-9,43,115,0.34210526315789475,0.3739130434782609,1.0929765886287626,0.03180778032036613
159,1159,1,seed_lead_band,0-3,40,107,0.34210526315789475,0.37383177570093457,1.0927390366642702,0.03172651254303982
159,9915,9,seed_high_count,1,21,58,0.33458646616541354,0.3620689655172414,1.0821387059279348,0.027482499351827838
159,1159,1,seed_sum_mod2,0,47,127,0.34210526315789475,0.3700787401574803,1.0817686250757117,0.027973476999585578
159,9915,9,seed_high_count,3,22,61,0.33458646616541354,0.36065573770491804,1.0779149014551483,0.0260692715395045
159,9915,9,seed_vtrac_unique,3,59,164,0.33458646616541354,0.3597560975609756,1.075226089339545,0.025169631395562053
159,5519,5,seed_sum_mod2,1,48,139,0.3233082706766917,0.34532374100719426,1.0680943617199266,0.02201547033050255
159,5519,5,seed_high_count,1,20,58,0.3233082706766917,0.3448275862068966,1.066559743384122,0.021519315530204863
167,1167,1,seed_repeat_digit,5,15,25,0.3573667711598746,0.6,1.6789473684210527,0.2426332288401254
167,6617,6,seed_sum_lastdigit,5,16,38,0.27899686520376177,0.42105263157894735,1.5091661738616202,0.14205576637518558
167,6617,6,seed_sum_lastdigit,7,11,28,0.27899686520376177,0.39285714285714285,1.4081059390048154,0.11386027765338108
167,1167,1,seed_sum_lastdigit,3,15,30,0.3573667711598746,0.5,1.3991228070175439,0.14263322884012541
167,1167,1,seed_sum_lastdigit,0,17,35,0.3573667711598746,0.4857142857142857,1.3591478696741854,0.12834751455441112
167,6617,6,seed_prime_count,3,18,49,0.27899686520376177,0.3673469387755102,1.316670488420087,0.08835007357174846
167,6617,6,seed_vtrac_unique,2,29,79,0.27899686520376177,0.3670886075949367,1.315744559806571,0.08809174239117495
167,6617,6,seed_sum_mod3,0,36,99,0.27899686520376177,0.36363636363636365,1.303370786516854,0.08463949843260188
167,7716,7,seed_vtrac_unique,4,27,58,0.36363636363636365,0.46551724137931033,1.2801724137931034,0.10188087774294668
167,7716,7,seed_sum_lastdigit,2,15,33,0.36363636363636365,0.45454545454545453,1.25,0.09090909090909088
167,1167,1,seed_high_count,3,32,73,0.3573667711598746,0.4383561643835616,1.2266282143715452,0.08098939322368703
167,6617,6,seed_prime_count,0,14,41,0.27899686520376177,0.34146341463414637,1.2238969580707044,0.0624665494303846
167,1167,1,seed_sum_band,0-9,12,28,0.3573667711598746,0.42857142857142855,1.199248120300752,0.07120465741155396
167,7716,7,seed_lead_band,4-6,44,101,0.36363636363636365,0.43564356435643564,1.198019801980198,0.072007200720072
167,1167,1,seed_sum_mod3,2,51,120,0.3573667711598746,0.425,1.1892543859649123,0.0676332288401254
167,6617,6,seed_consecutive_pairs,0,37,112,0.27899686520376177,0.33035714285714285,1.184089085072231,0.05136027765338108
167,6617,6,seed_even_count,3,27,82,0.27899686520376177,0.32926829268292684,1.180186352425322,0.050271427479165076
167,7716,7,seed_sum_lastdigit,7,12,28,0.36363636363636365,0.42857142857142855,1.1785714285714284,0.0649350649350649
167,6617,6,seed_lead_band,7-9,27,83,0.27899686520376177,0.3253012048192771,1.1659672397454988,0.04630433961551533
167,7716,7,seed_sum_mod3,1,42,100,0.36363636363636365,0.42,1.155,0.05636363636363634
167,1167,1,seed_sum_lastdigit,4,16,39,0.3573667711598746,0.41025641025641024,1.1479982006297795,0.05288963909653566
167,7716,7,seed_sum_lastdigit,9,15,36,0.36363636363636365,0.4166666666666667,1.1458333333333333,0.05303030303030304
167,6617,6,seed_mirror_pairs_any,yes,48,151,0.27899686520376177,0.31788079470198677,1.1393704888756604,0.038883929498225
167,1167,1,seed_sum_lastdigit,8,13,32,0.3573667711598746,0.40625,1.1367872807017545,0.048883228840125414
167,6617,6,seed_sum_mod2,1,49,155,0.27899686520376177,0.3161290322580645,1.1330916998912648,0.03713216705430272
167,1167,1,seed_trail_band,7-9,40,99,0.3573667711598746,0.40404040404040403,1.1306042884990255,0.04667363288052945
167,7716,7,seed_mirror_pairs_any,no,69,168,0.36363636363636365,0.4107142857142857,1.1294642857142856,0.04707792207792205
167,1167,1,seed_vtrac_unique,3,73,181,0.3573667711598746,0.40331491712707185,1.1285741979257538,0.04594814596719726
167,1167,1,seed_even_count,2,50,124,0.3573667711598746,0.4032258064516129,1.128324844368987,0.04585903529173829
167,6617,6,seed_sum_lastdigit,8,10,32,0.27899686520376177,0.3125,1.1200842696629214,0.03350313479623823
167,1167,1,seed_sum_lastdigit,6,10,25,0.3573667711598746,0.4,1.1192982456140352,0.04263322884012544
167,1167,1,seed_lead_band,7-9,33,83,0.3573667711598746,0.39759036144578314,1.112555485098288,0.04022359028590855
167,6617,6,seed_high_count,1,27,87,0.27899686520376177,0.3103448275862069,1.1123595505617978,0.03134796238244514
167,1167,1,seed_sum_mod2,0,65,164,0.3573667711598746,0.39634146341463417,1.1090607616602484,0.03897469225475958
167,6617,6,seed_structure,AABC,47,152,0.27899686520376177,0.3092105263157895,1.1082939089296275,0.030213661112027723
167,6617,6,seed_unique_count,3,47,152,0.27899686520376177,0.3092105263157895,1.1082939089296275,0.030213661112027723
167,7716,7,seed_high_count,1,35,87,0.36363636363636365,0.40229885057471265,1.1063218390804597,0.038662486938349006
167,7716,7,seed_prime_count,1,45,112,0.36363636363636365,0.4017857142857143,1.1049107142857142,0.038149350649350655
167,6617,6,seed_sum_band,10-17,39,127,0.27899686520376177,0.30708661417322836,1.1006812350703352,0.028089748969466588
167,6617,6,seed_high_count,2,35,114,0.27899686520376177,0.30701754385964913,1.1004336684407647,0.028020678655887366
168,6618,6,seed_sum_lastdigit,1,21,35,0.3633440514469453,0.6,1.6513274336283186,0.23665594855305466
168,1168,1,seed_sum_lastdigit,9,15,27,0.3408360128617363,0.5555555555555556,1.6299790356394133,0.21471954269381927
168,8816,8,seed_sum_lastdigit,0,15,33,0.2958199356913183,0.45454545454545453,1.5365612648221345,0.15872551885413622
168,8816,8,seed_sum_lastdigit,2,11,27,0.2958199356913183,0.4074074074074074,1.3772141706924315,0.11158747171608907
168,8816,8,seed_vtrac_unique,4,20,50,0.2958199356913183,0.4,1.3521739130434784,0.10418006430868171
168,6618,6,seed_sum_lastdigit,7,16,34,0.3633440514469453,0.47058823529411764,1.2951587714731911,0.10724418384717233
168,6618,6,seed_even_count,1,39,84,0.3633440514469453,0.4642857142857143,1.2778128950695324,0.10094166283876899
168,6618,6,seed_prime_count,3,19,41,0.3633440514469453,0.4634146341463415,1.2754154975178071,0.10007058269939617
168,1168,1,seed_sum_lastdigit,3,11,26,0.3408360128617363,0.4230769230769231,1.2412917271407837,0.08224091021518676
168,8816,8,seed_sum_lastdigit,8,11,30,0.2958199356913183,0.36666666666666664,1.2394927536231883,0.07084673097534833
168,8816,8,seed_prime_count,2,37,102,0.2958199356913183,0.3627450980392157,1.2262361466325662,0.06692516234789736
168,8816,8,seed_sum_mod2,0,56,155,0.2958199356913183,0.36129032258064514,1.2213183730715287,0.06547038688932683
168,1168,1,seed_prime_count,0,16,39,0.3408360128617363,0.41025641025641024,1.2036768263183357,0.06942039739467393
168,1168,1,seed_vtrac_unique,2,25,61,0.3408360128617363,0.4098360655737705,1.2024435508815343,0.06900005271203419
168,1168,1,seed_lead_band,4-6,40,98,0.3408360128617363,0.40816326530612246,1.1975356180207932,0.06732725244438614
168,6618,6,seed_consecutive_pairs,1,71,166,0.3633440514469453,0.42771084337349397,1.177151082204926,0.06436679192654865
168,1168,1,seed_sum_lastdigit,8,12,30,0.3408360128617363,0.4,1.1735849056603775,0.05916398713826371
168,1168,1,seed_spread_band,0-3,16,40,0.3408360128617363,0.4,1.1735849056603775,0.05916398713826371
168,8816,8,seed_sum_lastdigit,6,10,29,0.2958199356913183,0.3448275862068966,1.1656671664167917,0.04900765051557826
168,8816,8,seed_mirror_pairs_any,no,51,149,0.2958199356913183,0.3422818791946309,1.157061569886198,0.046461943503312564
168,1168,1,seed_sum_band,18-26,53,135,0.3408360128617363,0.3925925925925926,1.151851851851852,0.05175657973085629
168,6618,6,seed_sum_mod2,1,65,156,0.3633440514469453,0.4166666666666667,1.1467551622418881,0.05332261521972137
168,8816,8,seed_sum_mod3,2,39,115,0.2958199356913183,0.3391304347826087,1.1464083175803403,0.043310499091290366
168,1168,1,seed_consecutive_pairs,2,21,54,0.3408360128617363,0.3888888888888889,1.1409853249475892,0.04805287602715258
168,8816,8,seed_consecutive_pairs,0,29,86,0.2958199356913183,0.3372093023255814,1.1399140546006068,0.04138936663426307
168,8816,8,seed_even_count,2,40,119,0.2958199356913183,0.33613445378151263,1.1362805991962004,0.04031451809019432
168,1168,1,seed_trail_band,4-6,37,96,0.3408360128617363,0.3854166666666667,1.130797955974843,0.04458065380493037
168,8816,8,seed_consecutive_pairs,2,18,54,0.2958199356913183,0.3333333333333333,1.1268115942028984,0.037513397642015
168,8816,8,seed_prime_count,0,13,39,0.2958199356913183,0.3333333333333333,1.1268115942028984,0.037513397642015
168,1168,1,seed_sum_lastdigit,5,13,34,0.3408360128617363,0.38235294117647056,1.1218091009988902,0.04151692831473425
168,1168,1,seed_sum_mod3,0,35,92,0.3408360128617363,0.3804347826086957,1.1161812961443807,0.03959876974695936
168,8816,8,seed_trail_band,0-3,41,125,0.2958199356913183,0.328,1.1087826086956523,0.0321800643086817
168,6618,6,seed_sum_mod3,0,37,92,0.3633440514469453,0.40217391304347827,1.1068680261639092,0.038829861596532955
168,6618,6,seed_sum_band,10-17,52,130,0.3633440514469453,0.4,1.1008849557522125,0.03665594855305471
168,6618,6,seed_trail_band,7-9,36,90,0.3633440514469453,0.4,1.1008849557522125,0.03665594855305471
168,1168,1,seed_even_count,3,27,72,0.3408360128617363,0.375,1.1002358490566038,0.034163987138263685
168,8816,8,seed_sum_lastdigit,7,11,34,0.2958199356913183,0.3235294117647059,1.0936700767263428,0.027709476073387584
168,1168,1,seed_mirror_pairs_any,yes,60,162,0.3408360128617363,0.37037037037037035,1.0866526904262754,0.029534357508634035
168,1168,1,seed_prime_count,1,44,119,0.3408360128617363,0.3697478991596639,1.0848263833835423,0.02891188629792757
168,6618,6,seed_high_count,1,31,79,0.3633440514469453,0.3924050632911392,1.0799820768455248,0.029061011844193907
169,6619,6,seed_sum_lastdigit,8,18,34,0.2997032640949555,0.5294117647058824,1.7664531158998251,0.22970850061092685
169,9916,9,seed_sum_band,27-36,16,31,0.3264094955489614,0.5161290322580645,1.581231671554252,0.18971953670910308
169,1169,1,seed_sum_lastdigit,2,13,26,0.37388724035608306,0.5,1.3373015873015874,0.12611275964391694
169,9916,9,seed_spread_band,0-3,16,37,0.3264094955489614,0.43243243243243246,1.3248157248157248,0.10602293688347103
169,1169,1,seed_sum_lastdigit,9,19,39,0.37388724035608306,0.48717948717948717,1.303011803011803,0.11329224682340411
169,6619,6,seed_sum_lastdigit,3,12,31,0.2997032640949555,0.3870967741935484,1.291600127754711,0.08739351009859286
169,6619,6,seed_spread_band,4-6,57,149,0.2997032640949555,0.3825503355704698,1.2764303275965179,0.08284707147551429
169,9916,9,seed_prime_count,0,16,39,0.3264094955489614,0.41025641025641024,1.2568764568764568,0.08384691470744882
169,6619,6,seed_sum_lastdigit,4,15,40,0.2997032640949555,0.375,1.2512376237623761,0.07529673590504449
169,1169,1,seed_even_count,3,39,87,0.37388724035608306,0.4482758620689655,1.19896004378763,0.07438862171288246
169,6619,6,seed_sum_mod3,2,40,112,0.2997032640949555,0.35714285714285715,1.1916548797736917,0.05743959304790164
169,1169,1,seed_vtrac_unique,2,28,63,0.37388724035608306,0.4444444444444444,1.1887125220458554,0.07055720408836136
169,9916,9,seed_high_count,3,30,78,0.3264094955489614,0.38461538461538464,1.1783216783216783,0.05820588906642321
169,6619,6,seed_lead_band,4-6,37,105,0.2997032640949555,0.3523809523809524,1.1757661480433759,0.05267768828599689
169,9916,9,seed_vtrac_unique,4,23,60,0.3264094955489614,0.38333333333333336,1.1743939393939395,0.05692383778437193
169,1169,1,seed_sum_mod3,0,45,103,0.37388724035608306,0.4368932038834951,1.168515950069348,0.06300596352741206
169,6619,6,seed_consecutive_pairs,2,21,60,0.2997032640949555,0.35,1.1678217821782177,0.050296735905044465
169,9916,9,seed_sum_lastdigit,0,16,42,0.3264094955489614,0.38095238095238093,1.167099567099567,0.054542885403419505
169,1169,1,seed_consecutive_pairs,0,47,108,0.37388724035608306,0.4351851851851852,1.1639476778365667,0.06129794482910211
169,9916,9,seed_sum_lastdigit,5,14,37,0.3264094955489614,0.3783783783783784,1.1592137592137592,0.051968882829416974
169,1169,1,seed_sum_lastdigit,7,13,30,0.37388724035608306,0.43333333333333335,1.158994708994709,0.05944609297725029
169,9916,9,seed_consecutive_pairs,1,62,164,0.3264094955489614,0.3780487804878049,1.1582039911308204,0.051639284938843455
169,1169,1,seed_spread_band,7-9,65,151,0.37388724035608306,0.4304635761589404,1.1513192473457374,0.056576335802857314
169,6619,6,seed_sum_mod2,0,59,171,0.2997032640949555,0.34502923976608185,1.1512361762492038,0.04532597567112634
169,6619,6,seed_sum_band,10-17,46,134,0.2997032640949555,0.34328358208955223,1.1454115560809812,0.04358031799459672
169,1169,1,seed_lead_band,7-9,44,103,0.37388724035608306,0.42718446601941745,1.142548928956696,0.05329722566333439
169,1169,1,seed_high_count,2,52,123,0.37388724035608306,0.42276422764227645,1.1307265453606918,0.048876987286193385
169,6619,6,seed_even_count,2,46,136,0.2997032640949555,0.3382352941176471,1.128567268491555,0.038532030022691566
169,9916,9,seed_prime_count,3,15,41,0.3264094955489614,0.36585365853658536,1.1208425720620843,0.03944416298762393
169,1169,1,seed_sum_band,18-26,62,149,0.37388724035608306,0.4161073825503356,1.1129221263449451,0.04222014219425252
169,6619,6,seed_sum_lastdigit,0,14,42,0.2997032640949555,0.3333333333333333,1.112211221122112,0.0336300692383778
169,6619,6,seed_high_count,1,32,96,0.2997032640949555,0.3333333333333333,1.112211221122112,0.0336300692383778
169,6619,6,seed_prime_count,2,44,132,0.2997032640949555,0.3333333333333333,1.112211221122112,0.0336300692383778
169,1169,1,seed_sum_lastdigit,1,12,29,0.37388724035608306,0.41379310344827586,1.1067323481116584,0.039905863092192795
169,1169,1,seed_sum_lastdigit,6,12,29,0.37388724035608306,0.41379310344827586,1.1067323481116584,0.039905863092192795
169,9916,9,seed_trail_band,4-6,35,97,0.3264094955489614,0.36082474226804123,1.10543580131209,0.034415246719079806
169,6619,6,seed_structure,AABC,45,136,0.2997032640949555,0.33088235294117646,1.1040331974373907,0.031179088846220948
169,6619,6,seed_unique_count,3,45,136,0.2997032640949555,0.33088235294117646,1.1040331974373907,0.031179088846220948
169,1169,1,seed_sum_mod2,1,68,166,0.37388724035608306,0.40963855421686746,1.0956205775482883,0.035751313860784395
169,9916,9,seed_sum_mod3,2,40,112,0.3264094955489614,0.35714285714285715,1.094155844155844,0.030733361593895725
178,7718,7,seed_sum_lastdigit,3,12,27,0.2777777777777778,0.4444444444444444,1.5999999999999999,0.16666666666666663
178,1178,1,seed_sum_lastdigit,9,20,37,0.38235294117647056,0.5405405405405406,1.4137214137214138,0.15818759936407
178,7718,7,seed_sum_lastdigit,8,11,30,0.2777777777777778,0.36666666666666664,1.3199999999999998,0.08888888888888885
178,8817,8,seed_sum_lastdigit,0,13,29,0.33986928104575165,0.4482758620689655,1.3189655172413792,0.10840658102321388
178,1178,1,seed_sum_band,0-9,13,26,0.38235294117647056,0.5,1.3076923076923077,0.11764705882352944
178,7718,7,seed_sum_lastdigit,5,10,28,0.2777777777777778,0.35714285714285715,1.2857142857142856,0.07936507936507936
178,7718,7,seed_sum_lastdigit,2,12,34,0.2777777777777778,0.35294117647058826,1.2705882352941176,0.07516339869281047
178,7718,7,seed_vtrac_unique,4,24,68,0.2777777777777778,0.35294117647058826,1.2705882352941176,0.07516339869281047
178,8817,8,seed_sum_lastdigit,4,13,31,0.33986928104575165,0.41935483870967744,1.2338709677419355,0.07948555766392579
178,7718,7,seed_consecutive_pairs,2,19,56,0.2777777777777778,0.3392857142857143,1.2214285714285715,0.06150793650793651
178,8817,8,seed_prime_count,0,17,41,0.33986928104575165,0.4146341463414634,1.219981238273921,0.07476486529571175
178,8817,8,seed_lead_band,7-9,41,100,0.33986928104575165,0.41,1.2063461538461537,0.07013071895424833
178,7718,7,seed_lead_band,4-6,29,88,0.2777777777777778,0.32954545454545453,1.1863636363636363,0.05176767676767674
178,1178,1,seed_even_count,3,29,64,0.38235294117647056,0.453125,1.185096153846154,0.07077205882352944
178,7718,7,seed_sum_mod3,0,34,104,0.2777777777777778,0.3269230769230769,1.176923076923077,0.04914529914529914
178,7718,7,seed_prime_count,3,17,52,0.2777777777777778,0.3269230769230769,1.176923076923077,0.04914529914529914
178,7718,7,seed_even_count,1,25,77,0.2777777777777778,0.3246753246753247,1.1688311688311688,0.04689754689754688
178,8817,8,seed_sum_lastdigit,5,11,28,0.33986928104575165,0.39285714285714285,1.1559065934065933,0.0529878618113912
178,1178,1,seed_vtrac_unique,2,35,80,0.38235294117647056,0.4375,1.1442307692307694,0.05514705882352944
178,8817,8,seed_sum_lastdigit,7,10,26,0.33986928104575165,0.38461538461538464,1.1316568047337279,0.04474610356963299
178,7718,7,seed_trail_band,7-9,27,87,0.2777777777777778,0.3103448275862069,1.1172413793103448,0.032567049808429116
178,8817,8,seed_high_count,3,28,74,0.33986928104575165,0.3783783783783784,1.1133056133056134,0.03850909733262675
178,1178,1,seed_lead_band,0-3,50,118,0.38235294117647056,0.423728813559322,1.1082138200782268,0.04137587238285145
178,1178,1,seed_sum_lastdigit,7,11,26,0.38235294117647056,0.4230769230769231,1.106508875739645,0.04072398190045251
178,7718,7,seed_lead_band,0-3,36,118,0.2777777777777778,0.3050847457627119,1.0983050847457627,0.027306967984934094
178,1178,1,seed_high_count,2,53,127,0.38235294117647056,0.41732283464566927,1.0914597213809814,0.03496989346919871
178,7718,7,seed_spread_band,0-3,13,43,0.2777777777777778,0.3023255813953488,1.0883720930232557,0.02454780361757103
178,1178,1,seed_sum_lastdigit,6,17,41,0.38235294117647056,0.4146341463414634,1.0844277673545966,0.03228120516499283
178,8817,8,seed_vtrac_unique,3,58,158,0.33986928104575165,0.3670886075949367,1.0800876338851022,0.027219326549185074
178,7718,7,seed_consecutive_pairs,1,39,130,0.2777777777777778,0.3,1.0799999999999998,0.0222222222222222
178,7718,7,seed_mirror_pairs_any,no,48,160,0.2777777777777778,0.3,1.0799999999999998,0.0222222222222222
178,8817,8,seed_consecutive_pairs,0,40,109,0.33986928104575165,0.3669724770642202,1.0797459421312632,0.027103196018468556
178,1178,1,seed_sum_lastdigit,2,14,34,0.38235294117647056,0.4117647058823529,1.0769230769230769,0.02941176470588236
178,8817,8,seed_sum_lastdigit,6,15,41,0.33986928104575165,0.36585365853658536,1.0764540337711068,0.02598437749083371
178,8817,8,seed_sum_mod3,2,34,93,0.33986928104575165,0.3655913978494624,1.075682382133995,0.025722116803710726
178,1178,1,seed_structure,AABC,48,117,0.38235294117647056,0.41025641025641024,1.0729783037475344,0.02790346907993968
178,1178,1,seed_unique_count,3,48,117,0.38235294117647056,0.41025641025641024,1.0729783037475344,0.02790346907993968
178,1178,1,seed_prime_count,1,41,100,0.38235294117647056,0.41,1.0723076923076924,0.027647058823529413
178,7718,7,seed_structure,ABCD,49,165,0.2777777777777778,0.296969696969697,1.069090909090909,0.019191919191919204
178,7718,7,seed_unique_count,4,49,165,0.2777777777777778,0.296969696969697,1.069090909090909,0.019191919191919204
179,1179,1,seed_sum_lastdigit,6,19,39,0.33783783783783783,0.48717948717948717,1.442051282051282,0.14934164934164934
179,9917,9,seed_lead_band,7-9,36,88,0.32094594594594594,0.4090909090909091,1.274641148325359,0.08814496314496317
179,7719,7,seed_sum_lastdigit,9,17,40,0.34121621621621623,0.425,1.2455445544554455,0.08378378378378376
179,7719,7,seed_sum_lastdigit,2,13,31,0.34121621621621623,0.41935483870967744,1.2290003193867773,0.07813862249346121
179,7719,7,seed_consecutive_pairs,2,20,48,0.34121621621621623,0.4166666666666667,1.221122112211221,0.07545045045045046
179,9917,9,seed_spread_band,0-3,15,39,0.32094594594594594,0.38461538461538464,1.1983805668016194,0.0636694386694387
179,7719,7,seed_vtrac_unique,2,32,79,0.34121621621621623,0.4050632911392405,1.1871161799724275,0.06384707492302427
179,7719,7,seed_even_count,1,34,84,0.34121621621621623,0.40476190476190477,1.1862329090051862,0.06354568854568854
179,1179,1,seed_sum_lastdigit,9,16,40,0.33783783783783783,0.4,1.1840000000000002,0.06216216216216219
179,9917,9,seed_sum_mod3,2,30,79,0.32094594594594594,0.379746835443038,1.183211192538308,0.05880088949709206
179,7719,7,seed_sum_lastdigit,3,12,30,0.34121621621621623,0.4,1.1722772277227722,0.058783783783783794
179,9917,9,seed_sum_lastdigit,5,15,40,0.32094594594594594,0.375,1.168421052631579,0.05405405405405406
179,7719,7,seed_sum_mod3,0,38,96,0.34121621621621623,0.3958333333333333,1.16006600660066,0.05461711711711709
179,7719,7,seed_sum_lastdigit,8,13,33,0.34121621621621623,0.3939393939393939,1.1545154515451543,0.052723177723177694
179,1179,1,seed_even_count,2,42,108,0.33783783783783783,0.3888888888888889,1.1511111111111112,0.051051051051051066
179,1179,1,seed_prime_count,2,39,101,0.33783783783783783,0.38613861386138615,1.142970297029703,0.04830077602354832
179,9917,9,seed_sum_lastdigit,3,11,30,0.32094594594594594,0.36666666666666664,1.142456140350877,0.0457207207207207
179,9917,9,seed_prime_count,3,15,41,0.32094594594594594,0.36585365853658536,1.1399229781771503,0.044907712590639415
179,1179,1,seed_prime_count,0,15,39,0.33783783783783783,0.38461538461538464,1.1384615384615386,0.04677754677754681
179,9917,9,seed_sum_band,10-17,42,116,0.32094594594594594,0.3620689655172414,1.1281306715063522,0.04112301957129544
179,7719,7,seed_high_count,1,25,65,0.34121621621621623,0.38461538461538464,1.1271896420411271,0.04339916839916841
179,7719,7,seed_high_count,3,25,65,0.34121621621621623,0.38461538461538464,1.1271896420411271,0.04339916839916841
179,7719,7,seed_lead_band,0-3,44,115,0.34121621621621623,0.3826086956521739,1.121308652604391,0.041392479435957696
179,1179,1,seed_consecutive_pairs,1,51,135,0.33783783783783783,0.37777777777777777,1.1182222222222222,0.03993993993993994
179,1179,1,seed_consecutive_pairs,2,18,48,0.33783783783783783,0.375,1.11,0.03716216216216217
179,9917,9,seed_high_count,3,23,65,0.32094594594594594,0.35384615384615387,1.10251012145749,0.03290020790020792
179,9917,9,seed_structure,AABC,42,119,0.32094594594594594,0.35294117647058826,1.0996904024767802,0.031995230524642315
179,9917,9,seed_unique_count,3,42,119,0.32094594594594594,0.35294117647058826,1.0996904024767802,0.031995230524642315
179,7719,7,seed_trail_band,7-9,36,96,0.34121621621621623,0.375,1.0990099009900989,0.03378378378378377
179,9917,9,seed_consecutive_pairs,0,37,105,0.32094594594594594,0.3523809523809524,1.0979448621553887,0.03143500643500646
179,1179,1,seed_structure,ABCD,57,154,0.33783783783783783,0.37012987012987014,1.0955844155844157,0.03229203229203231
179,1179,1,seed_unique_count,4,57,154,0.33783783783783783,0.37012987012987014,1.0955844155844157,0.03229203229203231
179,1179,1,seed_repeat_digit,none,57,154,0.33783783783783783,0.37012987012987014,1.0955844155844157,0.03229203229203231
179,1179,1,seed_high_count,2,49,133,0.33783783783783783,0.3684210526315789,1.0905263157894736,0.030583214793741098
179,9917,9,seed_prime_count,1,36,103,0.32094594594594594,0.34951456310679613,1.089013796627491,0.028568617160850185
179,7719,7,seed_consecutive_pairs,0,39,105,0.34121621621621623,0.37142857142857144,1.0885431400282886,0.030212355212355213
179,1179,1,seed_sum_band,18-26,52,142,0.33783783783783783,0.36619718309859156,1.083943661971831,0.028359345260753732
179,9917,9,seed_even_count,3,24,69,0.32094594594594594,0.34782608695652173,1.0837528604118993,0.026880141010575787
179,9917,9,seed_sum_mod3,1,42,121,0.32094594594594594,0.34710743801652894,1.0815137016093954,0.026161492070582992
179,1179,1,seed_trail_band,4-6,31,85,0.33783783783783783,0.36470588235294116,1.0795294117647058,0.02686804451510333
189,1189,1,seed_spread_band,0-3,15,31,0.3308270676691729,0.4838709677419355,1.4626099706744868,0.15304390007276258
189,8819,8,seed_sum_lastdigit,9,12,25,0.3458646616541353,0.48,1.3878260869565218,0.13413533834586466
189,9918,9,seed_sum_lastdigit,6,14,32,0.3233082706766917,0.4375,1.3531976744186047,0.11419172932330829
189,1189,1,seed_consecutive_pairs,2,19,44,0.3308270676691729,0.4318181818181818,1.3052685950413223,0.10099111414900891
189,8819,8,seed_sum_lastdigit,7,11,25,0.3458646616541353,0.44,1.2721739130434784,0.09413533834586468
189,8819,8,seed_consecutive_pairs,0,41,94,0.3458646616541353,0.43617021276595747,1.2611008325624422,0.09030555111182215
189,8819,8,seed_prime_count,1,35,81,0.3458646616541353,0.43209876543209874,1.2493290391841116,0.08623410377796342
189,1189,1,seed_sum_lastdigit,3,12,30,0.3308270676691729,0.4,1.2090909090909092,0.06917293233082711
189,9918,9,seed_spread_band,4-6,45,116,0.3233082706766917,0.3879310344827586,1.199879711307137,0.06462276380606691
189,9918,9,seed_consecutive_pairs,2,17,44,0.3233082706766917,0.38636363636363635,1.195031712473573,0.06305536568694464
189,8819,8,seed_even_count,1,28,68,0.3458646616541353,0.4117647058823529,1.190537084398977,0.0659000442282176
189,8819,8,seed_high_count,3,29,71,0.3458646616541353,0.4084507042253521,1.1809552969993877,0.0625860425712168
189,1189,1,seed_prime_count,0,16,41,0.3308270676691729,0.3902439024390244,1.1796008869179602,0.05941683476985149
189,9918,9,seed_sum_lastdigit,0,11,29,0.3233082706766917,0.3793103448275862,1.1732157177225342,0.056002074150894476
189,9918,9,seed_lead_band,4-6,28,74,0.3233082706766917,0.3783783783783784,1.170333123821496,0.05507010770168669
189,1189,1,seed_sum_lastdigit,5,10,26,0.3308270676691729,0.38461538461538464,1.1625874125874127,0.05378831694621172
189,9918,9,seed_prime_count,3,15,40,0.3233082706766917,0.375,1.1598837209302326,0.05169172932330829
189,1189,1,seed_even_count,2,36,95,0.3308270676691729,0.37894736842105264,1.1454545454545455,0.04812030075187973
189,9918,9,seed_even_count,2,35,95,0.3233082706766917,0.3684210526315789,1.1395348837209303,0.045112781954887216
189,8819,8,seed_sum_mod3,2,37,94,0.3458646616541353,0.39361702127659576,1.1380666049953747,0.04775235962246044
189,8819,8,seed_structure,AABC,46,118,0.3458646616541353,0.3898305084745763,1.1271186440677967,0.04396584682044097
189,8819,8,seed_unique_count,3,46,118,0.3458646616541353,0.3898305084745763,1.1271186440677967,0.04396584682044097
189,1189,1,seed_sum_mod3,0,26,70,0.3308270676691729,0.37142857142857144,1.1227272727272728,0.04060150375939853
189,1189,1,seed_even_count,3,23,62,0.3308270676691729,0.3709677419354839,1.1213343108504399,0.04014067426631096
189,9918,9,seed_structure,ABCD,46,127,0.3233082706766917,0.36220472440944884,1.1203076359641093,0.03889645373275713
189,9918,9,seed_unique_count,4,46,127,0.3233082706766917,0.36220472440944884,1.1203076359641093,0.03889645373275713
189,9918,9,seed_repeat_digit,none,46,127,0.3233082706766917,0.36220472440944884,1.1203076359641093,0.03889645373275713
189,8819,8,seed_sum_lastdigit,4,12,31,0.3458646616541353,0.3870967741935484,1.1192145862552596,0.04123211253941306
189,9918,9,seed_vtrac_unique,4,17,47,0.3233082706766917,0.3617021276595745,1.1187530925284515,0.03839385698288278
189,8819,8,seed_spread_band,7-9,46,119,0.3458646616541353,0.3865546218487395,1.1176470588235294,0.04068996019460419
189,1189,1,seed_lead_band,7-9,35,95,0.3308270676691729,0.3684210526315789,1.1136363636363635,0.03759398496240601
189,9918,9,seed_sum_lastdigit,7,9,25,0.3233082706766917,0.36,1.1134883720930233,0.036691729323308275
189,8819,8,seed_sum_mod2,1,50,130,0.3458646616541353,0.38461538461538464,1.1120401337792643,0.03875072296124932
189,8819,8,seed_sum_lastdigit,5,10,26,0.3458646616541353,0.38461538461538464,1.1120401337792643,0.03875072296124932
189,9918,9,seed_sum_mod3,0,25,70,0.3233082706766917,0.35714285714285715,1.1046511627906979,0.03383458646616544
189,9918,9,seed_high_count,2,40,113,0.3233082706766917,0.35398230088495575,1.0948754887837004,0.030674030208264036
189,9918,9,seed_sum_mod2,0,48,136,0.3233082706766917,0.35294117647058826,1.091655266757866,0.029632905793896547
189,8819,8,seed_high_count,1,20,53,0.3458646616541353,0.37735849056603776,1.0910582444626744,0.031493828911902444
189,8819,8,seed_sum_band,10-17,38,102,0.3458646616541353,0.37254901960784315,1.077152600170503,0.026684357953707827
189,1189,1,seed_vtrac_unique,3,54,152,0.3308270676691729,0.35526315789473684,1.0738636363636365,0.024436090225563922
234,3324,3,seed_sum_lastdigit,5,15,32,0.3088235294117647,0.46875,1.5178571428571428,0.15992647058823528
234,2234,2,seed_sum_lastdigit,6,14,31,0.33455882352941174,0.45161290322580644,1.349875930521092,0.1170540796963947
234,2234,2,seed_prime_count,3,16,36,0.33455882352941174,0.4444444444444444,1.3284493284493284,0.10988562091503268
234,4423,4,seed_sum_lastdigit,3,12,27,0.35661764705882354,0.4444444444444444,1.2462772050400914,0.08782679738562088
234,3324,3,seed_trail_band,0-3,40,105,0.3088235294117647,0.38095238095238093,1.2335600907029478,0.07212885154061621
234,3324,3,seed_sum_lastdigit,4,11,29,0.3088235294117647,0.3793103448275862,1.2282430213464695,0.07048681541582147
234,2234,2,seed_sum_lastdigit,1,11,27,0.33455882352941174,0.4074074074074074,1.2177452177452177,0.07284858387799564
234,2234,2,seed_sum_lastdigit,3,11,27,0.33455882352941174,0.4074074074074074,1.2177452177452177,0.07284858387799564
234,3324,3,seed_spread_band,0-3,15,40,0.3088235294117647,0.375,1.2142857142857142,0.06617647058823528
234,3324,3,seed_consecutive_pairs,2,15,40,0.3088235294117647,0.375,1.2142857142857142,0.06617647058823528
234,3324,3,seed_even_count,2,36,97,0.3088235294117647,0.3711340206185567,1.2017673048600883,0.062310491206791996
234,2234,2,seed_structure,AABC,41,103,0.33455882352941174,0.39805825242718446,1.1898004907713646,0.06349942889777271
234,2234,2,seed_unique_count,3,41,103,0.33455882352941174,0.39805825242718446,1.1898004907713646,0.06349942889777271
234,3324,3,seed_prime_count,2,36,98,0.3088235294117647,0.3673469387755102,1.1895043731778425,0.058523409363745504
234,2234,2,seed_high_count,1,23,59,0.33455882352941174,0.3898305084745763,1.16520767368225,0.055271684945164545
234,4423,4,seed_sum_lastdigit,9,12,29,0.35661764705882354,0.41379310344827586,1.1603270529683611,0.05717545638945232
234,4423,4,seed_trail_band,4-6,36,87,0.35661764705882354,0.41379310344827586,1.1603270529683611,0.05717545638945232
234,3324,3,seed_structure,ABCD,53,148,0.3088235294117647,0.3581081081081081,1.1595881595881596,0.049284578696343395
234,3324,3,seed_unique_count,4,53,148,0.3088235294117647,0.3581081081081081,1.1595881595881596,0.049284578696343395
234,3324,3,seed_repeat_digit,none,53,148,0.3088235294117647,0.3581081081081081,1.1595881595881596,0.049284578696343395
234,3324,3,seed_mirror_pairs_any,yes,44,123,0.3088235294117647,0.35772357723577236,1.1583430120015485,0.04890004782400764
234,3324,3,seed_sum_band,10-17,37,104,0.3088235294117647,0.3557692307692308,1.152014652014652,0.04694570135746606
234,2234,2,seed_sum_lastdigit,8,10,26,0.33455882352941174,0.38461538461538464,1.1496196111580728,0.050056561085972895
234,4423,4,seed_lead_band,4-6,34,83,0.35661764705882354,0.40963855421686746,1.1486771829586386,0.05302090715804392
234,4423,4,seed_sum_lastdigit,7,11,27,0.35661764705882354,0.4074074074074074,1.1424207712867507,0.050789760348583846
234,4423,4,seed_high_count,2,44,108,0.35661764705882354,0.4074074074074074,1.1424207712867507,0.050789760348583846
234,4423,4,seed_even_count,3,26,64,0.35661764705882354,0.40625,1.1391752577319587,0.04963235294117646
234,3324,3,seed_sum_mod3,0,33,94,0.3088235294117647,0.35106382978723405,1.1367781155015197,0.04224030037546933
234,2234,2,seed_sum_lastdigit,9,11,29,0.33455882352941174,0.3793103448275862,1.1337627889352027,0.044751521298174446
234,4423,4,seed_consecutive_pairs,0,35,87,0.35661764705882354,0.40229885057471265,1.1280957459414622,0.04568120351588911
234,2234,2,seed_lead_band,7-9,33,88,0.33455882352941174,0.375,1.120879120879121,0.04044117647058826
234,2234,2,seed_mirror_pairs_any,no,55,149,0.33455882352941174,0.3691275167785235,1.103326203997345,0.03456869324911177
234,4423,4,seed_vtrac_unique,2,24,61,0.35661764705882354,0.39344262295081966,1.1032617880682778,0.036824975891996126
234,2234,2,seed_sum_band,18-26,46,125,0.33455882352941174,0.368,1.099956043956044,0.03344117647058825
234,3324,3,seed_lead_band,0-3,34,101,0.3088235294117647,0.33663366336633666,1.09005186232909,0.027810133954571936
234,4423,4,seed_sum_mod3,1,38,98,0.35661764705882354,0.3877551020408163,1.0873132758257942,0.031137454981992774
234,4423,4,seed_trail_band,7-9,31,80,0.35661764705882354,0.3875,1.0865979381443298,0.030882352941176472
234,4423,4,seed_sum_mod2,1,55,142,0.35661764705882354,0.3873239436619718,1.0861042543923334,0.030706296603148275
234,4423,4,seed_spread_band,4-6,41,106,0.35661764705882354,0.3867924528301887,1.0846138883485703,0.030174805771365165
234,2234,2,seed_trail_band,7-9,29,80,0.33455882352941174,0.3625,1.0835164835164837,0.027941176470588247
235,2235,2,seed_sum_lastdigit,6,16,29,0.34532374100719426,0.5517241379310345,1.5977011494252873,0.2064003969238402
235,5523,5,seed_sum_lastdigit,9,12,27,0.31654676258992803,0.4444444444444444,1.404040404040404,0.1278976818545164
235,5523,5,seed_even_count,1,27,64,0.31654676258992803,0.421875,1.3327414772727273,0.10532823741007197
235,5523,5,seed_vtrac_unique,4,24,57,0.31654676258992803,0.42105263157894735,1.3301435406698565,0.10450586898901931
235,2235,2,seed_lead_band,4-6,45,99,0.34532374100719426,0.45454545454545453,1.3162878787878787,0.10922171353826027
235,2235,2,seed_spread_band,0-3,17,38,0.34532374100719426,0.4473684210526316,1.2955043859649122,0.10204468004543732
235,3325,3,seed_lead_band,7-9,35,81,0.3381294964028777,0.43209876543209874,1.2779091147885473,0.09396926902922104
235,3325,3,seed_trail_band,4-6,33,77,0.3381294964028777,0.42857142857142855,1.2674772036474162,0.09044193216855084
235,2235,2,seed_high_count,1,29,68,0.34532374100719426,0.4264705882352941,1.234987745098039,0.08114684722809984
235,2235,2,seed_sum_mod3,2,39,92,0.34532374100719426,0.42391304347826086,1.2275815217391304,0.0785893024710666
235,2235,2,seed_even_count,2,47,111,0.34532374100719426,0.42342342342342343,1.2261636636636637,0.07809968241622917
235,3325,3,seed_sum_lastdigit,0,12,29,0.3381294964028777,0.41379310344827586,1.2237710931768158,0.07566360704539815
235,3325,3,seed_consecutive_pairs,0,38,93,0.3381294964028777,0.40860215053763443,1.2084191260581103,0.07047265413475673
235,3325,3,seed_high_count,2,37,91,0.3381294964028777,0.4065934065934066,1.2024783726911386,0.06846391019052889
235,5523,5,seed_sum_lastdigit,1,11,29,0.31654676258992803,0.3793103448275862,1.1982758620689655,0.06276358223765816
235,5523,5,seed_sum_lastdigit,4,12,32,0.31654676258992803,0.375,1.184659090909091,0.05845323741007197
235,5523,5,seed_sum_mod2,1,50,134,0.31654676258992803,0.373134328358209,1.1787652645861604,0.056587565768280945
235,2235,2,seed_sum_lastdigit,4,13,32,0.34532374100719426,0.40625,1.1764322916666665,0.06092625899280574
235,5523,5,seed_sum_lastdigit,5,10,27,0.31654676258992803,0.37037037037037035,1.17003367003367,0.05382360778044232
235,3325,3,seed_structure,AABC,49,124,0.3381294964028777,0.3951612903225806,1.1686684969114618,0.05703179391970292
235,3325,3,seed_unique_count,3,49,124,0.3381294964028777,0.3951612903225806,1.1686684969114618,0.05703179391970292
235,3325,3,seed_sum_lastdigit,2,11,28,0.3381294964028777,0.39285714285714285,1.161854103343465,0.054727646454265144
235,2235,2,seed_sum_mod2,0,57,144,0.34532374100719426,0.3958333333333333,1.146267361111111,0.05050959232613905
235,2235,2,seed_vtrac_unique,2,26,66,0.34532374100719426,0.3939393939393939,1.140782828282828,0.04861565293219966
235,2235,2,seed_prime_count,0,18,46,0.34532374100719426,0.391304347826087,1.1331521739130435,0.04598060681889271
235,2235,2,seed_trail_band,0-3,43,110,0.34532374100719426,0.39090909090909093,1.1320075757575758,0.045585349901896666
235,5523,5,seed_sum_mod3,0,29,81,0.31654676258992803,0.35802469135802467,1.1310325476992145,0.04147792876809664
235,5523,5,seed_sum_lastdigit,2,10,28,0.31654676258992803,0.35714285714285715,1.1282467532467533,0.04059609455292912
235,3325,3,seed_sum_lastdigit,6,11,29,0.3381294964028777,0.3793103448275862,1.1217901687454144,0.04118084842470848
235,5523,5,seed_high_count,1,24,68,0.31654676258992803,0.35294117647058826,1.1149732620320858,0.036394413880660226
235,2235,2,seed_sum_lastdigit,8,10,26,0.34532374100719426,0.38461538461538464,1.1137820512820513,0.039291643608190374
235,5523,5,seed_sum_mod3,1,37,105,0.31654676258992803,0.3523809523809524,1.1132034632034633,0.03583418979102437
235,2235,2,seed_sum_band,10-17,38,99,0.34532374100719426,0.3838383838383838,1.1115319865319864,0.03851464283118955
235,3325,3,seed_vtrac_unique,3,58,155,0.3381294964028777,0.3741935483870968,1.1066575154426905,0.03606405198421908
235,3325,3,seed_prime_count,1,37,99,0.3381294964028777,0.37373737373737376,1.1053084031807436,0.03560787733449605
235,5523,5,seed_spread_band,4-6,43,123,0.31654676258992803,0.34959349593495936,1.1043976348854398,0.03304673334503133
235,2235,2,seed_sum_lastdigit,0,11,29,0.34532374100719426,0.3793103448275862,1.0984195402298849,0.033986603820391925
235,5523,5,seed_consecutive_pairs,1,42,121,0.31654676258992803,0.34710743801652894,1.0965439519158529,0.030560675426600903
235,2235,2,seed_consecutive_pairs,2,23,61,0.34532374100719426,0.3770491803278688,1.0918715846994533,0.031725439320674564
235,5523,5,seed_consecutive_pairs,2,21,61,0.31654676258992803,0.3442622950819672,1.0875558867362147,0.027715532492039174
236,2236,2,seed_sum_lastdigit,9,17,33,0.31365313653136534,0.5151515151515151,1.6424242424242423,0.2014983786201498
236,2236,2,seed_sum_lastdigit,2,11,27,0.31365313653136534,0.4074074074074074,1.2989106753812634,0.09375427087604205
236,2236,2,seed_even_count,3,29,72,0.31365313653136534,0.4027777777777778,1.2841503267973855,0.08912464124641245
236,6623,6,seed_sum_lastdigit,8,12,25,0.3763837638376384,0.48,1.2752941176470587,0.1036162361623616
236,3326,3,seed_sum_lastdigit,4,12,31,0.30996309963099633,0.3870967741935484,1.248847926267281,0.07713367456255205
236,6623,6,seed_high_count,1,32,69,0.3763837638376384,0.463768115942029,1.2321682296106848,0.0873843521043906
236,3326,3,seed_high_count,3,21,55,0.30996309963099633,0.38181818181818183,1.2318181818181817,0.0718550821871855
236,6623,6,seed_repeat_digit,4,12,26,0.3763837638376384,0.46153846153846156,1.2262443438914028,0.08515469770082318
236,2236,2,seed_sum_mod3,0,31,81,0.31365313653136534,0.38271604938271603,1.2201888162672474,0.06906291285135069
236,2236,2,seed_trail_band,0-3,42,110,0.31365313653136534,0.38181818181818183,1.2173262032085561,0.0681650452868165
236,6623,6,seed_sum_lastdigit,5,12,27,0.3763837638376384,0.4444444444444444,1.1808278867102395,0.06806068060680603
236,3326,3,seed_lead_band,7-9,30,82,0.30996309963099633,0.36585365853658536,1.1803135888501741,0.05589055890558903
236,3326,3,seed_sum_mod3,2,35,96,0.30996309963099633,0.3645833333333333,1.1762152777777777,0.054620233702336984
236,3326,3,seed_spread_band,7-9,44,121,0.30996309963099633,0.36363636363636365,1.173160173160173,0.053673264005367316
236,3326,3,seed_sum_band,10-17,40,112,0.30996309963099633,0.35714285714285715,1.1522108843537415,0.04717975751186082
236,3326,3,seed_sum_lastdigit,3,10,28,0.30996309963099633,0.35714285714285715,1.1522108843537415,0.04717975751186082
236,2236,2,seed_prime_count,3,10,28,0.31365313653136534,0.35714285714285715,1.138655462184874,0.04348972061149181
236,2236,2,seed_sum_mod2,1,47,132,0.31365313653136534,0.3560606060606061,1.135204991087344,0.04240746952924074
236,6623,6,seed_spread_band,0-3,17,40,0.3763837638376384,0.425,1.1291666666666667,0.048616236162361604
236,3326,3,seed_vtrac_unique,4,14,40,0.30996309963099633,0.35,1.1291666666666664,0.04003690036900365
236,2236,2,seed_high_count,2,40,113,0.31365313653136534,0.35398230088495575,1.1285788651743882,0.04032916435359041
236,3326,3,seed_trail_band,7-9,27,78,0.30996309963099633,0.34615384615384615,1.1167582417582416,0.036190746522849815
236,2236,2,seed_spread_band,0-3,14,40,0.31365313653136534,0.35,1.1158823529411763,0.03634686346863464
236,6623,6,seed_sum_lastdigit,4,13,31,0.3763837638376384,0.41935483870967744,1.114168247944339,0.04297107487203905
236,3326,3,seed_sum_lastdigit,0,11,32,0.30996309963099633,0.34375,1.109002976190476,0.03378690036900367
236,6623,6,seed_lead_band,4-6,37,89,0.3763837638376384,0.4157303370786517,1.1045384445913198,0.039346573241013316
236,3326,3,seed_prime_count,0,14,41,0.30996309963099633,0.34146341463414637,1.1016260162601625,0.03150031500315004
236,6623,6,seed_prime_count,0,17,41,0.3763837638376384,0.4146341463414634,1.1016260162601625,0.03825038250382501
236,2236,2,seed_mirror_pairs_any,yes,44,128,0.31365313653136534,0.34375,1.0959558823529412,0.03009686346863466
236,3326,3,seed_sum_mod2,0,47,139,0.30996309963099633,0.3381294964028777,1.0908701610140459,0.028166396771881375
236,6623,6,seed_trail_band,7-9,32,78,0.3763837638376384,0.41025641025641024,1.0899949723479134,0.03387264641877186
236,2236,2,seed_sum_mod3,1,32,94,0.31365313653136534,0.3404255319148936,1.085356695869837,0.02677239538352827
236,3326,3,seed_mirror_pairs_any,no,48,143,0.30996309963099633,0.3356643356643357,1.0829170829170829,0.025701236033339347
236,2236,2,seed_vtrac_unique,2,21,62,0.31365313653136534,0.3387096774193548,1.0798861480075899,0.025056540887989476
236,6623,6,seed_sum_mod3,2,39,96,0.3763837638376384,0.40625,1.0793504901960784,0.029866236162361615
236,2236,2,seed_lead_band,4-6,30,89,0.31365313653136534,0.33707865168539325,1.0746860541969596,0.02342551515402791
236,2236,2,seed_spread_band,4-6,37,110,0.31365313653136534,0.33636363636363636,1.0724064171122993,0.022710499832271025
236,6623,6,seed_consecutive_pairs,1,47,117,0.3763837638376384,0.4017094017094017,1.067286743757332,0.02532563787176334
236,2236,2,seed_structure,AABC,45,135,0.31365313653136534,0.3333333333333333,1.0627450980392155,0.019680196801967975
236,2236,2,seed_unique_count,3,45,135,0.31365313653136534,0.3333333333333333,1.0627450980392155,0.019680196801967975
237,7723,7,seed_even_count,4,15,32,0.33440514469453375,0.46875,1.4017427884615385,0.13434485530546625
237,7723,7,seed_sum_lastdigit,8,15,34,0.33440514469453375,0.4411764705882353,1.319287330316742,0.10677132589370153
237,3327,3,seed_spread_band,0-3,16,37,0.3311897106109325,0.43243243243243246,1.3056940435581212,0.10124272182149996
237,3327,3,seed_sum_lastdigit,2,11,26,0.3311897106109325,0.4230769230769231,1.277445855115758,0.09188721246599058
237,3327,3,seed_prime_count,3,21,51,0.3311897106109325,0.4117647058823529,1.2432895488292404,0.08057499527142042
237,3327,3,seed_consecutive_pairs,2,23,56,0.3311897106109325,0.4107142857142857,1.240117891816921,0.0795245751033532
237,7723,7,seed_sum_lastdigit,6,14,34,0.33440514469453375,0.4117647058823529,1.2313348416289593,0.07735956118781917
237,7723,7,seed_vtrac_unique,4,28,68,0.33440514469453375,0.4117647058823529,1.2313348416289593,0.07735956118781917
237,3327,3,seed_sum_lastdigit,3,12,30,0.3311897106109325,0.4,1.2077669902912622,0.06881028938906752
237,2237,2,seed_sum_lastdigit,3,12,30,0.33440514469453375,0.4,1.1961538461538463,0.06559485530546627
237,2237,2,seed_sum_lastdigit,7,16,40,0.33440514469453375,0.4,1.1961538461538463,0.06559485530546627
237,2237,2,seed_mirror_pairs_any,yes,52,130,0.33440514469453375,0.4,1.1961538461538463,0.06559485530546627
237,3327,3,seed_sum_lastdigit,5,11,28,0.3311897106109325,0.39285714285714285,1.1861997226074894,0.06166743224621035
237,2237,2,seed_consecutive_pairs,1,58,147,0.33440514469453375,0.3945578231292517,1.1798796441653585,0.06015267843471794
237,3327,3,seed_even_count,1,31,80,0.3311897106109325,0.3875,1.17002427184466,0.056310289389067514
237,3327,3,seed_high_count,1,32,83,0.3311897106109325,0.3855421686746988,1.1641127617265177,0.05435245806376632
237,3327,3,seed_sum_lastdigit,6,13,34,0.3311897106109325,0.38235294117647056,1.1544831524842945,0.051163230565538065
237,2237,2,seed_sum_lastdigit,8,13,34,0.33440514469453375,0.38235294117647056,1.1433823529411764,0.04794779648193681
237,7723,7,seed_consecutive_pairs,0,39,102,0.33440514469453375,0.38235294117647056,1.1433823529411764,0.04794779648193681
237,2237,2,seed_structure,AABC,52,137,0.33440514469453375,0.3795620437956204,1.135036496350365,0.04515689910108667
237,2237,2,seed_unique_count,3,52,137,0.33440514469453375,0.3795620437956204,1.135036496350365,0.04515689910108667
237,3327,3,seed_sum_band,10-17,52,139,0.3311897106109325,0.37410071942446044,1.129566249912691,0.04291100881352794
237,7723,7,seed_sum_lastdigit,4,12,32,0.33440514469453375,0.375,1.1213942307692308,0.04059485530546625
237,2237,2,seed_vtrac_unique,2,22,59,0.33440514469453375,0.3728813559322034,1.115058670143416,0.038476211237669644
237,2237,2,seed_spread_band,4-6,49,132,0.33440514469453375,0.3712121212121212,1.1100670163170163,0.036806976517587464
237,7723,7,seed_lead_band,7-9,36,97,0.33440514469453375,0.3711340206185567,1.1098334655035687,0.03672887592402296
237,7723,7,seed_sum_lastdigit,9,10,27,0.33440514469453375,0.37037037037037035,1.1075498575498575,0.0359652256758366
237,7723,7,seed_prime_count,1,38,103,0.33440514469453375,0.36893203883495146,1.1032486930545184,0.03452689414041771
237,7723,7,seed_sum_mod2,0,57,155,0.33440514469453375,0.36774193548387096,1.0996898263027295,0.03333679078933721
237,7723,7,seed_high_count,3,26,71,0.33440514469453375,0.36619718309859156,1.0950704225352113,0.03179203840405781
237,7723,7,seed_high_count,2,47,129,0.33440514469453375,0.3643410852713178,1.089519976147883,0.02993594057678406
237,3327,3,seed_trail_band,7-9,32,89,0.3311897106109325,0.3595505617977528,1.0856332497000107,0.0283608511868203
237,3327,3,seed_mirror_pairs_any,no,65,181,0.3311897106109325,0.35911602209944754,1.0843211929410503,0.027926311488515043
237,2237,2,seed_even_count,1,29,80,0.33440514469453375,0.3625,1.084014423076923,0.028094855305466238
237,2237,2,seed_high_count,1,30,83,0.33440514469453375,0.3614457831325301,1.0808619091751621,0.027040638437996367
237,2237,2,seed_sum_band,18-26,49,136,0.33440514469453375,0.3602941176470588,1.0774179864253395,0.02588897295252507
237,7723,7,seed_trail_band,7-9,32,89,0.33440514469453375,0.3595505617977528,1.0751944684528953,0.025145417103219048
237,7723,7,seed_spread_band,7-9,51,142,0.33440514469453375,0.3591549295774648,1.0740113759479957,0.02474978488293106
237,2237,2,seed_vtrac_unique,3,65,181,0.33440514469453375,0.35911602209944754,1.0738950276243096,0.02471087740491379
237,3327,3,seed_lead_band,0-3,40,113,0.3311897106109325,0.35398230088495575,1.0688203453904974,0.02279259027402325
238,2238,2,seed_sum_lastdigit,5,15,36,0.3129251700680272,0.4166666666666667,1.3315217391304348,0.10374149659863946
238,3328,3,seed_sum_lastdigit,1,12,29,0.3299319727891156,0.41379310344827586,1.2541770351937434,0.08386113065916023
238,8823,8,seed_sum_lastdigit,2,15,34,0.35714285714285715,0.4411764705882353,1.2352941176470587,0.08403361344537813
238,3328,3,seed_spread_band,0-3,17,42,0.3299319727891156,0.40476190476190477,1.2268041237113403,0.07482993197278914
238,2238,2,seed_sum_band,10-17,47,125,0.3129251700680272,0.376,1.2015652173913043,0.06307482993197278
238,2238,2,seed_high_count,3,28,76,0.3129251700680272,0.3684210526315789,1.1773455377574369,0.0554958825635517
238,3328,3,seed_prime_count,0,17,44,0.3299319727891156,0.38636363636363635,1.1710402999062794,0.05643166357452073
238,2238,2,seed_even_count,1,26,71,0.3129251700680272,0.36619718309859156,1.170238824249847,0.053272013030564336
238,8823,8,seed_high_count,2,47,113,0.35714285714285715,0.415929203539823,1.1646017699115043,0.05878634639696584
238,2238,2,seed_prime_count,0,16,44,0.3129251700680272,0.36363636363636365,1.1620553359683794,0.05071119356833642
238,3328,3,seed_sum_lastdigit,8,14,37,0.3299319727891156,0.3783783783783784,1.1468375592086935,0.048446405589262775
238,8823,8,seed_spread_band,4-6,49,120,0.35714285714285715,0.4083333333333333,1.1433333333333333,0.051190476190476175
238,2238,2,seed_sum_lastdigit,7,11,31,0.3129251700680272,0.3548387096774194,1.1339410939691446,0.04191353960939215
238,2238,2,seed_trail_band,0-3,44,125,0.3129251700680272,0.352,1.1248695652173912,0.039074829931972754
238,3328,3,seed_trail_band,4-6,33,89,0.3299319727891156,0.3707865168539326,1.1238271747943938,0.04085454406481698
238,8823,8,seed_sum_lastdigit,0,12,30,0.35714285714285715,0.4,1.12,0.04285714285714287
238,8823,8,seed_sum_mod2,0,61,153,0.35714285714285715,0.39869281045751637,1.1163398692810458,0.041549953314659216
238,8823,8,seed_vtrac_unique,2,29,73,0.35714285714285715,0.3972602739726027,1.1123287671232875,0.04011741682974557
238,3328,3,seed_sum_lastdigit,0,11,30,0.3299319727891156,0.36666666666666664,1.111340206185567,0.03673469387755102
238,2238,2,seed_sum_mod2,1,49,141,0.3129251700680272,0.3475177304964539,1.11054579093432,0.03459256042842668
238,3328,3,seed_sum_mod3,2,34,93,0.3299319727891156,0.3655913978494624,1.1080811439973397,0.03565942506034675
238,3328,3,seed_prime_count,2,35,96,0.3299319727891156,0.3645833333333333,1.1050257731958764,0.03465136054421769
238,3328,3,seed_even_count,2,43,118,0.3299319727891156,0.3644067796610169,1.104490651756072,0.0344748068719013
238,3328,3,seed_spread_band,7-9,48,132,0.3299319727891156,0.36363636363636365,1.1021555763823807,0.03370439084724802
238,3328,3,seed_vtrac_unique,4,20,55,0.3299319727891156,0.36363636363636365,1.1021555763823807,0.03370439084724802
238,8823,8,seed_sum_mod3,1,35,89,0.35714285714285715,0.39325842696629215,1.101123595505618,0.036115569823435
238,3328,3,seed_mirror_pairs_any,no,54,149,0.3299319727891156,0.3624161073825503,1.098457067736802,0.03248413459343469
238,2238,2,seed_vtrac_unique,2,25,73,0.3129251700680272,0.3424657534246575,1.094401429422275,0.02954058335663029
238,2238,2,seed_prime_count,3,13,38,0.3129251700680272,0.34210526315789475,1.0932494279176201,0.02918009308986752
238,8823,8,seed_sum_band,18-26,53,136,0.35714285714285715,0.3897058823529412,1.0911764705882352,0.03256302521008403
238,8823,8,seed_consecutive_pairs,2,21,54,0.35714285714285715,0.3888888888888889,1.0888888888888888,0.031746031746031744
238,3328,3,seed_consecutive_pairs,1,48,134,0.3299319727891156,0.3582089552238806,1.0857054931527927,0.028276982434764952
238,8823,8,seed_trail_band,7-9,31,80,0.35714285714285715,0.3875,1.085,0.03035714285714286
238,3328,3,seed_high_count,1,25,70,0.3299319727891156,0.35714285714285715,1.0824742268041239,0.027210884353741527
238,2238,2,seed_mirror_pairs_any,yes,49,145,0.3129251700680272,0.33793103448275863,1.0799100449775112,0.025005864414731405
238,8823,8,seed_prime_count,2,37,96,0.35714285714285715,0.3854166666666667,1.0791666666666666,0.028273809523809534
238,2238,2,seed_lead_band,4-6,27,80,0.3129251700680272,0.3375,1.0785326086956522,0.024574829931972797
238,8823,8,seed_prime_count,1,40,104,0.35714285714285715,0.38461538461538464,1.0769230769230769,0.027472527472527486
238,8823,8,seed_even_count,2,45,118,0.35714285714285715,0.3813559322033898,1.0677966101694913,0.024213075060532663
238,3328,3,seed_even_count,1,25,71,0.3299319727891156,0.352112676056338,1.067228110933643,0.02218070326722238
239,9923,9,seed_high_count,1,35,79,0.30666666666666664,0.4430379746835443,1.4446890478811227,0.13637130801687763
239,2239,2,seed_prime_count,3,19,37,0.36333333333333334,0.5135135135135135,1.413339945450037,0.15018018018018015
239,3329,3,seed_sum_lastdigit,0,13,28,0.33,0.4642857142857143,1.406926406926407,0.13428571428571429
239,9923,9,seed_sum_lastdigit,6,15,36,0.30666666666666664,0.4166666666666667,1.3586956521739133,0.11000000000000004
239,2239,2,seed_sum_lastdigit,5,15,31,0.36333333333333334,0.4838709677419355,1.331754957087896,0.12053763440860216
239,3329,3,seed_vtrac_unique,4,28,66,0.33,0.42424242424242425,1.285583103764922,0.09424242424242424
239,3329,3,seed_sum_lastdigit,3,13,31,0.33,0.41935483870967744,1.270772238514174,0.08935483870967742
239,2239,2,seed_vtrac_unique,2,27,59,0.36333333333333334,0.4576271186440678,1.259524179754315,0.09429378531073446
239,9923,9,seed_sum_band,10-17,46,122,0.30666666666666664,0.3770491803278688,1.2295081967213115,0.07038251366120218
239,3329,3,seed_lead_band,7-9,35,87,0.33,0.40229885057471265,1.2190874259839777,0.07229885057471264
239,9923,9,seed_sum_mod3,1,38,102,0.30666666666666664,0.37254901960784315,1.214833759590793,0.0658823529411765
239,9923,9,seed_consecutive_pairs,0,35,94,0.30666666666666664,0.3723404255319149,1.2141535615171137,0.06567375886524823
239,3329,3,seed_high_count,3,30,76,0.33,0.39473684210526316,1.1961722488038278,0.06473684210526315
239,2239,2,seed_sum_mod3,0,45,104,0.36333333333333334,0.4326923076923077,1.1908962597035992,0.06935897435897437
239,2239,2,seed_consecutive_pairs,1,58,135,0.36333333333333334,0.42962962962962964,1.182466870540265,0.0662962962962963
239,3329,3,seed_prime_count,1,42,108,0.33,0.3888888888888889,1.1784511784511784,0.05888888888888888
239,3329,3,seed_sum_band,18-26,55,142,0.33,0.3873239436619718,1.1737089201877933,0.0573239436619718
239,2239,2,seed_lead_band,0-3,52,123,0.36333333333333334,0.42276422764227645,1.1635712687402104,0.059430894308943105
239,9923,9,seed_trail_band,0-3,48,135,0.30666666666666664,0.35555555555555557,1.1594202898550725,0.048888888888888926
239,2239,2,seed_sum_lastdigit,9,13,31,0.36333333333333334,0.41935483870967744,1.1541876294761764,0.056021505376344094
239,9923,9,seed_sum_lastdigit,2,12,34,0.30666666666666664,0.35294117647058826,1.150895140664962,0.046274509803921615
239,2239,2,seed_spread_band,0-3,16,39,0.36333333333333334,0.41025641025641024,1.1291460832745235,0.0469230769230769
239,2239,2,seed_sum_lastdigit,8,11,27,0.36333333333333334,0.4074074074074074,1.1213047910295615,0.04407407407407404
239,2239,2,seed_mirror_pairs_any,yes,55,135,0.36333333333333334,0.4074074074074074,1.1213047910295615,0.04407407407407404
239,9923,9,seed_consecutive_pairs,2,23,67,0.30666666666666664,0.34328358208955223,1.119402985074627,0.03661691542288559
239,3329,3,seed_trail_band,7-9,32,87,0.33,0.367816091954023,1.114594218042494,0.03781609195402297
239,3329,3,seed_high_count,2,40,109,0.33,0.3669724770642202,1.1120378092855157,0.03697247706422019
239,3329,3,seed_lead_band,4-6,33,90,0.33,0.36666666666666664,1.111111111111111,0.036666666666666625
239,3329,3,seed_spread_band,7-9,49,134,0.33,0.3656716417910448,1.108095884215287,0.03567164179104476
239,3329,3,seed_sum_lastdigit,4,12,33,0.33,0.36363636363636365,1.1019283746556474,0.03363636363636363
239,2239,2,seed_sum_lastdigit,1,10,25,0.36333333333333334,0.4,1.1009174311926606,0.03666666666666668
239,2239,2,seed_even_count,3,28,70,0.36333333333333334,0.4,1.1009174311926606,0.03666666666666668
239,3329,3,seed_structure,ABCD,60,166,0.33,0.3614457831325301,1.0952902519167578,0.0314457831325301
239,3329,3,seed_unique_count,4,60,166,0.33,0.3614457831325301,1.0952902519167578,0.0314457831325301
239,3329,3,seed_repeat_digit,none,60,166,0.33,0.3614457831325301,1.0952902519167578,0.0314457831325301
239,3329,3,seed_trail_band,4-6,28,78,0.33,0.358974358974359,1.0878010878010878,0.02897435897435896
239,2239,2,seed_structure,AABC,45,114,0.36333333333333334,0.39473684210526316,1.0864316755190728,0.03140350877192982
239,2239,2,seed_unique_count,3,45,114,0.36333333333333334,0.39473684210526316,1.0864316755190728,0.03140350877192982
239,2239,2,seed_spread_band,4-6,50,127,0.36333333333333334,0.3937007874015748,1.0835801488116739,0.030367454068241484
239,3329,3,seed_mirror_pairs_any,no,59,165,0.33,0.3575757575757576,1.08356290174472,0.027575757575757587
245,4425,4,seed_even_count,4,15,25,0.304635761589404,0.6,1.9695652173913043,0.295364238410596
245,4425,4,seed_prime_count,0,16,36,0.304635761589404,0.4444444444444444,1.4589371980676327,0.13980868285504044
245,4425,4,seed_sum_lastdigit,4,11,26,0.304635761589404,0.4230769230769231,1.3887959866220736,0.1184411614875191
245,4425,4,seed_trail_band,7-9,35,86,0.304635761589404,0.4069767441860465,1.3359453993933266,0.10234098259664254
245,5524,5,seed_sum_lastdigit,3,11,25,0.33774834437086093,0.44,1.3027450980392157,0.10225165562913907
245,2245,2,seed_prime_count,3,20,43,0.3576158940397351,0.46511627906976744,1.3006029285099052,0.10750038503003234
245,4425,4,seed_sum_lastdigit,7,11,28,0.304635761589404,0.39285714285714285,1.2895962732919255,0.08822138126773887
245,4425,4,seed_sum_lastdigit,0,12,31,0.304635761589404,0.3870967741935484,1.270687237026648,0.0824610126041444
245,4425,4,seed_consecutive_pairs,0,40,105,0.304635761589404,0.38095238095238093,1.2505175983436851,0.07631661936297696
245,2245,2,seed_sum_lastdigit,3,11,25,0.3576158940397351,0.44,1.2303703703703703,0.08238410596026491
245,5524,5,seed_prime_count,2,40,98,0.33774834437086093,0.40816326530612246,1.208483393357343,0.07041492093526153
245,2245,2,seed_sum_lastdigit,8,15,35,0.3576158940397351,0.42857142857142855,1.1984126984126984,0.07095553453169345
245,4425,4,seed_sum_lastdigit,2,12,34,0.304635761589404,0.35294117647058826,1.1585677749360614,0.04830541488118428
245,5524,5,seed_high_count,2,50,128,0.33774834437086093,0.390625,1.1565563725490196,0.05287665562913907
245,2245,2,seed_trail_band,4-6,38,92,0.3576158940397351,0.41304347826086957,1.1549919484702094,0.055427584221134474
245,2245,2,seed_high_count,3,23,56,0.3576158940397351,0.4107142857142857,1.148478835978836,0.053098391674550605
245,5524,5,seed_sum_lastdigit,6,12,31,0.33774834437086093,0.3870967741935484,1.146110056925996,0.049348429822687445
245,2245,2,seed_high_count,1,34,83,0.3576158940397351,0.40963855421686746,1.145470771976796,0.05202266017713236
245,2245,2,seed_structure,AABC,52,127,0.3576158940397351,0.4094488188976378,1.1449402158063575,0.051832924857902696
245,2245,2,seed_unique_count,3,52,127,0.3576158940397351,0.4094488188976378,1.1449402158063575,0.051832924857902696
245,5524,5,seed_spread_band,7-9,50,130,0.33774834437086093,0.38461538461538464,1.138763197586727,0.046867040244523706
245,5524,5,seed_even_count,2,43,112,0.33774834437086093,0.38392857142857145,1.1367296918767507,0.04618022705771052
245,5524,5,seed_structure,ABCD,59,155,0.33774834437086093,0.38064516129032255,1.1270082226438962,0.04289681691946162
245,5524,5,seed_unique_count,4,59,155,0.33774834437086093,0.38064516129032255,1.1270082226438962,0.04289681691946162
245,5524,5,seed_repeat_digit,none,59,155,0.33774834437086093,0.38064516129032255,1.1270082226438962,0.04289681691946162
245,4425,4,seed_sum_lastdigit,9,12,35,0.304635761589404,0.34285714285714286,1.1254658385093168,0.038221381267738885
245,5524,5,seed_spread_band,0-3,14,37,0.33774834437086093,0.3783783783783784,1.120296767355591,0.04063003400751747
245,4425,4,seed_vtrac_unique,2,18,53,0.304635761589404,0.33962264150943394,1.114848236259229,0.03498687992002997
245,2245,2,seed_lead_band,7-9,31,78,0.3576158940397351,0.3974358974358974,1.1113485280151947,0.03982000339616232
245,4425,4,seed_sum_mod2,0,53,157,0.304635761589404,0.3375796178343949,1.1081417889781224,0.03294385624499091
245,5524,5,seed_sum_lastdigit,9,13,35,0.33774834437086093,0.37142857142857144,1.0997198879551822,0.03368022705771051
245,4425,4,seed_spread_band,4-6,45,135,0.304635761589404,0.3333333333333333,1.0942028985507246,0.02869757174392934
245,2245,2,seed_even_count,3,30,77,0.3576158940397351,0.38961038961038963,1.0894660894660895,0.031994495570654535
245,2245,2,seed_consecutive_pairs,2,21,54,0.3576158940397351,0.3888888888888889,1.087448559670782,0.0312729948491538
245,5524,5,seed_consecutive_pairs,1,51,139,0.33774834437086093,0.3669064748201439,1.0863309352517985,0.02915813044928295
245,2245,2,seed_spread_band,4-6,52,135,0.3576158940397351,0.3851851851851852,1.0770919067215363,0.027569291145450092
245,4425,4,seed_vtrac_unique,4,19,58,0.304635761589404,0.3275862068965517,1.0753373313343328,0.022950445307147738
245,4425,4,seed_mirror_pairs_any,no,54,165,0.304635761589404,0.32727272727272727,1.074308300395257,0.022636965683323296
245,4425,4,seed_lead_band,4-6,30,92,0.304635761589404,0.32608695652173914,1.0704158790170133,0.02145119493233516
245,2245,2,seed_sum_lastdigit,1,13,34,0.3576158940397351,0.38235294117647056,1.0691721132897603,0.02473704713673547
246,6624,6,seed_vtrac_unique,4,28,62,0.30847457627118646,0.45161290322580644,1.4640198511166251,0.14313832695461998
246,2246,2,seed_sum_lastdigit,1,14,28,0.34576271186440677,0.5,1.446078431372549,0.15423728813559323
246,2246,2,seed_sum_lastdigit,7,15,30,0.34576271186440677,0.5,1.446078431372549,0.15423728813559323
246,6624,6,seed_sum_lastdigit,5,12,27,0.30847457627118646,0.4444444444444444,1.4407814407814405,0.13596986817325796
246,4426,4,seed_even_count,4,17,36,0.34576271186440677,0.4722222222222222,1.3657407407407407,0.12645951035781544
246,2246,2,seed_sum_lastdigit,3,12,26,0.34576271186440677,0.46153846153846156,1.3348416289592762,0.1157757496740548
246,6624,6,seed_vtrac_unique,2,26,64,0.30847457627118646,0.40625,1.3169642857142856,0.09777542372881354
246,6624,6,seed_prime_count,1,40,100,0.30847457627118646,0.4,1.2967032967032968,0.09152542372881356
246,4426,4,seed_sum_lastdigit,2,13,29,0.34576271186440677,0.4482758620689655,1.2964841108857337,0.10251315020455876
246,4426,4,seed_sum_lastdigit,8,17,38,0.34576271186440677,0.4473684210526316,1.2938596491228072,0.10160570918822481
246,6624,6,seed_even_count,3,30,77,0.30847457627118646,0.38961038961038963,1.26302269159412,0.08113581333920317
246,2246,2,seed_even_count,1,23,53,0.34576271186440677,0.4339622641509434,1.2550869404365521,0.08819955228653664
246,4426,4,seed_sum_lastdigit,6,16,37,0.34576271186440677,0.43243243243243246,1.2506624271330156,0.08666972056802569
246,6624,6,seed_sum_band,0-9,10,26,0.30847457627118646,0.38461538461538464,1.246830092983939,0.07614080834419817
246,2246,2,seed_sum_lastdigit,0,12,28,0.34576271186440677,0.42857142857142855,1.2394957983193278,0.08280871670702178
246,2246,2,seed_prime_count,3,17,40,0.34576271186440677,0.425,1.2291666666666667,0.07923728813559322
246,6624,6,seed_consecutive_pairs,2,21,56,0.30847457627118646,0.375,1.2156593406593406,0.06652542372881354
246,2246,2,seed_consecutive_pairs,1,55,133,0.34576271186440677,0.41353383458646614,1.1960047176765443,0.06777112272205937
246,2246,2,seed_prime_count,0,19,46,0.34576271186440677,0.41304347826086957,1.1945865302642797,0.0672807663964628
246,4426,4,seed_prime_count,0,19,46,0.34576271186440677,0.41304347826086957,1.1945865302642797,0.0672807663964628
246,6624,6,seed_sum_lastdigit,4,12,33,0.30847457627118646,0.36363636363636365,1.1788211788211789,0.055161787365177184
246,4426,4,seed_sum_mod2,0,67,165,0.34576271186440677,0.40606060606060607,1.1743909685086156,0.0602978941961993
246,2246,2,seed_sum_band,10-17,51,126,0.34576271186440677,0.40476190476190477,1.1706349206349207,0.058999192897498
246,2246,2,seed_vtrac_unique,3,68,168,0.34576271186440677,0.40476190476190477,1.1706349206349207,0.058999192897498
246,6624,6,seed_high_count,3,24,67,0.30847457627118646,0.3582089552238806,1.1612268328686237,0.049734378952694114
246,4426,4,seed_consecutive_pairs,0,40,100,0.34576271186440677,0.4,1.1568627450980393,0.05423728813559325
246,4426,4,seed_spread_band,0-3,13,33,0.34576271186440677,0.3939393939393939,1.1393345216874629,0.048176682074987154
246,4426,4,seed_sum_band,18-26,50,127,0.34576271186440677,0.3937007874015748,1.1386444341516135,0.04793807553716806
246,4426,4,seed_sum_lastdigit,0,11,28,0.34576271186440677,0.39285714285714285,1.136204481792717,0.04709443099273608
246,6624,6,seed_sum_mod3,0,29,83,0.30847457627118646,0.3493975903614458,1.1326625182046868,0.040923014090259335
246,6624,6,seed_lead_band,0-3,40,115,0.30847457627118646,0.34782608695652173,1.127568084089823,0.03935151068533527
246,4426,4,seed_sum_mod3,2,42,108,0.34576271186440677,0.3888888888888889,1.124727668845316,0.043126177024482126
246,4426,4,seed_trail_band,4-6,33,85,0.34576271186440677,0.38823529411764707,1.1228373702422145,0.0424725822532403
246,6624,6,seed_sum_mod2,1,45,130,0.30847457627118646,0.34615384615384615,1.1221470836855452,0.03767926988265968
246,6624,6,seed_sum_lastdigit,3,9,26,0.30847457627118646,0.34615384615384615,1.1221470836855452,0.03767926988265968
246,6624,6,seed_sum_lastdigit,2,10,29,0.30847457627118646,0.3448275862068966,1.1178476695718076,0.03635300993571011
246,2246,2,seed_sum_mod2,1,50,130,0.34576271186440677,0.38461538461538464,1.11236802413273,0.03885267275097787
246,4426,4,seed_even_count,2,43,113,0.34576271186440677,0.3805309734513274,1.1005552663543294,0.034768261586920646
246,4426,4,seed_lead_band,7-9,36,95,0.34576271186440677,0.37894736842105264,1.0959752321981424,0.033184656556645875
246,2246,2,seed_sum_lastdigit,6,14,37,0.34576271186440677,0.3783783783783784,1.0943296237413886,0.03261566651397163
247,2247,2,seed_sum_lastdigit,4,14,26,0.3527397260273973,0.5384615384615384,1.5265123226288273,0.18572181243414115
247,4427,4,seed_sum_lastdigit,7,13,27,0.3287671232876712,0.48148148148148145,1.4645061728395061,0.15271435819381024
247,2247,2,seed_consecutive_pairs,2,30,61,0.3527397260273973,0.4918032786885246,1.3942384211363996,0.1390635526611273
247,7724,7,seed_prime_count,3,14,32,0.3184931506849315,0.4375,1.3736559139784947,0.1190068493150685
247,7724,7,seed_sum_lastdigit,8,13,30,0.3184931506849315,0.43333333333333335,1.360573476702509,0.11484018264840185
247,4427,4,seed_prime_count,0,18,42,0.3287671232876712,0.42857142857142855,1.3035714285714286,0.09980430528375733
247,4427,4,seed_consecutive_pairs,1,57,142,0.3287671232876712,0.4014084507042254,1.2209507042253522,0.07264132741655416
247,2247,2,seed_high_count,3,29,68,0.3527397260273973,0.4264705882352941,1.209023415191319,0.07373086220789682
247,2247,2,seed_sum_lastdigit,2,16,38,0.3527397260273973,0.42105263157894735,1.1936637710781808,0.06831290555155006
247,7724,7,seed_lead_band,7-9,32,85,0.3184931506849315,0.3764705882352941,1.1820366856419988,0.05797743755036261
247,7724,7,seed_sum_lastdigit,9,12,32,0.3184931506849315,0.375,1.1774193548387097,0.0565068493150685
247,7724,7,seed_high_count,1,30,80,0.3184931506849315,0.375,1.1774193548387097,0.0565068493150685
247,2247,2,seed_lead_band,4-6,36,87,0.3527397260273973,0.41379310344827586,1.1730833612320053,0.061053377420878574
247,4427,4,seed_sum_lastdigit,1,10,26,0.3287671232876712,0.38461538461538464,1.169871794871795,0.05584826132771342
247,4427,4,seed_even_count,1,28,73,0.3287671232876712,0.3835616438356164,1.1666666666666667,0.0547945205479452
247,2247,2,seed_spread_band,4-6,52,127,0.3527397260273973,0.4094488188976378,1.1607675254185459,0.05670909287024051
247,2247,2,seed_sum_lastdigit,3,13,32,0.3527397260273973,0.40625,1.1516990291262135,0.05351027397260272
247,7724,7,seed_sum_mod3,0,37,101,0.3184931506849315,0.36633663366336633,1.1502182476312148,0.047843482978434826
247,2247,2,seed_trail_band,4-6,31,77,0.3527397260273973,0.4025974025974026,1.1413440928004035,0.04985767657000534
247,4427,4,seed_sum_lastdigit,9,12,32,0.3287671232876712,0.375,1.140625,0.046232876712328785
247,4427,4,seed_spread_band,7-9,50,134,0.3287671232876712,0.373134328358209,1.134950248756219,0.04436720507053776
247,4427,4,seed_sum_mod3,2,30,81,0.3287671232876712,0.37037037037037035,1.126543209876543,0.041603247082699135
247,2247,2,seed_vtrac_unique,4,20,51,0.3527397260273973,0.39215686274509803,1.111745669141443,0.03941713671770075
247,2247,2,seed_prime_count,2,43,110,0.3527397260273973,0.39090909090909093,1.108208296557811,0.038169364881693646
247,4427,4,seed_sum_mod3,1,40,110,0.3287671232876712,0.36363636363636365,1.1060606060606062,0.03486924034869243
247,2247,2,seed_vtrac_unique,2,23,59,0.3527397260273973,0.3898305084745763,1.1051505677143327,0.037090782447179005
247,4427,4,seed_sum_mod2,1,54,149,0.3287671232876712,0.3624161073825503,1.1023489932885906,0.0336489840948791
247,7724,7,seed_structure,AABC,44,126,0.3184931506849315,0.3492063492063492,1.0964328383683222,0.030713198521417684
247,7724,7,seed_unique_count,3,44,126,0.3184931506849315,0.3492063492063492,1.0964328383683222,0.030713198521417684
247,7724,7,seed_high_count,2,39,112,0.3184931506849315,0.3482142857142857,1.0933179723502304,0.029721135029354195
247,2247,2,seed_sum_mod2,0,55,143,0.3527397260273973,0.38461538461538464,1.0903659447348768,0.031875658587987354
247,2247,2,seed_sum_lastdigit,1,10,26,0.3527397260273973,0.38461538461538464,1.0903659447348768,0.031875658587987354
247,7724,7,seed_sum_lastdigit,0,9,26,0.3184931506849315,0.34615384615384615,1.086848635235732,0.027660695468914642
247,7724,7,seed_trail_band,0-3,45,130,0.3184931506849315,0.34615384615384615,1.086848635235732,0.027660695468914642
247,2247,2,seed_sum_mod3,2,31,81,0.3527397260273973,0.38271604938271603,1.0849814215510007,0.029976323355318746
247,4427,4,seed_prime_count,1,37,104,0.3287671232876712,0.3557692307692308,1.0821314102564104,0.027002107481559567
247,2247,2,seed_prime_count,0,16,42,0.3527397260273973,0.38095238095238093,1.079981507165973,0.02821265492498365
247,4427,4,seed_spread_band,0-3,11,31,0.3287671232876712,0.3548387096774194,1.0793010752688172,0.026071586389748158
247,7724,7,seed_vtrac_unique,3,62,181,0.3184931506849315,0.3425414364640884,1.0755064456721917,0.024048285779156908
247,7724,7,seed_even_count,3,26,76,0.3184931506849315,0.34210526315789475,1.0741369552914546,0.023612112472963243
248,4428,4,seed_sum_lastdigit,4,17,34,0.3300653594771242,0.5,1.5148514851485149,0.16993464052287582
248,4428,4,seed_prime_count,3,25,55,0.3300653594771242,0.45454545454545453,1.3771377137713772,0.12448009506833035
248,8824,8,seed_sum_lastdigit,8,11,26,0.3104575163398693,0.4230769230769231,1.3627530364372469,0.11261940673705378
248,4428,4,seed_high_count,1,33,78,0.3300653594771242,0.4230769230769231,1.2817974105102818,0.0930115635997989
248,8824,8,seed_prime_count,2,36,91,0.3104575163398693,0.3956043956043956,1.2742625795257374,0.0851468792645263
248,2248,2,seed_sum_lastdigit,6,16,35,0.35947712418300654,0.45714285714285713,1.2716883116883118,0.09766573295985059
248,4428,4,seed_sum_band,10-17,55,133,0.3300653594771242,0.41353383458646614,1.252884686964937,0.08346847510934197
248,8824,8,seed_sum_lastdigit,3,15,39,0.3104575163398693,0.38461538461538464,1.2388663967611337,0.07415786827551535
248,4428,4,seed_prime_count,0,15,37,0.3300653594771242,0.40540540540540543,1.2282579609312283,0.07534004592828125
248,8824,8,seed_sum_mod3,0,39,103,0.3104575163398693,0.3786407766990291,1.2196218702095043,0.06818326035915984
248,2248,2,seed_prime_count,0,16,37,0.35947712418300654,0.43243243243243246,1.202948402948403,0.07295530824942592
248,4428,4,seed_sum_mod3,2,41,105,0.3300653594771242,0.3904761904761905,1.183026874115983,0.0604108309990663
248,8824,8,seed_spread_band,0-3,15,41,0.3104575163398693,0.36585365853658536,1.1784338896020539,0.05539614219671607
248,2248,2,seed_sum_lastdigit,7,11,26,0.35947712418300654,0.4230769230769231,1.176923076923077,0.06359979889391654
248,8824,8,seed_sum_band,18-26,53,146,0.3104575163398693,0.363013698630137,1.1692862292718096,0.052556182290267706
248,4428,4,seed_sum_lastdigit,7,10,26,0.3300653594771242,0.38461538461538464,1.1652703731911653,0.05455002513826046
248,8824,8,seed_sum_lastdigit,1,13,36,0.3104575163398693,0.3611111111111111,1.1631578947368422,0.05065359477124182
248,2248,2,seed_spread_band,0-3,17,41,0.35947712418300654,0.4146341463414634,1.1534368070953436,0.05515702215845686
248,2248,2,seed_vtrac_unique,4,24,58,0.35947712418300654,0.41379310344827586,1.1510971786833855,0.05431597926526932
248,4428,4,seed_vtrac_unique,4,22,58,0.3300653594771242,0.3793103448275862,1.1491976783885285,0.04924498535046201
248,2248,2,seed_structure,AABC,53,129,0.35947712418300654,0.4108527131782946,1.1429175475687103,0.051375588995288046
248,2248,2,seed_unique_count,3,53,129,0.35947712418300654,0.4108527131782946,1.1429175475687103,0.051375588995288046
248,4428,4,seed_trail_band,4-6,35,93,0.3300653594771242,0.3763440860215054,1.1402107952730758,0.0462787265443812
248,2248,2,seed_sum_lastdigit,0,13,32,0.35947712418300654,0.40625,1.1301136363636364,0.046772875816993464
248,8824,8,seed_even_count,3,32,92,0.3104575163398693,0.34782608695652173,1.120366132723112,0.03736857061665244
248,4428,4,seed_spread_band,4-6,46,125,0.3300653594771242,0.368,1.114930693069307,0.03793464052287582
248,2248,2,seed_prime_count,1,44,110,0.35947712418300654,0.4,1.1127272727272728,0.04052287581699349
248,2248,2,seed_mirror_pairs_any,no,63,158,0.35947712418300654,0.3987341772151899,1.1092059838895283,0.03925705303218335
248,8824,8,seed_sum_lastdigit,0,11,32,0.3104575163398693,0.34375,1.1072368421052632,0.03329248366013071
248,8824,8,seed_sum_lastdigit,5,11,32,0.3104575163398693,0.34375,1.1072368421052632,0.03329248366013071
248,2248,2,seed_trail_band,7-9,33,83,0.35947712418300654,0.39759036144578314,1.106024096385542,0.0381132372627766
248,8824,8,seed_vtrac_unique,2,24,70,0.3104575163398693,0.34285714285714286,1.104360902255639,0.03239962651727357
248,2248,2,seed_consecutive_pairs,0,42,106,0.35947712418300654,0.39622641509433965,1.1022298456260722,0.03674929091133311
248,2248,2,seed_lead_band,7-9,37,94,0.35947712418300654,0.39361702127659576,1.0949709864603483,0.03413989709358922
248,4428,4,seed_lead_band,0-3,45,125,0.3300653594771242,0.36,1.0906930693069308,0.02993464052287581
248,8824,8,seed_mirror_pairs_any,yes,50,148,0.3104575163398693,0.33783783783783783,1.0881934566145093,0.02738032149796854
248,2248,2,seed_sum_mod3,2,41,105,0.35947712418300654,0.3904761904761905,1.0862337662337662,0.03099906629318394
248,8824,8,seed_sum_mod3,1,33,98,0.3104575163398693,0.336734693877551,1.0846401718582168,0.026277177537681717
248,2248,2,seed_sum_lastdigit,1,14,36,0.35947712418300654,0.3888888888888889,1.0818181818181818,0.02941176470588236
248,4428,4,seed_consecutive_pairs,1,53,149,0.3300653594771242,0.35570469798657717,1.0776795800385408,0.02563933850945299
249,9924,9,seed_sum_lastdigit,3,15,27,0.3401360544217687,0.5555555555555556,1.6333333333333335,0.21541950113378688
249,4429,4,seed_prime_count,3,22,42,0.35374149659863946,0.5238095238095238,1.4807692307692308,0.17006802721088438
249,2249,2,seed_even_count,4,11,25,0.30612244897959184,0.44,1.4373333333333334,0.13387755102040816
249,4429,4,seed_sum_lastdigit,2,14,29,0.35374149659863946,0.4827586206896552,1.3647214854111407,0.12901712409101573
249,9924,9,seed_sum_lastdigit,5,12,26,0.3401360544217687,0.46153846153846156,1.3569230769230771,0.12140240711669287
249,4429,4,seed_sum_lastdigit,7,12,26,0.35374149659863946,0.46153846153846156,1.304733727810651,0.1077969649398221
249,4429,4,seed_sum_lastdigit,0,17,37,0.35374149659863946,0.4594594594594595,1.2988565488565489,0.10571796286082003
249,2249,2,seed_lead_band,7-9,34,87,0.30612244897959184,0.39080459770114945,1.2766283524904214,0.0846821487215576
249,2249,2,seed_sum_lastdigit,4,14,36,0.30612244897959184,0.3888888888888889,1.2703703703703704,0.08276643990929705
249,4429,4,seed_high_count,3,24,55,0.35374149659863946,0.43636363636363634,1.2335664335664336,0.08262213976499688
249,4429,4,seed_trail_band,7-9,35,81,0.35374149659863946,0.43209876543209874,1.2215099715099715,0.07835726883345928
249,9924,9,seed_mirror_pairs_any,yes,55,133,0.3401360544217687,0.41353383458646614,1.2157894736842105,0.07339778016469745
249,9924,9,seed_even_count,3,26,63,0.3401360544217687,0.4126984126984127,1.2133333333333334,0.07256235827664398
249,4429,4,seed_vtrac_unique,4,24,56,0.35374149659863946,0.42857142857142855,1.2115384615384615,0.07482993197278909
249,9924,9,seed_sum_mod2,1,57,140,0.3401360544217687,0.40714285714285714,1.197,0.06700680272108844
249,2249,2,seed_sum_mod3,2,34,93,0.30612244897959184,0.3655913978494624,1.1942652329749104,0.05946894886987053
249,2249,2,seed_spread_band,7-9,46,126,0.30612244897959184,0.36507936507936506,1.1925925925925924,0.058956916099773216
249,2249,2,seed_consecutive_pairs,0,37,102,0.30612244897959184,0.3627450980392157,1.184967320261438,0.05662264905962383
249,9924,9,seed_even_count,1,31,77,0.3401360544217687,0.4025974025974026,1.1836363636363638,0.062461348175633924
249,9924,9,seed_consecutive_pairs,2,20,50,0.3401360544217687,0.4,1.1760000000000002,0.059863945578231326
249,2249,2,seed_sum_lastdigit,8,9,25,0.30612244897959184,0.36,1.176,0.05387755102040814
249,2249,2,seed_consecutive_pairs,2,18,50,0.30612244897959184,0.36,1.176,0.05387755102040814
249,2249,2,seed_prime_count,0,15,42,0.30612244897959184,0.35714285714285715,1.1666666666666667,0.05102040816326531
249,9924,9,seed_prime_count,2,40,101,0.3401360544217687,0.39603960396039606,1.1643564356435645,0.05590354953862736
249,4429,4,seed_lead_band,4-6,38,93,0.35374149659863946,0.40860215053763443,1.1550868486352357,0.054860653938994974
249,4429,4,seed_spread_band,0-3,19,47,0.35374149659863946,0.40425531914893614,1.142798690671031,0.05051382255029668
249,9924,9,seed_spread_band,4-6,47,121,0.3401360544217687,0.3884297520661157,1.1419834710743801,0.04829369764434699
249,4429,4,seed_mirror_pairs_any,no,65,161,0.35374149659863946,0.40372670807453415,1.141304347826087,0.049985211475894686
249,9924,9,seed_lead_band,4-6,36,93,0.3401360544217687,0.3870967741935484,1.1380645161290324,0.04696071977177968
249,2249,2,seed_trail_band,4-6,33,95,0.30612244897959184,0.3473684210526316,1.1347368421052633,0.04124597207303976
249,9924,9,seed_sum_lastdigit,9,16,42,0.3401360544217687,0.38095238095238093,1.1199999999999999,0.040816326530612235
249,9924,9,seed_consecutive_pairs,1,50,133,0.3401360544217687,0.37593984962406013,1.1052631578947367,0.03580379520229143
249,2249,2,seed_sum_mod2,0,52,154,0.30612244897959184,0.33766233766233766,1.103030303030303,0.03153988868274582
249,9924,9,seed_trail_band,0-3,44,118,0.3401360544217687,0.3728813559322034,1.096271186440678,0.0327453015104347
249,9924,9,seed_sum_band,18-26,51,137,0.3401360544217687,0.3722627737226277,1.0944525547445256,0.03212671930085903
249,9924,9,seed_structure,ABCD,53,143,0.3401360544217687,0.3706293706293706,1.0896503496503496,0.030493316207601928
249,9924,9,seed_unique_count,4,53,143,0.3401360544217687,0.3706293706293706,1.0896503496503496,0.030493316207601928
249,9924,9,seed_repeat_digit,none,53,143,0.3401360544217687,0.3706293706293706,1.0896503496503496,0.030493316207601928
249,2249,2,seed_sum_lastdigit,6,9,27,0.30612244897959184,0.3333333333333333,1.0888888888888888,0.02721088435374147
249,9924,9,seed_sum_lastdigit,6,10,27,0.3401360544217687,0.37037037037037035,1.0888888888888888,0.030234315948601653
256,2256,2,seed_sum_lastdigit,9,22,40,0.3434650455927052,0.55,1.6013274336283185,0.20653495440729486
256,5526,5,seed_sum_lastdigit,6,15,31,0.3069908814589666,0.4838709677419355,1.5761737464068988,0.17688008628296892
256,2256,2,seed_sum_lastdigit,0,15,29,0.3434650455927052,0.5172413793103449,1.5059505645407385,0.17377633371763967
256,6625,6,seed_high_count,3,38,82,0.3495440729483283,0.4634146341463415,1.3257688229056204,0.1138705611980132
256,2256,2,seed_spread_band,0-3,18,40,0.3434650455927052,0.45,1.3101769911504424,0.10653495440729482
256,5526,5,seed_even_count,4,10,25,0.3069908814589666,0.4,1.302970297029703,0.09300911854103344
256,5526,5,seed_sum_band,10-17,52,132,0.3069908814589666,0.3939393939393939,1.2832283228322832,0.08694851248042734
256,5526,5,seed_consecutive_pairs,2,24,61,0.3069908814589666,0.39344262295081966,1.2816101282259373,0.08645174149185308
256,6625,6,seed_sum_lastdigit,3,20,45,0.3495440729483283,0.4444444444444444,1.2714975845410628,0.09490037149611613
256,5526,5,seed_high_count,1,32,82,0.3069908814589666,0.3902439024390244,1.2711905336875151,0.08325302098005782
256,2256,2,seed_prime_count,0,21,49,0.3434650455927052,0.42857142857142855,1.247787610619469,0.08510638297872336
256,2256,2,seed_trail_band,4-6,38,92,0.3434650455927052,0.41304347826086957,1.2025779145825317,0.06957843266816438
256,6625,6,seed_even_count,3,35,84,0.3495440729483283,0.4166666666666667,1.1920289855072463,0.0671225937183384
256,5526,5,seed_sum_mod3,1,43,118,0.3069908814589666,0.3644067796610169,1.1870280248363818,0.05741589820205034
256,5526,5,seed_vtrac_unique,4,25,69,0.3069908814589666,0.36231884057971014,1.1802267183240063,0.055327959120743564
256,2256,2,seed_high_count,2,52,129,0.3434650455927052,0.40310077519379844,1.1736296906084926,0.05963572960109326
256,5526,5,seed_trail_band,0-3,48,135,0.3069908814589666,0.35555555555555557,1.1581958195819582,0.04856467409658899
256,5526,5,seed_spread_band,4-6,46,130,0.3069908814589666,0.35384615384615387,1.1526275704493527,0.046855272387187286
256,6625,6,seed_trail_band,7-9,41,102,0.3495440729483283,0.4019607843137255,1.1499573742540494,0.05241671136539722
256,6625,6,seed_sum_lastdigit,1,14,35,0.3495440729483283,0.4,1.1443478260869566,0.050455927051671734
256,5526,5,seed_lead_band,0-3,45,129,0.3069908814589666,0.3488372093023256,1.1363113055491596,0.04184632784335901
256,6625,6,seed_spread_band,7-9,63,159,0.3495440729483283,0.39622641509433965,1.133552091878589,0.04668234214601136
256,5526,5,seed_sum_lastdigit,2,9,26,0.3069908814589666,0.34615384615384615,1.1275704493526275,0.039162964694879565
256,5526,5,seed_sum_lastdigit,7,9,26,0.3069908814589666,0.34615384615384615,1.1275704493526275,0.039162964694879565
256,2256,2,seed_sum_band,18-26,60,155,0.3434650455927052,0.3870967741935484,1.1270339708821009,0.04363172860084319
256,5526,5,seed_sum_lastdigit,5,10,29,0.3069908814589666,0.3448275862068966,1.1232502560600888,0.037836704747929994
256,6625,6,seed_prime_count,2,43,110,0.3495440729483283,0.39090909090909093,1.1183399209486167,0.04136501796076264
256,6625,6,seed_sum_mod3,2,40,103,0.3495440729483283,0.3883495145631068,1.1110173068805402,0.0388054416147785
256,6625,6,seed_sum_lastdigit,2,10,26,0.3495440729483283,0.38461538461538464,1.100334448160535,0.03507131166705635
256,6625,6,seed_sum_lastdigit,4,15,39,0.3495440729483283,0.38461538461538464,1.100334448160535,0.03507131166705635
256,2256,2,seed_lead_band,4-6,35,93,0.3434650455927052,0.3763440860215054,1.0957274716909315,0.03287904042880019
256,6625,6,seed_vtrac_unique,2,26,68,0.3495440729483283,0.38235294117647056,1.09386189258312,0.032808868228142274
256,2256,2,seed_even_count,1,34,91,0.3434650455927052,0.37362637362637363,1.0878148400272294,0.030161328033668444
256,5526,5,seed_structure,ABCD,59,177,0.3069908814589666,0.3333333333333333,1.0858085808580857,0.026342451874366735
256,5526,5,seed_unique_count,4,59,177,0.3069908814589666,0.3333333333333333,1.0858085808580857,0.026342451874366735
256,5526,5,seed_repeat_digit,none,59,177,0.3069908814589666,0.3333333333333333,1.0858085808580857,0.026342451874366735
256,6625,6,seed_sum_lastdigit,5,11,29,0.3495440729483283,0.3793103448275862,1.085157421289355,0.0297662718792579
256,6625,6,seed_sum_lastdigit,8,11,29,0.3495440729483283,0.3793103448275862,1.085157421289355,0.0297662718792579
256,2256,2,seed_sum_mod3,0,40,108,0.3434650455927052,0.37037037037037035,1.0783349721402817,0.026905324777665163
256,2256,2,seed_prime_count,1,40,108,0.3434650455927052,0.37037037037037035,1.0783349721402817,0.026905324777665163
257,2257,2,seed_even_count,0,12,25,0.3219814241486068,0.48,1.4907692307692306,0.15801857585139317
257,7725,7,seed_sum_lastdigit,3,17,36,0.34055727554179566,0.4722222222222222,1.3866161616161616,0.13166494668042655
257,2257,2,seed_sum_lastdigit,8,13,30,0.3219814241486068,0.43333333333333335,1.3458333333333334,0.11135190918472654
257,7725,7,seed_sum_lastdigit,5,17,38,0.34055727554179566,0.4473684210526316,1.3136363636363637,0.10681114551083593
257,7725,7,seed_even_count,1,33,75,0.34055727554179566,0.44,1.292,0.09944272445820435
257,2257,2,seed_vtrac_unique,4,21,52,0.3219814241486068,0.40384615384615385,1.2542529585798816,0.08186472969754705
257,5527,5,seed_sum_lastdigit,4,12,29,0.33746130030959753,0.41379310344827586,1.2261942423283771,0.07633180313867832
257,7725,7,seed_sum_lastdigit,9,15,36,0.34055727554179566,0.4166666666666667,1.2234848484848486,0.07610939112487103
257,5527,5,seed_prime_count,0,15,37,0.33746130030959753,0.40540540540540543,1.2013389536325316,0.0679441050958079
257,7725,7,seed_prime_count,3,26,64,0.34055727554179566,0.40625,1.1928977272727272,0.06569272445820434
257,7725,7,seed_prime_count,0,15,37,0.34055727554179566,0.40540540540540543,1.1904176904176904,0.06484812986360977
257,7725,7,seed_lead_band,4-6,35,87,0.34055727554179566,0.40229885057471265,1.1812957157784745,0.061741575032916995
257,2257,2,seed_sum_lastdigit,4,11,29,0.3219814241486068,0.3793103448275862,1.178050397877984,0.05732892067897938
257,2257,2,seed_high_count,2,45,119,0.3219814241486068,0.37815126050420167,1.1744505494505495,0.05616983635559486
257,7725,7,seed_sum_mod2,1,67,168,0.34055727554179566,0.39880952380952384,1.1710497835497837,0.05825224826772818
257,7725,7,seed_consecutive_pairs,0,42,107,0.34055727554179566,0.3925233644859813,1.152591333899745,0.05196608894418564
257,2257,2,seed_sum_lastdigit,6,10,27,0.3219814241486068,0.37037037037037035,1.1502849002849003,0.04838894622176354
257,2257,2,seed_spread_band,0-3,15,41,0.3219814241486068,0.36585365853658536,1.1362570356472794,0.04387223438797855
257,5527,5,seed_even_count,2,45,118,0.33746130030959753,0.3813559322033898,1.130073083501788,0.04389463189379228
257,5527,5,seed_lead_band,0-3,48,127,0.33746130030959753,0.3779527559055118,1.119988441811746,0.04049145559591427
257,5527,5,seed_sum_band,10-17,43,114,0.33746130030959753,0.37719298245614036,1.117737003058104,0.039731682146542824
257,7725,7,seed_structure,AABC,60,158,0.34055727554179566,0.379746835443038,1.1150747986191025,0.03918955990124234
257,7725,7,seed_unique_count,3,60,158,0.34055727554179566,0.379746835443038,1.1150747986191025,0.03918955990124234
257,2257,2,seed_sum_lastdigit,2,10,28,0.3219814241486068,0.35714285714285715,1.1092032967032968,0.03516143299425034
257,2257,2,seed_trail_band,7-9,35,98,0.3219814241486068,0.35714285714285715,1.1092032967032968,0.03516143299425034
257,5527,5,seed_high_count,1,28,75,0.33746130030959753,0.37333333333333335,1.1062996941896024,0.035872033023735816
257,7725,7,seed_trail_band,0-3,47,125,0.34055727554179566,0.376,1.1040727272727273,0.035442724458204344
257,2257,2,seed_sum_mod2,0,55,155,0.3219814241486068,0.3548387096774194,1.1020471464019852,0.03285728552881256
257,5527,5,seed_spread_band,7-9,49,132,0.33746130030959753,0.3712121212121212,1.100013900472616,0.03375082090252368
257,5527,5,seed_sum_lastdigit,6,10,27,0.33746130030959753,0.37037037037037035,1.0975195378865104,0.032909070060772816
257,5527,5,seed_mirror_pairs_any,yes,57,154,0.33746130030959753,0.37012987012987014,1.0968068628619088,0.03266856982027261
257,2257,2,seed_prime_count,1,38,108,0.3219814241486068,0.35185185185185186,1.0927706552706553,0.02987042770324505
257,5527,5,seed_sum_mod2,0,57,155,0.33746130030959753,0.36774193548387096,1.0897306895531222,0.03028063517427343
257,5527,5,seed_sum_lastdigit,0,15,41,0.33746130030959753,0.36585365853658536,1.0841351532781383,0.028392358226987824
257,5527,5,seed_sum_lastdigit,1,15,41,0.33746130030959753,0.36585365853658536,1.0841351532781383,0.028392358226987824
257,2257,2,seed_consecutive_pairs,1,55,158,0.3219814241486068,0.34810126582278483,1.081122200584226,0.026119841674178024
257,5527,5,seed_sum_mod3,2,43,118,0.33746130030959753,0.3644067796610169,1.0798476131239307,0.026945479351419388
257,5527,5,seed_structure,ABCD,52,143,0.33746130030959753,0.36363636363636365,1.0775646371976648,0.026175063326766113
257,5527,5,seed_unique_count,4,52,143,0.33746130030959753,0.36363636363636365,1.0775646371976648,0.026175063326766113
257,5527,5,seed_repeat_digit,none,52,143,0.33746130030959753,0.36363636363636365,1.0775646371976648,0.026175063326766113
258,2258,2,seed_sum_lastdigit,6,16,30,0.39215686274509803,0.5333333333333333,1.36,0.1411764705882353
258,5528,5,seed_trail_band,0-3,46,119,0.2908496732026144,0.3865546218487395,1.3290529695024076,0.09570494864612511
258,8825,8,seed_lead_band,7-9,40,97,0.31699346405228757,0.41237113402061853,1.3008821341268997,0.09537766996833097
258,2258,2,seed_sum_lastdigit,2,16,32,0.39215686274509803,0.5,1.275,0.10784313725490197
258,5528,5,seed_high_count,1,33,89,0.2908496732026144,0.3707865168539326,1.2748390354753187,0.0799368436513182
258,5528,5,seed_spread_band,4-6,47,131,0.2908496732026144,0.35877862595419846,1.2335534779998283,0.06792895275158406
258,8825,8,seed_sum_lastdigit,7,14,36,0.31699346405228757,0.3888888888888889,1.2268041237113403,0.07189542483660133
258,2258,2,seed_vtrac_unique,4,20,42,0.39215686274509803,0.47619047619047616,1.2142857142857142,0.08403361344537813
258,5528,5,seed_sum_lastdigit,0,10,29,0.2908496732026144,0.3448275862068966,1.1855869817900038,0.053977913004282174
258,8825,8,seed_prime_count,2,39,104,0.31699346405228757,0.375,1.1829896907216495,0.058006535947712434
258,5528,5,seed_sum_lastdigit,3,12,35,0.2908496732026144,0.34285714285714286,1.178812199036918,0.05200746965452846
258,2258,2,seed_prime_count,0,16,35,0.39215686274509803,0.45714285714285713,1.1657142857142857,0.0649859943977591
258,5528,5,seed_even_count,3,25,74,0.2908496732026144,0.33783783783783783,1.1615548132402065,0.04698816463522343
258,8825,8,seed_sum_lastdigit,4,11,30,0.31699346405228757,0.36666666666666664,1.156701030927835,0.049673202614379075
258,2258,2,seed_even_count,2,55,122,0.39215686274509803,0.45081967213114754,1.1495901639344261,0.05866280938604951
258,5528,5,seed_sum_lastdigit,7,12,36,0.2908496732026144,0.3333333333333333,1.146067415730337,0.042483660130718914
258,5528,5,seed_sum_lastdigit,9,11,33,0.2908496732026144,0.3333333333333333,1.146067415730337,0.042483660130718914
258,8825,8,seed_trail_band,7-9,34,94,0.31699346405228757,0.3617021276595745,1.141039701688967,0.044708663607286925
258,5528,5,seed_vtrac_unique,2,26,79,0.2908496732026144,0.3291139240506329,1.1315602332527377,0.03826425084801849
258,8825,8,seed_sum_mod3,0,34,95,0.31699346405228757,0.35789473684210527,1.1290287574606621,0.0409012727898177
258,2258,2,seed_spread_band,7-9,61,138,0.39215686274509803,0.4420289855072464,1.1271739130434784,0.04987212276214836
258,8825,8,seed_consecutive_pairs,2,16,45,0.31699346405228757,0.35555555555555557,1.1216494845360825,0.038562091503268
258,5528,5,seed_lead_band,4-6,27,83,0.2908496732026144,0.3253012048192771,1.118451333423582,0.0344515316166627
258,5528,5,seed_structure,AABC,45,139,0.2908496732026144,0.3237410071942446,1.113087058443133,0.03289133399163019
258,5528,5,seed_unique_count,3,45,139,0.2908496732026144,0.3237410071942446,1.113087058443133,0.03289133399163019
258,2258,2,seed_trail_band,7-9,41,94,0.39215686274509803,0.43617021276595747,1.1122340425531916,0.04401335002085943
258,2258,2,seed_sum_mod2,0,68,156,0.39215686274509803,0.4358974358974359,1.1115384615384616,0.04374057315233787
258,8825,8,seed_spread_band,0-3,13,37,0.31699346405228757,0.35135135135135137,1.1083867372527167,0.034357887299063805
258,5528,5,seed_consecutive_pairs,1,49,152,0.2908496732026144,0.3223684210526316,1.108367829686576,0.03151874785001718
258,2258,2,seed_lead_band,4-6,36,83,0.39215686274509803,0.43373493975903615,1.106024096385542,0.04157807701393812
258,2258,2,seed_spread_band,0-3,16,37,0.39215686274509803,0.43243243243243246,1.1027027027027028,0.04027556968733442
258,5528,5,seed_sum_band,10-17,41,128,0.2908496732026144,0.3203125,1.1012991573033708,0.0294628267973856
258,5528,5,seed_sum_mod2,1,48,150,0.2908496732026144,0.32,1.1002247191011236,0.029150326797385606
258,2258,2,seed_sum_lastdigit,8,15,35,0.39215686274509803,0.42857142857142855,1.0928571428571427,0.036414565826330514
258,2258,2,seed_prime_count,3,21,49,0.39215686274509803,0.42857142857142855,1.0928571428571427,0.036414565826330514
258,5528,5,seed_lead_band,0-3,40,126,0.2908496732026144,0.31746031746031744,1.0914927768860352,0.026610644257703042
258,8825,8,seed_trail_band,4-6,32,93,0.31699346405228757,0.34408602150537637,1.0854672430994348,0.027092557453088806
258,8825,8,seed_sum_lastdigit,3,12,35,0.31699346405228757,0.34285714285714286,1.0815905743740797,0.025863678804855295
258,8825,8,seed_sum_lastdigit,8,12,35,0.31699346405228757,0.34285714285714286,1.0815905743740797,0.025863678804855295
258,8825,8,seed_consecutive_pairs,0,36,105,0.31699346405228757,0.34285714285714286,1.0815905743740797,0.025863678804855295
259,5529,5,seed_sum_lastdigit,7,14,29,0.3289902280130293,0.4827586206896552,1.4673950153636055,0.1537683926766259
259,5529,5,seed_sum_band,27-36,12,26,0.3289902280130293,0.46153846153846156,1.4028941355674032,0.13254823352543227
259,2259,2,seed_even_count,2,48,118,0.2996742671009772,0.4067796610169492,1.3574060427413412,0.10710539391597196
259,5529,5,seed_even_count,0,12,27,0.3289902280130293,0.4444444444444444,1.350935093509351,0.11545421643141512
259,2259,2,seed_sum_lastdigit,6,12,30,0.2996742671009772,0.4,1.3347826086956522,0.1003257328990228
259,5529,5,seed_prime_count,3,15,36,0.3289902280130293,0.4166666666666667,1.2665016501650166,0.08767643865363739
259,2259,2,seed_high_count,1,28,74,0.2996742671009772,0.3783783783783784,1.262632197414806,0.07870411127740118
259,2259,2,seed_mirror_pairs_any,yes,48,130,0.2996742671009772,0.36923076923076925,1.2321070234113711,0.06955650212979203
259,5529,5,seed_spread_band,4-6,55,136,0.3289902280130293,0.40441176470588236,1.2292516016307513,0.07542153669285306
259,2259,2,seed_spread_band,7-9,48,131,0.2996742671009772,0.366412213740458,1.2227016262860935,0.0667379466394808
259,9925,9,seed_sum_lastdigit,8,14,31,0.3713355048859935,0.45161290322580644,1.216185625353707,0.08027739833981296
259,5529,5,seed_spread_band,0-3,16,40,0.3289902280130293,0.4,1.215841584158416,0.07100977198697073
259,2259,2,seed_structure,ABCD,55,151,0.2996742671009772,0.36423841059602646,1.2154477397063057,0.06456414349504924
259,2259,2,seed_unique_count,4,55,151,0.2996742671009772,0.36423841059602646,1.2154477397063057,0.06456414349504924
259,2259,2,seed_repeat_digit,none,55,151,0.2996742671009772,0.36423841059602646,1.2154477397063057,0.06456414349504924
259,2259,2,seed_prime_count,0,16,44,0.2996742671009772,0.36363636363636365,1.2134387351778655,0.06396209653538643
259,2259,2,seed_consecutive_pairs,2,20,57,0.2996742671009772,0.3508771929824561,1.1708619374523264,0.0512029258814789
259,2259,2,seed_consecutive_pairs,1,48,137,0.2996742671009772,0.35036496350364965,1.169152649952396,0.05069069640267243
259,9925,9,seed_sum_lastdigit,2,13,30,0.3713355048859935,0.43333333333333335,1.1669590643274854,0.061997828447339864
259,5529,5,seed_consecutive_pairs,0,39,102,0.3289902280130293,0.38235294117647056,1.162201514269074,0.05336271316344127
259,5529,5,seed_trail_band,4-6,34,90,0.3289902280130293,0.37777777777777777,1.1482948294829483,0.04878754976474847
259,5529,5,seed_even_count,3,26,69,0.3289902280130293,0.37681159420289856,1.1453580140622759,0.04782136618986926
259,5529,5,seed_sum_mod2,1,53,142,0.3289902280130293,0.3732394366197183,1.1345000697252825,0.04424920860668902
259,2259,2,seed_sum_mod2,0,56,165,0.2996742671009772,0.3393939393939394,1.1325428194993412,0.039719672292962194
259,2259,2,seed_lead_band,0-3,42,124,0.2996742671009772,0.3387096774193548,1.1302594670406731,0.039035410318377595
259,5529,5,seed_sum_lastdigit,4,13,35,0.3289902280130293,0.37142857142857144,1.1289957567185291,0.042438343415542146
259,5529,5,seed_even_count,1,27,73,0.3289902280130293,0.3698630136986301,1.1242370812423708,0.04087278568560082
259,5529,5,seed_high_count,3,33,90,0.3289902280130293,0.36666666666666664,1.1145214521452145,0.037676438653637345
259,2259,2,seed_sum_lastdigit,0,13,39,0.2996742671009772,0.3333333333333333,1.11231884057971,0.033659066232356094
259,2259,2,seed_sum_lastdigit,2,10,30,0.2996742671009772,0.3333333333333333,1.11231884057971,0.033659066232356094
259,9925,9,seed_consecutive_pairs,0,42,102,0.3713355048859935,0.4117647058823529,1.108875128998968,0.04042920099635944
259,9925,9,seed_sum_band,10-17,40,98,0.3713355048859935,0.40816326530612246,1.0991765127103472,0.036827760420128974
259,9925,9,seed_even_count,0,11,27,0.3713355048859935,0.4074074074074074,1.0971410006497726,0.0360719025214139
259,5529,5,seed_structure,AABC,50,139,0.3289902280130293,0.3597122302158273,1.0933827195669208,0.030722002202798027
259,5529,5,seed_unique_count,3,50,139,0.3289902280130293,0.3597122302158273,1.0933827195669208,0.030722002202798027
259,9925,9,seed_vtrac_unique,3,69,170,0.3713355048859935,0.40588235294117647,1.0930340557275542,0.03454684805518299
259,9925,9,seed_even_count,3,28,69,0.3713355048859935,0.4057971014492754,1.0928044749555048,0.034461596563281904
259,9925,9,seed_high_count,1,30,74,0.3713355048859935,0.40540540540540543,1.0917496443812233,0.034069900519411944
259,9925,9,seed_spread_band,7-9,53,131,0.3713355048859935,0.40458015267175573,1.089527253247623,0.03324464778576225
259,5529,5,seed_mirror_pairs_any,no,63,177,0.3289902280130293,0.3559322033898305,1.0818929350562176,0.026941975376801208
267,7726,7,seed_sum_lastdigit,8,19,34,0.36619718309859156,0.5588235294117647,1.5260180995475112,0.19262634631317316
267,2267,2,seed_sum_lastdigit,6,13,30,0.30633802816901406,0.43333333333333335,1.4145593869731803,0.12699530516431928
267,7726,7,seed_sum_lastdigit,4,15,30,0.36619718309859156,0.5,1.3653846153846154,0.13380281690140844
267,6627,6,seed_sum_lastdigit,5,11,25,0.3274647887323944,0.44,1.3436559139784947,0.11253521126760563
267,2267,2,seed_sum_lastdigit,2,10,25,0.30633802816901406,0.4,1.3057471264367817,0.09366197183098596
267,6627,6,seed_sum_lastdigit,3,12,29,0.3274647887323944,0.41379310344827586,1.2636262513904337,0.08632831471588148
267,2267,2,seed_sum_lastdigit,1,10,26,0.30633802816901406,0.38461538461538464,1.25552608311229,0.07827735644637057
267,2267,2,seed_even_count,3,24,63,0.30633802816901406,0.38095238095238093,1.2435686918445539,0.07461435278336687
267,6627,6,seed_sum_lastdigit,6,12,30,0.3274647887323944,0.4,1.221505376344086,0.07253521126760565
267,2267,2,seed_sum_band,10-17,39,105,0.30633802816901406,0.37142857142857144,1.2124794745484402,0.06509054325955738
267,2267,2,seed_sum_lastdigit,7,10,27,0.30633802816901406,0.37037037037037035,1.2090251170710942,0.06403234220135628
267,2267,2,seed_consecutive_pairs,2,14,38,0.30633802816901406,0.3684210526315789,1.2026618269812461,0.06208302446256486
267,6627,6,seed_sum_lastdigit,9,11,29,0.3274647887323944,0.3793103448275862,1.1583240637745642,0.051845556095191814
267,2267,2,seed_lead_band,4-6,34,96,0.30633802816901406,0.3541666666666667,1.1561302681992338,0.04782863849765262
267,7726,7,seed_even_count,2,46,109,0.36619718309859156,0.42201834862385323,1.1524347212420607,0.05582116552526167
267,6627,6,seed_vtrac_unique,2,29,77,0.3274647887323944,0.37662337662337664,1.1501186985057954,0.049158587890982264
267,7726,7,seed_sum_mod3,2,40,95,0.36619718309859156,0.42105263157894735,1.1497975708502024,0.054855448480355784
267,2267,2,seed_spread_band,0-3,13,37,0.30633802816901406,0.35135135135135137,1.1469400434917678,0.045013323182337306
267,6627,6,seed_lead_band,7-9,33,89,0.3274647887323944,0.3707865168539326,1.1322943095324394,0.04332172812153823
267,7726,7,seed_sum_band,18-26,58,140,0.36619718309859156,0.4142857142857143,1.1313186813186813,0.04808853118712275
267,7726,7,seed_sum_lastdigit,0,12,29,0.36619718309859156,0.41379310344827586,1.129973474801061,0.047595920349684295
267,7726,7,seed_sum_lastdigit,9,12,29,0.36619718309859156,0.41379310344827586,1.129973474801061,0.047595920349684295
267,6627,6,seed_even_count,1,27,73,0.3274647887323944,0.3698630136986301,1.1294741493592575,0.04239822496623574
267,7726,7,seed_prime_count,3,21,51,0.36619718309859156,0.4117647058823529,1.1244343891402715,0.04556752278376136
267,7726,7,seed_sum_lastdigit,7,11,27,0.36619718309859156,0.4074074074074074,1.1125356125356125,0.041210224308815824
267,6627,6,seed_lead_band,0-3,36,99,0.3274647887323944,0.36363636363636365,1.110459433040078,0.03617157490396927
267,7726,7,seed_spread_band,0-3,15,37,0.36619718309859156,0.40540540540540543,1.107068607068607,0.03920822230681387
267,7726,7,seed_prime_count,0,15,37,0.36619718309859156,0.40540540540540543,1.107068607068607,0.03920822230681387
267,7726,7,seed_consecutive_pairs,0,44,109,0.36619718309859156,0.4036697247706422,1.1023288637967537,0.03747254167205066
267,7726,7,seed_spread_band,7-9,53,132,0.36619718309859156,0.4015151515151515,1.0964452214452214,0.03531796841655993
267,7726,7,seed_high_count,3,32,80,0.36619718309859156,0.4,1.0923076923076924,0.03380281690140846
267,6627,6,seed_spread_band,4-6,41,115,0.3274647887323944,0.3565217391304348,1.0887330528284245,0.029056950398040404
267,2267,2,seed_sum_mod3,1,33,99,0.30633802816901406,0.3333333333333333,1.0881226053639848,0.02699530516431925
267,2267,2,seed_consecutive_pairs,1,44,132,0.30633802816901406,0.3333333333333333,1.0881226053639848,0.02699530516431925
267,2267,2,seed_prime_count,1,33,99,0.30633802816901406,0.3333333333333333,1.0881226053639848,0.02699530516431925
267,6627,6,seed_vtrac_unique,4,16,45,0.3274647887323944,0.35555555555555557,1.0857825567502988,0.028090766823161195
267,7726,7,seed_lead_band,4-6,38,96,0.36619718309859156,0.3958333333333333,1.080929487179487,0.029636150234741754
267,7726,7,seed_trail_band,7-9,36,91,0.36619718309859156,0.3956043956043956,1.0803043110735417,0.029407212505804026
267,6627,6,seed_trail_band,4-6,29,82,0.3274647887323944,0.35365853658536583,1.079989509572515,0.02619374785297146
267,6627,6,seed_sum_mod3,1,35,99,0.3274647887323944,0.35353535353535354,1.0796133376778538,0.026070564802959162
268,2268,2,seed_sum_lastdigit,7,16,30,0.35424354243542433,0.5333333333333333,1.5055555555555555,0.179089790897909
268,6628,6,seed_sum_lastdigit,6,13,26,0.34317343173431736,0.5,1.456989247311828,0.15682656826568264
268,6628,6,seed_sum_lastdigit,1,13,27,0.34317343173431736,0.48148148148148145,1.403026682596575,0.1383080497471641
268,8826,8,seed_sum_lastdigit,5,12,29,0.3025830258302583,0.41379310344827586,1.3675357443229603,0.11121007761801754
268,6628,6,seed_sum_lastdigit,4,14,30,0.34317343173431736,0.4666666666666667,1.3598566308243727,0.12349323493234932
268,2268,2,seed_sum_band,27-36,12,25,0.35424354243542433,0.48,1.355,0.12575645756457565
268,8826,8,seed_prime_count,3,18,46,0.3025830258302583,0.391304347826087,1.2932131495227996,0.08872132199582866
268,8826,8,seed_sum_lastdigit,0,12,31,0.3025830258302583,0.3870967741935484,1.2793076317859953,0.08451374836329006
268,6628,6,seed_sum_mod3,1,38,87,0.34317343173431736,0.4367816091954023,1.2727722160425163,0.09360817746108496
268,8826,8,seed_trail_band,4-6,30,78,0.3025830258302583,0.38461538461538464,1.2711069418386491,0.08203235878512632
268,2268,2,seed_sum_lastdigit,5,13,29,0.35424354243542433,0.4482758620689655,1.2654454022988506,0.0940323196335412
268,2268,2,seed_even_count,3,26,59,0.35424354243542433,0.4406779661016949,1.243997175141243,0.08643442366627058
268,8826,8,seed_sum_lastdigit,8,10,27,0.3025830258302583,0.37037037037037035,1.2240289069557362,0.06778734454011204
268,6628,6,seed_even_count,2,42,100,0.34317343173431736,0.42,1.2238709677419355,0.07682656826568263
268,2268,2,seed_vtrac_unique,2,31,72,0.35424354243542433,0.4305555555555556,1.215422453703704,0.07631201312013125
268,8826,8,seed_consecutive_pairs,2,20,55,0.3025830258302583,0.36363636363636365,1.2017738359201773,0.061053337806105334
268,2268,2,seed_sum_mod2,1,56,134,0.35424354243542433,0.417910447761194,1.179726368159204,0.06366690532576968
268,6628,6,seed_sum_mod2,0,55,137,0.34317343173431736,0.40145985401459855,1.1698453810532925,0.05828642228028119
268,2268,2,seed_sum_mod3,0,39,95,0.35424354243542433,0.4105263157894737,1.1588815789473685,0.056282773354049354
268,8826,8,seed_lead_band,0-3,36,103,0.3025830258302583,0.34951456310679613,1.155103007340753,0.046931537276537816
268,8826,8,seed_vtrac_unique,3,50,144,0.3025830258302583,0.3472222222222222,1.1475271002710026,0.0446391963919639
268,2268,2,seed_spread_band,4-6,55,136,0.35424354243542433,0.40441176470588236,1.141620710784314,0.05016822227045803
268,2268,2,seed_even_count,1,30,75,0.35424354243542433,0.4,1.1291666666666669,0.04575645756457569
268,2268,2,seed_prime_count,0,18,45,0.35424354243542433,0.4,1.1291666666666669,0.04575645756457569
268,8826,8,seed_sum_band,18-26,42,123,0.3025830258302583,0.34146341463414637,1.1284949434860203,0.038880388803888055
268,2268,2,seed_structure,AABC,43,108,0.35424354243542433,0.39814814814814814,1.1239390432098766,0.04390460571272381
268,2268,2,seed_unique_count,3,43,108,0.35424354243542433,0.39814814814814814,1.1239390432098766,0.04390460571272381
268,2268,2,seed_trail_band,7-9,35,88,0.35424354243542433,0.3977272727272727,1.122750946969697,0.04348373029184838
268,6628,6,seed_consecutive_pairs,2,21,55,0.34317343173431736,0.38181818181818183,1.1126099706744867,0.038644750083864476
268,6628,6,seed_trail_band,0-3,40,105,0.34317343173431736,0.38095238095238093,1.1100870455709164,0.03777894921806357
268,2268,2,seed_lead_band,4-6,33,84,0.35424354243542433,0.39285714285714285,1.1090029761904763,0.03861360042171852
268,8826,8,seed_structure,ABCD,47,141,0.3025830258302583,0.3333333333333333,1.1016260162601625,0.030750307503075003
268,8826,8,seed_unique_count,4,47,141,0.3025830258302583,0.3333333333333333,1.1016260162601625,0.030750307503075003
268,8826,8,seed_repeat_digit,none,47,141,0.3025830258302583,0.3333333333333333,1.1016260162601625,0.030750307503075003
268,6628,6,seed_sum_band,10-17,41,109,0.34317343173431736,0.3761467889908257,1.0960836539410082,0.03297335725650835
268,2268,2,seed_sum_lastdigit,0,12,31,0.35424354243542433,0.3870967741935484,1.092741935483871,0.032853231758124046
268,6628,6,seed_spread_band,7-9,42,112,0.34317343173431736,0.375,1.092741935483871,0.03182656826568264
268,8826,8,seed_high_count,3,24,73,0.3025830258302583,0.3287671232876712,1.086535248914133,0.026184097457412903
268,2268,2,seed_vtrac_unique,4,20,52,0.35424354243542433,0.38461538461538464,1.0857371794871795,0.030371842179960307
268,2268,2,seed_consecutive_pairs,1,43,112,0.35424354243542433,0.38392857142857145,1.0837983630952381,0.029685028993147122
269,9926,9,seed_sum_lastdigit,9,12,26,0.30716723549488056,0.46153846153846156,1.5025641025641026,0.154371226043581
269,9926,9,seed_prime_count,3,19,43,0.30716723549488056,0.4418604651162791,1.438501291989664,0.1346932296213985
269,9926,9,seed_sum_lastdigit,6,15,34,0.30716723549488056,0.4411764705882353,1.4362745098039214,0.13400923509335472
269,6629,6,seed_prime_count,0,20,43,0.35494880546075086,0.46511627906976744,1.310375670840787,0.11016747360901658
269,2269,2,seed_sum_lastdigit,0,11,25,0.3378839590443686,0.44,1.3022222222222224,0.10211604095563143
269,2269,2,seed_consecutive_pairs,2,23,56,0.3378839590443686,0.4107142857142857,1.2155483405483405,0.07283032666991712
269,9926,9,seed_spread_band,0-3,13,35,0.30716723549488056,0.37142857142857144,1.2092063492063492,0.06426133593369088
269,9926,9,seed_consecutive_pairs,0,33,89,0.30716723549488056,0.3707865168539326,1.2071161048689139,0.06361928135905204
269,6629,6,seed_sum_mod3,2,38,89,0.35494880546075086,0.42696629213483145,1.202895419187554,0.07201748667408059
269,2269,2,seed_spread_band,7-9,48,120,0.3378839590443686,0.4,1.183838383838384,0.062116040955631446
269,2269,2,seed_high_count,1,32,80,0.3378839590443686,0.4,1.183838383838384,0.062116040955631446
269,2269,2,seed_structure,ABCD,57,143,0.3378839590443686,0.3986013986013986,1.1796990887899979,0.06071743955703002
269,2269,2,seed_unique_count,4,57,143,0.3378839590443686,0.3986013986013986,1.1796990887899979,0.06071743955703002
269,2269,2,seed_repeat_digit,none,57,143,0.3378839590443686,0.3986013986013986,1.1796990887899979,0.06071743955703002
269,2269,2,seed_sum_mod3,0,43,108,0.3378839590443686,0.39814814814814814,1.178357650579873,0.060264189103779564
269,2269,2,seed_sum_band,10-17,46,116,0.3378839590443686,0.39655172413793105,1.1736328805294325,0.058667765093562474
269,9926,9,seed_even_count,4,9,25,0.30716723549488056,0.36,1.172,0.05283276450511942
269,2269,2,seed_sum_lastdigit,2,11,28,0.3378839590443686,0.39285714285714285,1.1626984126984128,0.05497318381277427
269,6629,6,seed_even_count,3,28,68,0.35494880546075086,0.4117647058823529,1.1600678733031673,0.05681590042160206
269,2269,2,seed_even_count,2,47,120,0.3378839590443686,0.39166666666666666,1.1591750841750843,0.05378270762229809
269,2269,2,seed_even_count,1,27,69,0.3378839590443686,0.391304347826087,1.1581027667984192,0.0534203887817184
269,6629,6,seed_sum_lastdigit,8,16,39,0.35494880546075086,0.41025641025641024,1.155818540433925,0.05530760479565938
269,9926,9,seed_structure,AABC,45,127,0.30716723549488056,0.3543307086614173,1.1535433070866141,0.04716347316653674
269,9926,9,seed_unique_count,3,45,127,0.30716723549488056,0.3543307086614173,1.1535433070866141,0.04716347316653674
269,6629,6,seed_lead_band,4-6,38,93,0.35494880546075086,0.40860215053763443,1.1511579818031432,0.053653345076883574
269,6629,6,seed_vtrac_unique,2,31,76,0.35494880546075086,0.40789473684210525,1.1491649797570849,0.052945931381354394
269,9926,9,seed_vtrac_unique,4,19,54,0.30716723549488056,0.35185185185185186,1.1454732510288066,0.044684616356971296
269,9926,9,seed_trail_band,4-6,33,94,0.30716723549488056,0.35106382978723405,1.1429078014184397,0.043896594292353486
269,6629,6,seed_sum_lastdigit,4,12,30,0.35494880546075086,0.4,1.126923076923077,0.04505119453924916
269,6629,6,seed_spread_band,0-3,14,35,0.35494880546075086,0.4,1.126923076923077,0.04505119453924916
269,9926,9,seed_lead_band,0-3,40,117,0.30716723549488056,0.3418803418803419,1.1130104463437795,0.03471310638546132
269,6629,6,seed_sum_lastdigit,7,11,28,0.35494880546075086,0.39285714285714285,1.1067994505494505,0.03790833739639199
269,2269,2,seed_trail_band,7-9,32,86,0.3378839590443686,0.37209302325581395,1.1012450082217524,0.03420906421144537
269,9926,9,seed_even_count,3,23,68,0.30716723549488056,0.3382352941176471,1.1011437908496733,0.031068058622766515
269,6629,6,seed_sum_lastdigit,1,14,36,0.35494880546075086,0.3888888888888889,1.0956196581196582,0.033940083428138035
269,2269,2,seed_mirror_pairs_any,yes,50,136,0.3378839590443686,0.36764705882352944,1.088086749851456,0.029763099779160862
269,2269,2,seed_prime_count,2,36,98,0.3378839590443686,0.3673469387755102,1.0871985157699444,0.029462979731141647
269,9926,9,seed_sum_band,18-26,44,132,0.30716723549488056,0.3333333333333333,1.085185185185185,0.02616609783845275
269,9926,9,seed_sum_mod3,1,32,96,0.30716723549488056,0.3333333333333333,1.085185185185185,0.02616609783845275
269,2269,2,seed_trail_band,0-3,41,113,0.3378839590443686,0.36283185840707965,1.0738357021542864,0.02494789936271108
278,2278,2,seed_sum_lastdigit,0,15,27,0.29431438127090304,0.5555555555555556,1.8876262626262625,0.26124117428465254
278,7728,7,seed_prime_count,3,22,44,0.34448160535117056,0.5,1.4514563106796117,0.15551839464882944
278,7728,7,seed_sum_lastdigit,2,13,27,0.34448160535117056,0.48148148148148145,1.3976986695433298,0.1369998761303109
278,8827,8,seed_sum_lastdigit,5,12,25,0.3612040133779264,0.48,1.328888888888889,0.11879598662207358
278,8827,8,seed_sum_band,27-36,13,28,0.3612040133779264,0.4642857142857143,1.285383597883598,0.1030817009077879
278,2278,2,seed_prime_count,0,12,32,0.29431438127090304,0.375,1.274147727272727,0.08068561872909696
278,7728,7,seed_consecutive_pairs,0,40,95,0.34448160535117056,0.42105263157894735,1.2222789984670412,0.07657102622777678
278,2278,2,seed_sum_lastdigit,4,11,31,0.29431438127090304,0.3548387096774194,1.2056451612903225,0.06052432840651634
278,2278,2,seed_spread_band,7-9,46,130,0.29431438127090304,0.35384615384615387,1.2022727272727272,0.05953177257525083
278,8827,8,seed_spread_band,4-6,54,125,0.3612040133779264,0.432,1.196,0.07079598662207359
278,8827,8,seed_spread_band,0-3,19,44,0.3612040133779264,0.4318181818181818,1.195496632996633,0.07061416844025542
278,7728,7,seed_sum_lastdigit,1,16,39,0.34448160535117056,0.41025641025641024,1.190938511326861,0.06577480490523968
278,2278,2,seed_vtrac_unique,4,21,60,0.29431438127090304,0.35,1.1892045454545452,0.05568561872909694
278,2278,2,seed_lead_band,0-3,43,123,0.29431438127090304,0.34959349593495936,1.1878233555062823,0.05527911466405633
278,2278,2,seed_trail_band,0-3,42,121,0.29431438127090304,0.34710743801652894,1.1793764087152516,0.0527930567456259
278,7728,7,seed_high_count,3,35,87,0.34448160535117056,0.40229885057471265,1.1678384108916415,0.05781724522354209
278,7728,7,seed_sum_band,0-9,10,25,0.34448160535117056,0.4,1.1611650485436895,0.05551839464882946
278,7728,7,seed_even_count,3,28,70,0.34448160535117056,0.4,1.1611650485436895,0.05551839464882946
278,8827,8,seed_sum_lastdigit,6,14,34,0.3612040133779264,0.4117647058823529,1.1399782135076253,0.05056069250442652
278,2278,2,seed_high_count,2,33,99,0.29431438127090304,0.3333333333333333,1.1325757575757573,0.03901895206243028
278,8827,8,seed_trail_band,7-9,40,98,0.3612040133779264,0.40816326530612246,1.1300075585789873,0.046959251928196055
278,8827,8,seed_sum_lastdigit,8,15,37,0.3612040133779264,0.40540540540540543,1.1223723723723724,0.044201392027479025
278,8827,8,seed_prime_count,1,46,114,0.3612040133779264,0.40350877192982454,1.1171215074723846,0.042304758551898136
278,7728,7,seed_sum_mod2,1,55,143,0.34448160535117056,0.38461538461538464,1.1165048543689322,0.040133779264214076
278,7728,7,seed_sum_mod3,1,33,86,0.34448160535117056,0.38372093023255816,1.113908331451795,0.039239324881387594
278,2278,2,seed_sum_mod3,0,36,110,0.29431438127090304,0.32727272727272727,1.1119834710743801,0.032958346001824235
278,2278,2,seed_mirror_pairs_any,no,50,153,0.29431438127090304,0.32679738562091504,1.1103683897801544,0.032483004350012
278,8827,8,seed_trail_band,4-6,32,80,0.3612040133779264,0.4,1.1074074074074076,0.03879598662207362
278,7728,7,seed_spread_band,7-9,49,130,0.34448160535117056,0.3769230769230769,1.0941747572815534,0.032441471571906355
278,8827,8,seed_lead_band,7-9,32,81,0.3612040133779264,0.3950617283950617,1.0937357110196617,0.033857715017135304
278,7728,7,seed_mirror_pairs_any,yes,55,146,0.34448160535117056,0.3767123287671233,1.0935629737997075,0.03223072341595273
278,2278,2,seed_consecutive_pairs,2,18,56,0.29431438127090304,0.32142857142857145,1.0921266233766234,0.027114190157668416
278,8827,8,seed_vtrac_unique,2,26,66,0.3612040133779264,0.3939393939393939,1.090628507295174,0.03273538056146752
278,2278,2,seed_sum_mod2,0,50,156,0.29431438127090304,0.32051282051282054,1.0890151515151516,0.026198439241917504
278,2278,2,seed_sum_band,0-9,8,25,0.29431438127090304,0.32,1.0872727272727272,0.02568561872909697
278,2278,2,seed_sum_lastdigit,5,8,25,0.29431438127090304,0.32,1.0872727272727272,0.02568561872909697
278,8827,8,seed_consecutive_pairs,1,54,138,0.3612040133779264,0.391304347826087,1.0833333333333335,0.03010033444816057
278,7728,7,seed_sum_band,18-26,50,134,0.34448160535117056,0.373134328358209,1.0831763512534416,0.028652723007038416
278,8827,8,seed_even_count,2,50,128,0.3612040133779264,0.390625,1.0814525462962963,0.029420986622073597
278,2278,2,seed_spread_band,0-3,14,44,0.29431438127090304,0.3181818181818182,1.081095041322314,0.02386743691091514
279,9927,9,seed_spread_band,0-3,15,33,0.31226765799256506,0.45454545454545453,1.4556277056277056,0.14227779655288947
279,7729,7,seed_prime_count,1,41,82,0.34944237918215615,0.5,1.430851063829787,0.15055762081784385
279,9927,9,seed_prime_count,0,18,43,0.31226765799256506,0.4186046511627907,1.340531561461794,0.10633699317022566
279,9927,9,seed_prime_count,3,16,39,0.31226765799256506,0.41025641025641024,1.3137973137973138,0.09798875226384518
279,2279,2,seed_consecutive_pairs,2,18,41,0.3382899628252788,0.43902439024390244,1.297775395336371,0.10073442741862365
279,2279,2,seed_prime_count,2,43,103,0.3382899628252788,0.4174757281553398,1.2340766030086419,0.079185765330061
279,9927,9,seed_sum_lastdigit,6,15,39,0.31226765799256506,0.38461538461538464,1.2316849816849818,0.07234772662281957
279,9927,9,seed_sum_mod3,0,32,84,0.31226765799256506,0.38095238095238093,1.219954648526077,0.06868472295981587
279,7729,7,seed_sum_lastdigit,7,13,31,0.34944237918215615,0.41935483870967744,1.2000686341798215,0.06991245952752129
279,2279,2,seed_high_count,1,31,77,0.3382899628252788,0.4025974025974026,1.1900956186670473,0.06430743977212383
279,7729,7,seed_sum_lastdigit,2,12,29,0.34944237918215615,0.41379310344827586,1.1841526045487893,0.06435072426611971
279,2279,2,seed_sum_lastdigit,4,12,30,0.3382899628252788,0.4,1.1824175824175827,0.06171003717472123
279,9927,9,seed_high_count,3,27,74,0.31226765799256506,0.36486486486486486,1.1684362934362933,0.052597206872299795
279,2279,2,seed_sum_mod3,2,36,92,0.3382899628252788,0.391304347826087,1.1567128523650263,0.053014385000808184
279,2279,2,seed_spread_band,4-6,43,110,0.3382899628252788,0.39090909090909093,1.1555444555444556,0.05261912808381214
279,2279,2,seed_sum_band,10-17,45,116,0.3382899628252788,0.3879310344827586,1.1467411898446382,0.04964107165747983
279,9927,9,seed_trail_band,4-6,24,68,0.31226765799256506,0.35294117647058826,1.1302521008403361,0.040673518478023196
279,9927,9,seed_vtrac_unique,2,21,60,0.31226765799256506,0.35,1.1208333333333333,0.037732342007434916
279,2279,2,seed_trail_band,7-9,28,74,0.3382899628252788,0.3783783783783784,1.1185031185031187,0.04008841555309961
279,7729,7,seed_high_count,1,30,77,0.34944237918215615,0.38961038961038963,1.1149488809063277,0.04016801042823348
279,7729,7,seed_spread_band,7-9,49,126,0.34944237918215615,0.3888888888888889,1.1128841607565012,0.039446509706732746
279,7729,7,seed_lead_band,7-9,36,93,0.34944237918215615,0.3870967741935484,1.1077556623198352,0.03765439501139223
279,7729,7,seed_even_count,3,25,65,0.34944237918215615,0.38461538461538464,1.1006546644844517,0.03517300543322849
279,7729,7,seed_vtrac_unique,2,23,60,0.34944237918215615,0.38333333333333336,1.096985815602837,0.03389095415117721
279,7729,7,seed_sum_mod3,2,35,92,0.34944237918215615,0.3804347826086957,1.088691026827012,0.030992403426539528
279,2279,2,seed_lead_band,0-3,36,98,0.3382899628252788,0.3673469387755102,1.0858936981385963,0.029056975950231434
279,2279,2,seed_vtrac_unique,3,58,158,0.3382899628252788,0.3670886075949367,1.0851300598136042,0.028798644769657933
279,9927,9,seed_consecutive_pairs,0,35,104,0.31226765799256506,0.33653846153846156,1.077724358974359,0.024270803545896502
279,9927,9,seed_structure,AABC,37,111,0.31226765799256506,0.3333333333333333,1.0674603174603174,0.021065675340768253
279,9927,9,seed_unique_count,3,37,111,0.31226765799256506,0.3333333333333333,1.0674603174603174,0.021065675340768253
279,9927,9,seed_sum_mod3,1,31,93,0.31226765799256506,0.3333333333333333,1.0674603174603174,0.021065675340768253
279,9927,9,seed_sum_lastdigit,4,10,30,0.31226765799256506,0.3333333333333333,1.0674603174603174,0.021065675340768253
279,9927,9,seed_even_count,2,35,105,0.31226765799256506,0.3333333333333333,1.0674603174603174,0.021065675340768253
279,9927,9,seed_lead_band,4-6,26,78,0.31226765799256506,0.3333333333333333,1.0674603174603174,0.021065675340768253
279,2279,2,seed_structure,AABC,40,111,0.3382899628252788,0.36036036036036034,1.0652410652410653,0.022070397535081554
279,2279,2,seed_unique_count,3,40,111,0.3382899628252788,0.36036036036036034,1.0652410652410653,0.022070397535081554
279,7729,7,seed_sum_mod2,1,45,121,0.34944237918215615,0.371900826446281,1.0642693863196764,0.022458447264124826
279,2279,2,seed_mirror_pairs_any,yes,45,125,0.3382899628252788,0.36,1.0641758241758241,0.021710037174721197
279,9927,9,seed_sum_mod2,0,49,148,0.31226765799256506,0.3310810810810811,1.0602477477477477,0.018813423088516024
279,7729,7,seed_trail_band,0-3,47,127,0.34944237918215615,0.3700787401574803,1.0590551181102361,0.020636360975324175
289,9928,9,seed_high_count,0,16,26,0.2978723404255319,0.6153846153846154,2.065934065934066,0.3175122749590835
289,9928,9,seed_spread_band,0-3,16,36,0.2978723404255319,0.4444444444444444,1.492063492063492,0.14657210401891252
289,8829,8,seed_sum_lastdigit,0,12,27,0.3049645390070922,0.4444444444444444,1.4573643410852712,0.13947990543735223
289,8829,8,seed_even_count,3,30,72,0.3049645390070922,0.4166666666666667,1.3662790697674418,0.11170212765957449
289,8829,8,seed_sum_lastdigit,7,12,29,0.3049645390070922,0.41379310344827586,1.3568564554931837,0.10882856444118366
289,9928,9,seed_sum_lastdigit,6,12,30,0.2978723404255319,0.4,1.342857142857143,0.10212765957446812
289,9928,9,seed_prime_count,3,18,46,0.2978723404255319,0.391304347826087,1.313664596273292,0.09343200740055507
289,9928,9,seed_even_count,1,25,64,0.2978723404255319,0.390625,1.3113839285714286,0.0927526595744681
289,9928,9,seed_sum_lastdigit,8,13,34,0.2978723404255319,0.38235294117647056,1.2836134453781511,0.08448060075093866
289,8829,8,seed_consecutive_pairs,2,25,65,0.3049645390070922,0.38461538461538464,1.261180679785331,0.07965084560829244
289,2289,2,seed_sum_lastdigit,8,17,34,0.3971631205673759,0.5,1.2589285714285714,0.1028368794326241
289,2289,2,seed_sum_band,18-26,55,113,0.3971631205673759,0.48672566371681414,1.225505689001264,0.08956254314943823
289,2289,2,seed_prime_count,0,18,37,0.3971631205673759,0.4864864864864865,1.2249034749034748,0.08932336591911061
289,8829,8,seed_sum_lastdigit,9,11,30,0.3049645390070922,0.36666666666666664,1.2023255813953488,0.061702127659574446
289,2289,2,seed_lead_band,7-9,35,74,0.3971631205673759,0.47297297297297297,1.1908783783783783,0.07580985240559707
289,8829,8,seed_spread_band,0-3,13,36,0.3049645390070922,0.3611111111111111,1.184108527131783,0.05614657210401891
289,2289,2,seed_high_count,3,29,62,0.3971631205673759,0.46774193548387094,1.1777073732718892,0.07057881491649504
289,2289,2,seed_high_count,2,47,101,0.3971631205673759,0.46534653465346537,1.1716760961810466,0.06818341408608947
289,2289,2,seed_consecutive_pairs,0,39,84,0.3971631205673759,0.4642857142857143,1.1690051020408163,0.0671225937183384
289,2289,2,seed_mirror_pairs_any,yes,57,123,0.3971631205673759,0.4634146341463415,1.1668118466898956,0.06625151357896558
289,8829,8,seed_prime_count,1,33,94,0.3049645390070922,0.35106382978723405,1.1511627906976745,0.046099290780141855
289,2289,2,seed_sum_lastdigit,2,15,33,0.3971631205673759,0.45454545454545453,1.1444805194805194,0.057382333978078626
289,2289,2,seed_prime_count,2,45,99,0.3971631205673759,0.45454545454545453,1.1444805194805194,0.057382333978078626
289,2289,2,seed_vtrac_unique,2,24,53,0.3971631205673759,0.4528301886792453,1.1401617250673854,0.05566706811186939
289,9928,9,seed_vtrac_unique,4,20,59,0.2978723404255319,0.3389830508474576,1.1380145278450364,0.04111071042192571
289,8829,8,seed_sum_mod2,1,47,136,0.3049645390070922,0.34558823529411764,1.1332079343365253,0.040623696287025446
289,8829,8,seed_lead_band,4-6,29,84,0.3049645390070922,0.34523809523809523,1.1320598006644518,0.04027355623100304
289,9928,9,seed_sum_lastdigit,1,9,27,0.2978723404255319,0.3333333333333333,1.119047619047619,0.035460992907801414
289,9928,9,seed_sum_lastdigit,9,10,30,0.2978723404255319,0.3333333333333333,1.119047619047619,0.035460992907801414
289,9928,9,seed_lead_band,4-6,28,84,0.2978723404255319,0.3333333333333333,1.119047619047619,0.035460992907801414
289,2289,2,seed_sum_lastdigit,0,12,27,0.3971631205673759,0.4444444444444444,1.1190476190476188,0.047281323877068515
289,8829,8,seed_structure,AABC,42,124,0.3049645390070922,0.3387096774193548,1.1106526631657914,0.03374513841226262
289,8829,8,seed_unique_count,3,42,124,0.3049645390070922,0.3387096774193548,1.1106526631657914,0.03374513841226262
289,9928,9,seed_trail_band,0-3,38,115,0.2978723404255319,0.33043478260869563,1.1093167701863353,0.03256244218316373
289,9928,9,seed_sum_mod3,0,31,94,0.2978723404255319,0.32978723404255317,1.1071428571428572,0.03191489361702127
289,2289,2,seed_spread_band,7-9,49,112,0.3971631205673759,0.4375,1.1015625,0.040336879432624095
289,9928,9,seed_sum_band,10-17,41,125,0.2978723404255319,0.328,1.1011428571428572,0.030127659574468113
289,9928,9,seed_mirror_pairs_any,no,52,159,0.2978723404255319,0.3270440251572327,1.0979335130278527,0.029171684731700787
289,8829,8,seed_sum_lastdigit,1,9,27,0.3049645390070922,0.3333333333333333,1.0930232558139534,0.02836879432624112
289,2289,2,seed_sum_mod2,0,63,146,0.3971631205673759,0.4315068493150685,1.086472602739726,0.03434372874769259
345,3345,3,seed_sum_lastdigit,8,14,28,0.3447098976109215,0.5,1.4504950495049505,0.15529010238907848
345,5534,5,seed_high_count,3,28,61,0.3310580204778157,0.45901639344262296,1.3865134358627684,0.12795837296480728
345,3345,3,seed_trail_band,4-6,38,88,0.3447098976109215,0.4318181818181818,1.2527002700270027,0.0871082842072603
345,4435,4,seed_prime_count,0,15,37,0.3242320819112628,0.40540540540540543,1.2503556187766716,0.08117332349414264
345,5534,5,seed_vtrac_unique,4,21,51,0.3310580204778157,0.4117647058823529,1.2437841115827775,0.08070668540453724
345,3345,3,seed_sum_lastdigit,0,12,28,0.3447098976109215,0.42857142857142855,1.2432814710042432,0.08386153096050702
345,4435,4,seed_high_count,4,11,28,0.3242320819112628,0.39285714285714285,1.2116541353383459,0.06862506094588006
345,5534,5,seed_sum_mod3,0,34,85,0.3310580204778157,0.4,1.2082474226804125,0.06894197952218434
345,5534,5,seed_sum_lastdigit,1,10,25,0.3310580204778157,0.4,1.2082474226804125,0.06894197952218434
345,5534,5,seed_sum_lastdigit,5,10,25,0.3310580204778157,0.4,1.2082474226804125,0.06894197952218434
345,4435,4,seed_prime_count,3,18,47,0.3242320819112628,0.3829787234042553,1.1811870100783874,0.058746641492992524
345,4435,4,seed_sum_lastdigit,3,13,34,0.3242320819112628,0.38235294117647056,1.1792569659442724,0.05812085926520777
345,5534,5,seed_prime_count,2,40,103,0.3310580204778157,0.3883495145631068,1.1730557501751577,0.057291494085291106
345,5534,5,seed_lead_band,4-6,38,98,0.3310580204778157,0.3877551020408163,1.1712602566799917,0.05669708156300063
345,5534,5,seed_structure,ABCD,50,129,0.3310580204778157,0.3875968992248062,1.1707823863182292,0.05653887874699054
345,5534,5,seed_unique_count,4,50,129,0.3310580204778157,0.3875968992248062,1.1707823863182292,0.05653887874699054
345,5534,5,seed_repeat_digit,none,50,129,0.3310580204778157,0.3875968992248062,1.1707823863182292,0.05653887874699054
345,4435,4,seed_structure,AABC,55,145,0.3242320819112628,0.3793103448275862,1.1698729582577132,0.055078262916323395
345,4435,4,seed_unique_count,3,55,145,0.3242320819112628,0.3793103448275862,1.1698729582577132,0.055078262916323395
345,4435,4,seed_spread_band,0-3,17,45,0.3242320819112628,0.37777777777777777,1.1651461988304093,0.053545695866514975
345,4435,4,seed_even_count,1,29,77,0.3242320819112628,0.37662337662337664,1.1615857826384144,0.052391294712113845
345,3345,3,seed_spread_band,0-3,18,45,0.3447098976109215,0.4,1.1603960396039603,0.0552901023890785
345,4435,4,seed_sum_lastdigit,2,12,32,0.3242320819112628,0.375,1.1565789473684212,0.05076791808873721
345,3345,3,seed_lead_band,0-3,42,106,0.3447098976109215,0.39622641509433965,1.1494489071548664,0.05151651748341812
345,4435,4,seed_sum_band,27-36,10,27,0.3242320819112628,0.37037037037037035,1.142300194931774,0.04613828845910756
345,3345,3,seed_high_count,1,27,69,0.3447098976109215,0.391304347826087,1.1351700387430048,0.04659445021516545
345,5534,5,seed_sum_lastdigit,4,12,32,0.3310580204778157,0.375,1.1327319587628866,0.043941979522184316
345,4435,4,seed_vtrac_unique,2,26,71,0.3242320819112628,0.36619718309859156,1.1294292068198666,0.04196510118732877
345,5534,5,seed_spread_band,4-6,47,126,0.3310580204778157,0.373015873015873,1.1267386679757814,0.04195785253805734
345,5534,5,seed_sum_band,27-36,10,27,0.3310580204778157,0.37037037037037035,1.1187476135929744,0.039312349892554665
345,5534,5,seed_sum_lastdigit,9,10,27,0.3310580204778157,0.37037037037037035,1.1187476135929744,0.039312349892554665
345,3345,3,seed_sum_mod3,2,42,109,0.3447098976109215,0.3853211009174312,1.1178126987010628,0.04061120330650969
345,3345,3,seed_high_count,2,45,117,0.3447098976109215,0.38461538461538464,1.1157654226961158,0.039905487004463114
345,3345,3,seed_sum_mod2,0,54,141,0.3447098976109215,0.3829787234042553,1.111017484727196,0.038268825793333794
345,4435,4,seed_sum_lastdigit,5,9,25,0.3242320819112628,0.36,1.1103157894736841,0.035767918088737194
345,5534,5,seed_sum_lastdigit,7,15,41,0.3310580204778157,0.36585365853658536,1.1051043500125723,0.03479563805876967
345,5534,5,seed_trail_band,7-9,34,93,0.3310580204778157,0.3655913978494624,1.1043121605143555,0.03453337737164669
345,5534,5,seed_even_count,1,28,77,0.3310580204778157,0.36363636363636365,1.098406747891284,0.03257834315854796
345,5534,5,seed_sum_mod2,1,55,152,0.3310580204778157,0.3618421052631579,1.0929869777536625,0.030784084785342225
345,5534,5,seed_even_count,3,27,75,0.3310580204778157,0.36,1.0874226804123712,0.028941979522184302
346,3346,3,seed_sum_lastdigit,3,15,30,0.28040540540540543,0.5,1.783132530120482,0.21959459459459457
346,3346,3,seed_repeat_digit,6,11,26,0.28040540540540543,0.4230769230769231,1.5088044485634846,0.14267151767151764
346,6634,6,seed_prime_count,3,23,47,0.33783783783783783,0.48936170212765956,1.4485106382978723,0.15152386428982173
346,3346,3,seed_sum_lastdigit,2,15,37,0.28040540540540543,0.40540540540540543,1.4457831325301205,0.125
346,3346,3,seed_prime_count,0,18,46,0.28040540540540543,0.391304347826087,1.395495023572551,0.11089894242068155
346,3346,3,seed_sum_mod3,1,37,96,0.28040540540540543,0.3854166666666667,1.3744979919678715,0.10501126126126126
346,3346,3,seed_spread_band,0-3,14,38,0.28040540540540543,0.3684210526315789,1.313887127457197,0.0880156472261735
346,4436,4,seed_sum_lastdigit,1,16,33,0.38175675675675674,0.48484848484848486,1.2700455886296595,0.10309172809172812
346,6634,6,seed_repeat_digit,6,11,26,0.33783783783783783,0.4230769230769231,1.2523076923076923,0.08523908523908524
346,4436,4,seed_lead_band,7-9,40,86,0.38175675675675674,0.46511627906976744,1.2183576867668244,0.08335952231301069
346,4436,4,seed_sum_lastdigit,4,13,28,0.38175675675675674,0.4642857142857143,1.2161820480404553,0.08252895752895756
346,4436,4,seed_prime_count,2,40,87,0.38175675675675674,0.45977011494252873,1.204353575424677,0.07801335818577199
346,6634,6,seed_sum_mod3,0,38,94,0.33783783783783783,0.40425531914893614,1.196595744680851,0.06641748131109831
346,6634,6,seed_vtrac_unique,2,28,70,0.33783783783783783,0.4,1.1840000000000002,0.06216216216216219
346,4436,4,seed_trail_band,7-9,31,69,0.38175675675675674,0.4492753623188406,1.1768628959856355,0.06751860556208383
346,3346,3,seed_lead_band,4-6,32,97,0.28040540540540543,0.32989690721649484,1.1764998136877405,0.04949150181108941
346,6634,6,seed_sum_lastdigit,7,17,43,0.33783783783783783,0.3953488372093023,1.1702325581395348,0.05751099937146448
346,3346,3,seed_sum_lastdigit,4,9,28,0.28040540540540543,0.32142857142857145,1.1462994836488811,0.041023166023166024
346,6634,6,seed_mirror_pairs_any,yes,56,145,0.33783783783783783,0.38620689655172413,1.1431724137931034,0.048369058713886304
346,4436,4,seed_sum_mod3,2,46,106,0.38175675675675674,0.4339622641509434,1.1367507096343297,0.05220550739418667
346,4436,4,seed_high_count,2,41,95,0.38175675675675674,0.43157894736842106,1.1305076851420588,0.04982219061166432
346,6634,6,seed_even_count,3,33,87,0.33783783783783783,0.3793103448275862,1.1227586206896552,0.04147250698974836
346,4436,4,seed_sum_lastdigit,9,12,28,0.38175675675675674,0.42857142857142855,1.122629582806574,0.046814671814671804
346,3346,3,seed_high_count,3,26,83,0.28040540540540543,0.3132530120481928,1.1171432718827115,0.03284760664278735
346,4436,4,seed_sum_lastdigit,0,14,33,0.38175675675675674,0.42424242424242425,1.111289890050952,0.04248566748566751
346,3346,3,seed_vtrac_unique,4,19,61,0.28040540540540543,0.3114754098360656,1.1108038712225952,0.03107000443066016
346,6634,6,seed_spread_band,4-6,50,135,0.33783783783783783,0.37037037037037035,1.0962962962962963,0.03253253253253252
346,6634,6,seed_structure,AABC,49,133,0.33783783783783783,0.3684210526315789,1.0905263157894736,0.030583214793741098
346,6634,6,seed_unique_count,3,49,133,0.33783783783783783,0.3684210526315789,1.0905263157894736,0.030583214793741098
346,3346,3,seed_mirror_pairs_any,no,46,151,0.28040540540540543,0.304635761589404,1.0864118726561875,0.024230356183998547
346,4436,4,seed_spread_band,7-9,51,123,0.38175675675675674,0.4146341463414634,1.086121303690913,0.03287738958470665
346,4436,4,seed_even_count,1,28,68,0.38175675675675674,0.4117647058823529,1.0786048932847476,0.03000794912559618
346,6634,6,seed_sum_lastdigit,0,12,33,0.33783783783783783,0.36363636363636365,1.0763636363636364,0.025798525798525818
346,3346,3,seed_high_count,1,22,73,0.28040540540540543,0.3013698630136986,1.0747648126753588,0.020964457608293185
346,4436,4,seed_vtrac_unique,3,65,159,0.38175675675675674,0.4088050314465409,1.07085211777147,0.027048274689784157
346,6634,6,seed_prime_count,1,39,108,0.33783783783783783,0.3611111111111111,1.068888888888889,0.023273273273273276
346,3346,3,seed_trail_band,4-6,30,101,0.28040540540540543,0.297029702970297,1.0592866515567219,0.016624297564891588
346,4436,4,seed_mirror_pairs_any,no,61,151,0.38175675675675674,0.40397350993377484,1.0581960968176758,0.0222167531770181
346,6634,6,seed_sum_lastdigit,9,10,28,0.33783783783783783,0.35714285714285715,1.0571428571428572,0.019305019305019322
346,3346,3,seed_prime_count,1,32,108,0.28040540540540543,0.2962962962962963,1.0566711289602855,0.015890890890890852
347,7734,7,seed_sum_lastdigit,4,15,33,0.3096774193548387,0.45454545454545453,1.4678030303030303,0.1448680351906158
347,4437,4,seed_prime_count,3,26,54,0.3419354838709677,0.48148148148148145,1.4081062194269742,0.13954599761051373
347,3347,3,seed_sum_lastdigit,9,16,33,0.34838709677419355,0.48484848484848486,1.3916947250280585,0.1364613880742913
347,7734,7,seed_consecutive_pairs,2,24,57,0.3096774193548387,0.42105263157894735,1.3596491228070173,0.11137521222410862
347,7734,7,seed_sum_lastdigit,3,13,31,0.3096774193548387,0.41935483870967744,1.3541666666666667,0.10967741935483871
347,4437,4,seed_sum_lastdigit,8,15,34,0.3419354838709677,0.4411764705882353,1.2902330743618202,0.09924098671726755
347,4437,4,seed_even_count,0,11,25,0.3419354838709677,0.44,1.2867924528301888,0.09806451612903228
347,3347,3,seed_sum_lastdigit,0,14,32,0.34838709677419355,0.4375,1.255787037037037,0.08911290322580645
347,3347,3,seed_vtrac_unique,4,27,62,0.34838709677419355,0.43548387096774194,1.25,0.08709677419354839
347,4437,4,seed_sum_lastdigit,5,13,31,0.3419354838709677,0.41935483870967744,1.2264150943396228,0.07741935483870971
347,7734,7,seed_vtrac_unique,2,26,69,0.3096774193548387,0.37681159420289856,1.2167874396135265,0.06713417484805984
347,4437,4,seed_sum_mod3,0,39,96,0.3419354838709677,0.40625,1.1880896226415094,0.06431451612903227
347,4437,4,seed_sum_lastdigit,2,15,37,0.3419354838709677,0.40540540540540543,1.1856195818459971,0.0634699215344377
347,3347,3,seed_lead_band,0-3,56,136,0.34838709677419355,0.4117647058823529,1.181917211328976,0.06337760910815937
347,7734,7,seed_lead_band,7-9,31,85,0.3096774193548387,0.36470588235294116,1.1776960784313724,0.055028462998102434
347,7734,7,seed_spread_band,0-3,12,33,0.3096774193548387,0.36363636363636365,1.1742424242424243,0.05395894428152492
347,3347,3,seed_sum_lastdigit,1,13,32,0.34838709677419355,0.40625,1.166087962962963,0.05786290322580645
347,3347,3,seed_even_count,1,29,72,0.34838709677419355,0.4027777777777778,1.1561213991769548,0.05439068100358424
347,7734,7,seed_mirror_pairs_any,yes,53,149,0.3096774193548387,0.35570469798657717,1.1486297539149888,0.046027278631738444
347,7734,7,seed_sum_mod3,1,39,110,0.3096774193548387,0.35454545454545455,1.1448863636363635,0.04486803519061583
347,4437,4,seed_vtrac_unique,4,24,62,0.3419354838709677,0.3870967741935484,1.1320754716981132,0.04516129032258065
347,3347,3,seed_sum_mod3,2,41,104,0.34838709677419355,0.3942307692307692,1.1315883190883191,0.04584367245657567
347,4437,4,seed_trail_band,0-3,46,120,0.3419354838709677,0.38333333333333336,1.1210691823899372,0.04139784946236563
347,4437,4,seed_lead_band,4-6,34,89,0.3419354838709677,0.38202247191011235,1.1172355310578759,0.04008698803914462
347,7734,7,seed_even_count,2,40,116,0.3096774193548387,0.3448275862068966,1.113505747126437,0.03515016685205785
347,3347,3,seed_spread_band,7-9,53,137,0.34838709677419355,0.38686131386861317,1.1104352527710193,0.038474217094419616
347,7734,7,seed_prime_count,2,35,102,0.3096774193548387,0.3431372549019608,1.108047385620915,0.03345983554712206
347,4437,4,seed_spread_band,4-6,53,140,0.3419354838709677,0.37857142857142856,1.1071428571428572,0.03663594470046083
347,7734,7,seed_high_count,3,26,76,0.3096774193548387,0.34210526315789475,1.1047149122807018,0.03242784380305602
347,7734,7,seed_high_count,1,27,79,0.3096774193548387,0.34177215189873417,1.1036392405063291,0.03209473254389544
347,4437,4,seed_lead_band,7-9,32,85,0.3419354838709677,0.3764705882352941,1.1009988901220866,0.034535104364326386
347,4437,4,seed_sum_lastdigit,0,12,32,0.3419354838709677,0.375,1.0966981132075473,0.03306451612903227
347,4437,4,seed_prime_count,0,12,32,0.3419354838709677,0.375,1.0966981132075473,0.03306451612903227
347,3347,3,seed_trail_band,7-9,40,106,0.34838709677419355,0.37735849056603776,1.0831586303284417,0.028971393791844213
347,3347,3,seed_consecutive_pairs,0,44,117,0.34838709677419355,0.37606837606837606,1.0794555238999683,0.027681279294182515
347,3347,3,seed_prime_count,0,12,32,0.34838709677419355,0.375,1.0763888888888888,0.02661290322580645
347,4437,4,seed_consecutive_pairs,0,43,117,0.3419354838709677,0.36752136752136755,1.0748266408643767,0.02558588365039982
347,3347,3,seed_sum_mod2,1,56,150,0.34838709677419355,0.37333333333333335,1.071604938271605,0.0249462365591398
347,3347,3,seed_mirror_pairs_any,no,60,161,0.34838709677419355,0.37267080745341613,1.069703243616287,0.02428371067922258
347,7734,7,seed_structure,AABC,41,124,0.3096774193548387,0.33064516129032256,1.0677083333333333,0.02096774193548384
348,3348,3,seed_sum_lastdigit,6,13,30,0.3159722222222222,0.43333333333333335,1.3714285714285714,0.11736111111111114
348,4438,4,seed_even_count,3,27,63,0.3229166666666667,0.42857142857142855,1.3271889400921657,0.10565476190476186
348,8834,8,seed_sum_lastdigit,4,19,40,0.3611111111111111,0.475,1.3153846153846154,0.11388888888888887
348,3348,3,seed_spread_band,0-3,11,27,0.3159722222222222,0.4074074074074074,1.2893772893772895,0.09143518518518517
348,4438,4,seed_sum_lastdigit,5,11,27,0.3229166666666667,0.4074074074074074,1.2616487455197132,0.0844907407407407
348,3348,3,seed_spread_band,7-9,44,112,0.3159722222222222,0.39285714285714285,1.2433281004709575,0.07688492063492064
348,4438,4,seed_prime_count,0,10,25,0.3229166666666667,0.4,1.238709677419355,0.07708333333333334
348,4438,4,seed_lead_band,0-3,47,119,0.3229166666666667,0.3949579831932773,1.2230956898888588,0.07204131652661061
348,8834,8,seed_sum_lastdigit,2,14,32,0.3611111111111111,0.4375,1.2115384615384615,0.0763888888888889
348,3348,3,seed_consecutive_pairs,0,39,103,0.3159722222222222,0.3786407766990291,1.1983356449375868,0.06266855447680691
348,3348,3,seed_sum_band,18-26,46,123,0.3159722222222222,0.37398373983739835,1.183596890913964,0.058011517615176145
348,4438,4,seed_prime_count,3,16,42,0.3229166666666667,0.38095238095238093,1.1797235023041472,0.058035714285714246
348,3348,3,seed_high_count,2,43,117,0.3159722222222222,0.36752136752136755,1.1631445477599325,0.05154914529914534
348,4438,4,seed_trail_band,4-6,33,88,0.3229166666666667,0.375,1.161290322580645,0.052083333333333315
348,3348,3,seed_sum_lastdigit,8,13,36,0.3159722222222222,0.3611111111111111,1.1428571428571428,0.045138888888888895
348,8834,8,seed_trail_band,7-9,37,90,0.3611111111111111,0.4111111111111111,1.1384615384615384,0.04999999999999999
348,3348,3,seed_lead_band,7-9,28,78,0.3159722222222222,0.358974358974359,1.136094674556213,0.043002136752136766
348,3348,3,seed_sum_mod3,1,34,95,0.3159722222222222,0.35789473684210527,1.1326778484673221,0.041922514619883056
348,3348,3,seed_mirror_pairs_any,yes,48,136,0.3159722222222222,0.35294117647058826,1.1170006464124111,0.03696895424836605
348,4438,4,seed_sum_mod2,1,44,122,0.3229166666666667,0.36065573770491804,1.116869381279746,0.03773907103825136
348,8834,8,seed_spread_band,4-6,60,149,0.3611111111111111,0.40268456375838924,1.115126484254001,0.04157345264727813
348,4438,4,seed_consecutive_pairs,2,19,53,0.3229166666666667,0.3584905660377358,1.1101643335362141,0.03557389937106914
348,4438,4,seed_vtrac_unique,4,19,53,0.3229166666666667,0.3584905660377358,1.1101643335362141,0.03557389937106914
348,4438,4,seed_sum_mod3,2,35,98,0.3229166666666667,0.35714285714285715,1.1059907834101381,0.034226190476190466
348,4438,4,seed_high_count,1,25,70,0.3229166666666667,0.35714285714285715,1.1059907834101381,0.034226190476190466
348,8834,8,seed_sum_mod3,2,39,98,0.3611111111111111,0.3979591836734694,1.1020408163265307,0.03684807256235828
348,4438,4,seed_spread_band,4-6,53,149,0.3229166666666667,0.35570469798657717,1.101537129248755,0.03278803131991048
348,3348,3,seed_sum_mod3,0,33,95,0.3159722222222222,0.3473684210526316,1.0993637941006362,0.031396198830409394
348,8834,8,seed_consecutive_pairs,2,21,53,0.3611111111111111,0.39622641509433965,1.0972423802612483,0.03511530398322854
348,3348,3,seed_prime_count,1,35,101,0.3159722222222222,0.3465346534653465,1.0967250571210967,0.0305624312431243
348,8834,8,seed_lead_band,4-6,36,91,0.3611111111111111,0.3956043956043956,1.095519864750634,0.03449328449328448
348,4438,4,seed_sum_band,10-17,44,125,0.3229166666666667,0.352,1.090064516129032,0.029083333333333294
348,8834,8,seed_high_count,3,29,74,0.3611111111111111,0.3918918918918919,1.0852390852390852,0.03078078078078078
348,4438,4,seed_sum_mod3,0,33,95,0.3229166666666667,0.3473684210526316,1.0757215619694398,0.02445175438596492
348,3348,3,seed_even_count,1,20,59,0.3159722222222222,0.3389830508474576,1.0728254796051406,0.023010828625235402
348,8834,8,seed_lead_band,7-9,30,78,0.3611111111111111,0.38461538461538464,1.0650887573964498,0.023504273504273532
348,8834,8,seed_mirror_pairs_any,no,58,152,0.3611111111111111,0.3815789473684211,1.05668016194332,0.020467836257309968
348,3348,3,seed_trail_band,7-9,30,90,0.3159722222222222,0.3333333333333333,1.054945054945055,0.017361111111111105
348,8834,8,seed_sum_mod2,0,63,166,0.3611111111111111,0.3795180722891566,1.0509731232622799,0.018406961178045522
348,8834,8,seed_sum_mod3,1,36,95,0.3611111111111111,0.37894736842105264,1.0493927125506073,0.01783625730994154
349,4439,4,seed_sum_lastdigit,2,17,32,0.3432343234323432,0.53125,1.5477764423076923,0.18801567656765678
349,4439,4,seed_sum_lastdigit,3,15,29,0.3432343234323432,0.5172413793103449,1.5069628647214857,0.17400705587800164
349,3349,3,seed_sum_lastdigit,5,13,26,0.3333333333333333,0.5,1.5,0.16666666666666669
349,9934,9,seed_sum_lastdigit,4,16,33,0.3234323432343234,0.48484848484848486,1.4990723562152135,0.16141614161416146
349,3349,3,seed_spread_band,0-3,13,27,0.3333333333333333,0.48148148148148145,1.4444444444444444,0.14814814814814814
349,3349,3,seed_sum_lastdigit,0,13,28,0.3333333333333333,0.4642857142857143,1.392857142857143,0.130952380952381
349,3349,3,seed_vtrac_unique,2,29,68,0.3333333333333333,0.4264705882352941,1.2794117647058825,0.09313725490196079
349,3349,3,seed_sum_lastdigit,9,14,33,0.3333333333333333,0.42424242424242425,1.272727272727273,0.09090909090909094
349,9934,9,seed_prime_count,0,17,42,0.3234323432343234,0.40476190476190477,1.251457725947522,0.08132956152758136
349,3349,3,seed_even_count,3,32,77,0.3333333333333333,0.4155844155844156,1.246753246753247,0.0822510822510823
349,3349,3,seed_sum_lastdigit,8,13,32,0.3333333333333333,0.40625,1.21875,0.07291666666666669
349,9934,9,seed_consecutive_pairs,2,19,50,0.3234323432343234,0.38,1.1748979591836737,0.0565676567656766
349,3349,3,seed_trail_band,7-9,35,91,0.3333333333333333,0.38461538461538464,1.153846153846154,0.05128205128205132
349,3349,3,seed_prime_count,0,16,42,0.3333333333333333,0.38095238095238093,1.1428571428571428,0.047619047619047616
349,9934,9,seed_mirror_pairs_any,no,56,154,0.3234323432343234,0.36363636363636365,1.12430426716141,0.04020402040204024
349,4439,4,seed_lead_band,7-9,37,96,0.3432343234323432,0.3854166666666667,1.1228966346153848,0.04218234323432346
349,9934,9,seed_sum_mod2,0,54,149,0.3234323432343234,0.3624161073825503,1.1205314340501302,0.03898376414822691
349,9934,9,seed_high_count,1,26,72,0.3234323432343234,0.3611111111111111,1.116496598639456,0.0376787678767877
349,4439,4,seed_prime_count,2,36,94,0.3432343234323432,0.3829787234042553,1.1157937806873977,0.03974439997191209
349,9934,9,seed_spread_band,4-6,46,128,0.3234323432343234,0.359375,1.1111288265306123,0.035942656765676595
349,4439,4,seed_high_count,2,53,139,0.3432343234323432,0.381294964028777,1.1108882125069177,0.03806064059643377
349,9934,9,seed_vtrac_unique,3,62,173,0.3234323432343234,0.3583815028901734,1.1080570956706381,0.03494915965584999
349,9934,9,seed_sum_band,10-17,44,123,0.3234323432343234,0.35772357723577236,1.1060228969636636,0.034291234001448956
349,4439,4,seed_sum_mod3,2,36,95,0.3432343234323432,0.37894736842105264,1.1040485829959514,0.03571304498870942
349,3349,3,seed_sum_mod3,0,39,106,0.3333333333333333,0.36792452830188677,1.1037735849056605,0.03459119496855345
349,3349,3,seed_high_count,3,22,60,0.3333333333333333,0.36666666666666664,1.1,0.033333333333333326
349,9934,9,seed_trail_band,0-3,43,121,0.3234323432343234,0.35537190082644626,1.0987518974531962,0.03193955759212286
349,9934,9,seed_sum_lastdigit,1,11,31,0.3234323432343234,0.3548387096774194,1.0971033574720213,0.03140636644309597
349,4439,4,seed_mirror_pairs_any,yes,56,149,0.3432343234323432,0.37583892617449666,1.0949922560660816,0.03260460274215343
349,4439,4,seed_trail_band,4-6,34,91,0.3432343234323432,0.37362637362637363,1.0885460693153002,0.030392050194030407
349,9934,9,seed_even_count,1,27,77,0.3234323432343234,0.35064935064935066,1.084150543334217,0.02721700741502725
349,4439,4,seed_sum_lastdigit,7,13,35,0.3432343234323432,0.37142857142857144,1.0821428571428573,0.028194247996228217
349,4439,4,seed_consecutive_pairs,0,39,105,0.3432343234323432,0.37142857142857144,1.0821428571428573,0.028194247996228217
349,3349,3,seed_sum_band,18-26,50,140,0.3333333333333333,0.35714285714285715,1.0714285714285716,0.023809523809523836
349,9934,9,seed_structure,AABC,44,127,0.3234323432343234,0.3464566929133858,1.0711875301301623,0.023024349679062417
349,9934,9,seed_unique_count,3,44,127,0.3234323432343234,0.3464566929133858,1.0711875301301623,0.023024349679062417
349,3349,3,seed_prime_count,1,42,118,0.3333333333333333,0.3559322033898305,1.0677966101694916,0.02259887005649719
349,3349,3,seed_prime_count,3,16,45,0.3333333333333333,0.35555555555555557,1.0666666666666669,0.022222222222222254
349,4439,4,seed_sum_band,18-26,51,140,0.3432343234323432,0.36428571428571427,1.0613324175824175,0.021051390853371044
349,4439,4,seed_sum_mod2,1,56,154,0.3432343234323432,0.36363636363636365,1.0594405594405596,0.020402040204020422
356,3356,3,seed_sum_lastdigit,9,13,26,0.3508771929824561,0.5,1.425,0.14912280701754388
356,5536,5,seed_sum_lastdigit,1,12,26,0.3263157894736842,0.46153846153846156,1.41439205955335,0.13522267206477734
356,6635,6,seed_high_count,1,26,57,0.32280701754385965,0.45614035087719296,1.4130434782608694,0.1333333333333333
356,6635,6,seed_sum_lastdigit,5,13,30,0.32280701754385965,0.43333333333333335,1.3423913043478262,0.1105263157894737
356,3356,3,seed_sum_lastdigit,6,14,30,0.3508771929824561,0.4666666666666667,1.33,0.11578947368421055
356,5536,5,seed_sum_lastdigit,7,13,30,0.3263157894736842,0.43333333333333335,1.3279569892473118,0.10701754385964912
356,5536,5,seed_sum_lastdigit,3,12,29,0.3263157894736842,0.41379310344827586,1.268075639599555,0.08747731397459163
356,3356,3,seed_prime_count,0,11,25,0.3508771929824561,0.44,1.254,0.08912280701754388
356,6635,6,seed_sum_lastdigit,4,12,30,0.32280701754385965,0.4,1.2391304347826086,0.07719298245614037
356,6635,6,seed_prime_count,0,10,25,0.32280701754385965,0.4,1.2391304347826086,0.07719298245614037
356,5536,5,seed_sum_lastdigit,6,12,30,0.3263157894736842,0.4,1.2258064516129032,0.0736842105263158
356,3356,3,seed_sum_lastdigit,2,12,28,0.3508771929824561,0.42857142857142855,1.2214285714285715,0.07769423558897243
356,6635,6,seed_sum_lastdigit,2,11,28,0.32280701754385965,0.39285714285714285,1.217003105590062,0.0700501253132832
356,5536,5,seed_lead_band,7-9,28,71,0.3263157894736842,0.39436619718309857,1.2085415720127213,0.06805040770941434
356,5536,5,seed_high_count,3,32,82,0.3263157894736842,0.3902439024390244,1.195908733280881,0.06392811296534018
356,6635,6,seed_consecutive_pairs,2,23,60,0.32280701754385965,0.38333333333333336,1.1875,0.060526315789473706
356,3356,3,seed_lead_band,4-6,36,88,0.3508771929824561,0.4090909090909091,1.165909090909091,0.058213716108452995
356,5536,5,seed_prime_count,3,17,45,0.3263157894736842,0.37777777777777777,1.157706093189964,0.05146198830409354
356,6635,6,seed_trail_band,7-9,32,86,0.32280701754385965,0.37209302325581395,1.1526794742163802,0.049286005711954295
356,5536,5,seed_sum_mod3,2,34,91,0.3263157894736842,0.37362637362637363,1.1449840482098546,0.047310584152689406
356,3356,3,seed_spread_band,4-6,53,133,0.3508771929824561,0.39849624060150374,1.1357142857142857,0.047619047619047616
356,6635,6,seed_lead_band,0-3,46,126,0.32280701754385965,0.36507936507936506,1.130952380952381,0.042272347535505406
356,6635,6,seed_spread_band,7-9,39,107,0.32280701754385965,0.3644859813084112,1.1291141812271435,0.041678963764551547
356,3356,3,seed_high_count,2,43,109,0.3508771929824561,0.3944954128440367,1.1243119266055046,0.0436182198615806
356,6635,6,seed_sum_mod3,0,37,102,0.32280701754385965,0.3627450980392157,1.1237212276214834,0.03993808049535602
356,5536,5,seed_vtrac_unique,2,27,74,0.3263157894736842,0.36486486486486486,1.1181342632955535,0.03854907539118063
356,5536,5,seed_vtrac_unique,4,16,44,0.3263157894736842,0.36363636363636365,1.1143695014662756,0.03732057416267942
356,3356,3,seed_prime_count,2,35,90,0.3508771929824561,0.3888888888888889,1.1083333333333334,0.038011695906432774
356,6635,6,seed_prime_count,3,16,45,0.32280701754385965,0.35555555555555557,1.1014492753623188,0.032748538011695916
356,3356,3,seed_sum_band,10-17,39,103,0.3508771929824561,0.3786407766990291,1.079126213592233,0.027763583716573004
356,3356,3,seed_trail_band,4-6,39,103,0.3508771929824561,0.3786407766990291,1.079126213592233,0.027763583716573004
356,5536,5,seed_consecutive_pairs,0,34,97,0.3263157894736842,0.35051546391752575,1.074160292650482,0.024199674443841523
356,5536,5,seed_even_count,1,28,80,0.3263157894736842,0.35,1.0725806451612903,0.023684210526315752
356,6635,6,seed_sum_lastdigit,9,9,26,0.32280701754385965,0.34615384615384615,1.072324414715719,0.023346828609986492
356,3356,3,seed_sum_mod2,0,54,144,0.3508771929824561,0.375,1.06875,0.02412280701754388
356,6635,6,seed_sum_lastdigit,0,10,29,0.32280701754385965,0.3448275862068966,1.068215892053973,0.02202056866303692
356,6635,6,seed_vtrac_unique,3,56,163,0.32280701754385965,0.34355828220858897,1.0642838090157376,0.02075126466472932
356,6635,6,seed_mirror_pairs_any,yes,45,131,0.32280701754385965,0.3435114503816794,1.0641387321606373,0.020704432837819753
356,5536,5,seed_spread_band,7-9,37,107,0.3263157894736842,0.34579439252336447,1.059692493216762,0.019478603049680243
356,5536,5,seed_sum_band,18-26,48,139,0.3263157894736842,0.34532374100719426,1.0582501740543049,0.019007951533510037
357,7735,7,seed_vtrac_unique,4,20,45,0.30584192439862545,0.4444444444444444,1.4531835205992507,0.13860252004581897
357,7735,7,seed_sum_lastdigit,7,13,30,0.30584192439862545,0.43333333333333335,1.4168539325842695,0.1274914089347079
357,3357,3,seed_sum_lastdigit,6,12,25,0.3539518900343643,0.48,1.3561165048543689,0.1260481099656357
357,3357,3,seed_spread_band,0-3,20,44,0.3539518900343643,0.45454545454545453,1.2842012356575463,0.10059356451109025
357,5537,5,seed_prime_count,3,23,54,0.3402061855670103,0.42592592592592593,1.2519640852974185,0.08571974035891561
357,3357,3,seed_sum_mod3,1,38,86,0.3539518900343643,0.4418604651162791,1.248363061639196,0.0879085750819148
357,5537,5,seed_vtrac_unique,2,28,66,0.3402061855670103,0.42424242424242425,1.2470156106519743,0.08403623867541393
357,7735,7,seed_sum_mod3,2,37,98,0.30584192439862545,0.37755102040816324,1.234464572345792,0.07170909600953779
357,5537,5,seed_high_count,1,36,86,0.3402061855670103,0.4186046511627907,1.230443974630021,0.0783984655957804
357,3357,3,seed_sum_lastdigit,5,14,33,0.3539518900343643,0.42424242424242425,1.1985878199470432,0.07029053420805997
357,5537,5,seed_sum_lastdigit,8,13,32,0.3402061855670103,0.40625,1.1941287878787878,0.06604381443298968
357,7735,7,seed_even_count,3,25,69,0.30584192439862545,0.36231884057971014,1.1846604787493893,0.05647691618108469
357,7735,7,seed_high_count,1,31,86,0.30584192439862545,0.36046511627906974,1.178599425137183,0.05462319188044429
357,7735,7,seed_sum_band,10-17,43,120,0.30584192439862545,0.35833333333333334,1.171629213483146,0.052491408934707884
357,3357,3,seed_high_count,3,29,70,0.3539518900343643,0.4142857142857143,1.1704576976421637,0.06033382425135003
357,3357,3,seed_lead_band,7-9,40,98,0.3539518900343643,0.40816326530612246,1.153160293243511,0.05421137527175818
357,7735,7,seed_prime_count,2,31,88,0.30584192439862545,0.3522727272727273,1.1518130745658834,0.04643080287410184
357,3357,3,seed_sum_lastdigit,1,11,27,0.3539518900343643,0.4074074074074074,1.1510248112189858,0.053455517373043104
357,5537,5,seed_spread_band,4-6,46,118,0.3402061855670103,0.3898305084745763,1.1458654340010272,0.049624322907565965
357,5537,5,seed_structure,AABC,50,129,0.3402061855670103,0.3875968992248062,1.1392999765092788,0.0473907136577959
357,5537,5,seed_unique_count,3,50,129,0.3402061855670103,0.3875968992248062,1.1392999765092788,0.0473907136577959
357,3357,3,seed_sum_band,18-26,52,129,0.3539518900343643,0.40310077519379844,1.1388575299164596,0.049148885159434164
357,7735,7,seed_structure,ABCD,48,138,0.30584192439862545,0.34782608695652173,1.1372740595994137,0.041984162557896276
357,7735,7,seed_unique_count,4,48,138,0.30584192439862545,0.34782608695652173,1.1372740595994137,0.041984162557896276
357,7735,7,seed_repeat_digit,none,48,138,0.30584192439862545,0.34782608695652173,1.1372740595994137,0.041984162557896276
357,5537,5,seed_lead_band,4-6,27,70,0.3402061855670103,0.38571428571428573,1.1337662337662338,0.04550810014727541
357,5537,5,seed_consecutive_pairs,0,37,96,0.3402061855670103,0.3854166666666667,1.1328914141414141,0.04521048109965636
357,5537,5,seed_sum_band,10-17,46,120,0.3402061855670103,0.38333333333333336,1.1267676767676769,0.04312714776632304
357,7735,7,seed_mirror_pairs_any,no,53,154,0.30584192439862545,0.34415584415584416,1.1252736028016925,0.038313919757218706
357,3357,3,seed_trail_band,7-9,33,83,0.3539518900343643,0.39759036144578314,1.1232892735992512,0.043638471411418855
357,7735,7,seed_sum_lastdigit,4,12,35,0.30584192439862545,0.34285714285714286,1.121027287319422,0.03701521845851741
357,7735,7,seed_spread_band,7-9,44,129,0.30584192439862545,0.34108527131782945,1.1152338646459368,0.035243346919204
357,3357,3,seed_vtrac_unique,2,26,66,0.3539518900343643,0.3939393939393939,1.1129744042365401,0.03998750390502964
357,7735,7,seed_sum_mod3,0,36,107,0.30584192439862545,0.3364485981308411,1.100073506248031,0.03060667373221565
357,5537,5,seed_even_count,1,25,67,0.3402061855670103,0.373134328358209,1.0967887833559475,0.032928142791198656
357,5537,5,seed_mirror_pairs_any,yes,51,137,0.3402061855670103,0.3722627737226277,1.0942269409422694,0.032056588155617405
357,5537,5,seed_sum_mod3,1,32,86,0.3402061855670103,0.37209302325581395,1.0937279774489077,0.031886837688803626
357,3357,3,seed_consecutive_pairs,1,51,132,0.3539518900343643,0.38636363636363635,1.0915710503089142,0.03241174632927207
357,7735,7,seed_sum_lastdigit,1,9,27,0.30584192439862545,0.3333333333333333,1.089887640449438,0.02749140893470786
357,7735,7,seed_sum_lastdigit,2,11,33,0.30584192439862545,0.3333333333333333,1.089887640449438,0.02749140893470786
358,8835,8,seed_sum_lastdigit,3,17,30,0.3925925925925926,0.5666666666666667,1.4433962264150944,0.17407407407407405
358,3358,3,seed_consecutive_pairs,2,14,44,0.23703703703703705,0.3181818181818182,1.3423295454545454,0.08114478114478113
358,8835,8,seed_sum_lastdigit,6,13,26,0.3925925925925926,0.5,1.2735849056603774,0.1074074074074074
358,5538,5,seed_sum_lastdigit,0,16,34,0.37037037037037035,0.47058823529411764,1.2705882352941178,0.10021786492374729
358,5538,5,seed_prime_count,3,20,43,0.37037037037037035,0.46511627906976744,1.255813953488372,0.09474590869939709
358,3358,3,seed_vtrac_unique,2,19,64,0.23703703703703705,0.296875,1.25244140625,0.059837962962962954
358,3358,3,seed_sum_mod3,0,26,91,0.23703703703703705,0.2857142857142857,1.2053571428571428,0.04867724867724865
358,3358,3,seed_even_count,3,18,64,0.23703703703703705,0.28125,1.1865234375,0.044212962962962954
358,3358,3,seed_trail_band,0-3,27,96,0.23703703703703705,0.28125,1.1865234375,0.044212962962962954
358,3358,3,seed_sum_mod2,1,36,129,0.23703703703703705,0.27906976744186046,1.1773255813953487,0.042032730404823415
358,3358,3,seed_prime_count,2,24,86,0.23703703703703705,0.27906976744186046,1.1773255813953487,0.042032730404823415
358,3358,3,seed_even_count,1,18,65,0.23703703703703705,0.27692307692307694,1.1682692307692308,0.03988603988603989
358,8835,8,seed_trail_band,7-9,44,96,0.3925925925925926,0.4583333333333333,1.167452830188679,0.06574074074074071
358,3358,3,seed_lead_band,0-3,32,118,0.23703703703703705,0.2711864406779661,1.1440677966101696,0.034149403640929055
358,5538,5,seed_sum_lastdigit,4,11,26,0.37037037037037035,0.4230769230769231,1.1423076923076925,0.05270655270655272
358,5538,5,seed_spread_band,7-9,47,112,0.37037037037037035,0.41964285714285715,1.1330357142857144,0.0492724867724868
358,5538,5,seed_even_count,2,45,108,0.37037037037037035,0.4166666666666667,1.1250000000000002,0.046296296296296335
358,5538,5,seed_prime_count,0,15,36,0.37037037037037035,0.4166666666666667,1.1250000000000002,0.046296296296296335
358,5538,5,seed_trail_band,0-3,40,96,0.37037037037037035,0.4166666666666667,1.1250000000000002,0.046296296296296335
358,3358,3,seed_high_count,2,25,94,0.23703703703703705,0.26595744680851063,1.1220079787234043,0.028920409771473587
358,5538,5,seed_sum_mod2,0,58,141,0.37037037037037035,0.41134751773049644,1.1106382978723404,0.04097714736012609
358,8835,8,seed_sum_mod3,1,34,78,0.3925925925925926,0.4358974358974359,1.1103047895500726,0.0433048433048433
358,8835,8,seed_lead_band,4-6,30,69,0.3925925925925926,0.43478260869565216,1.1074651353568499,0.04219001610305956
358,3358,3,seed_sum_band,10-17,27,103,0.23703703703703705,0.2621359223300971,1.105885922330097,0.025098885293060036
358,8835,8,seed_spread_band,0-3,16,37,0.3925925925925926,0.43243243243243246,1.1014788373278939,0.03983983983983985
358,5538,5,seed_sum_lastdigit,8,11,27,0.37037037037037035,0.4074074074074074,1.1,0.037037037037037035
358,3358,3,seed_high_count,1,17,66,0.23703703703703705,0.25757575757575757,1.0866477272727273,0.020538720538720523
358,3358,3,seed_spread_band,4-6,31,121,0.23703703703703705,0.256198347107438,1.080836776859504,0.01916131007040095
358,5538,5,seed_sum_lastdigit,7,14,35,0.37037037037037035,0.4,1.08,0.029629629629629672
358,3358,3,seed_prime_count,3,11,43,0.23703703703703705,0.2558139534883721,1.0792151162790697,0.018776916451335057
358,8835,8,seed_trail_band,4-6,33,78,0.3925925925925926,0.4230769230769231,1.0776487663280117,0.03048433048433047
358,8835,8,seed_spread_band,4-6,51,121,0.3925925925925926,0.4214876033057851,1.0736004989864338,0.028895010713192504
358,5538,5,seed_sum_mod3,2,40,101,0.37037037037037035,0.39603960396039606,1.0693069306930694,0.02566923359002571
358,8835,8,seed_prime_count,2,36,86,0.3925925925925926,0.4186046511627907,1.0662571303203159,0.026012058570198116
358,5538,5,seed_mirror_pairs_any,no,56,142,0.37037037037037035,0.39436619718309857,1.064788732394366,0.023995826812728216
358,3358,3,seed_structure,AABC,31,123,0.23703703703703705,0.25203252032520324,1.0632621951219512,0.01499548328816619
358,3358,3,seed_unique_count,3,31,123,0.23703703703703705,0.25203252032520324,1.0632621951219512,0.01499548328816619
358,8835,8,seed_prime_count,0,15,36,0.3925925925925926,0.4166666666666667,1.0613207547169812,0.02407407407407408
358,8835,8,seed_prime_count,1,40,96,0.3925925925925926,0.4166666666666667,1.0613207547169812,0.02407407407407408
358,5538,5,seed_sum_lastdigit,2,11,28,0.37037037037037035,0.39285714285714285,1.0607142857142857,0.0224867724867725
359,9935,9,seed_sum_lastdigit,4,17,37,0.2990353697749196,0.4594594594594595,1.5364719558267945,0.16042408968453986
359,5539,5,seed_sum_lastdigit,9,14,29,0.3408360128617363,0.4827586206896552,1.4163955757970073,0.14192260782791888
359,5539,5,seed_sum_lastdigit,1,17,36,0.3408360128617363,0.4722222222222222,1.3854821802935011,0.1313862093604859
359,9935,9,seed_sum_lastdigit,7,12,31,0.2990353697749196,0.3870967741935484,1.2944849115504682,0.08806140441862875
359,3359,3,seed_sum_lastdigit,8,13,28,0.36012861736334406,0.4642857142857143,1.2892219387755102,0.10415709692237024
359,5539,5,seed_prime_count,3,20,47,0.3408360128617363,0.425531914893617,1.2484945804897631,0.08469590203188071
359,9935,9,seed_even_count,3,25,68,0.2990353697749196,0.36764705882352944,1.2294433902593296,0.06861168904860981
359,9935,9,seed_sum_mod3,2,37,102,0.2990353697749196,0.3627450980392157,1.2130508117225385,0.06370972826429605
359,9935,9,seed_mirror_pairs_any,yes,51,141,0.2990353697749196,0.3617021276595745,1.2095630290551362,0.06266675788465487
359,3359,3,seed_even_count,1,35,81,0.36012861736334406,0.43209876543209874,1.1998456790123455,0.07197014806875468
359,9935,9,seed_even_count,2,47,132,0.2990353697749196,0.3560606060606061,1.1906972955360053,0.057025236285686454
359,9935,9,seed_sum_lastdigit,6,11,31,0.2990353697749196,0.3548387096774194,1.1866111689212626,0.05580333990249975
359,9935,9,seed_high_count,1,29,82,0.2990353697749196,0.35365853658536583,1.1826645685811696,0.05462316681044621
359,5539,5,seed_vtrac_unique,2,29,72,0.3408360128617363,0.4027777777777778,1.1817348008385746,0.061941764916041475
359,3359,3,seed_sum_lastdigit,2,14,33,0.36012861736334406,0.42424242424242425,1.178030303030303,0.06411380687908019
359,3359,3,seed_sum_lastdigit,7,13,31,0.36012861736334406,0.41935483870967744,1.164458525345622,0.059226221346333374
359,5539,5,seed_trail_band,7-9,38,96,0.3408360128617363,0.3958333333333333,1.1613600628930818,0.054997320471597
359,5539,5,seed_lead_band,7-9,34,86,0.3408360128617363,0.3953488372093023,1.1599385695480473,0.05451282434756599
359,3359,3,seed_high_count,1,34,82,0.36012861736334406,0.4146341463414634,1.1513501742160277,0.05450552897811933
359,9935,9,seed_sum_lastdigit,5,12,35,0.2990353697749196,0.34285714285714286,1.1465437788018433,0.043821773082223237
359,5539,5,seed_spread_band,0-3,16,41,0.3408360128617363,0.3902439024390244,1.1449608835711,0.04940788957728809
359,3359,3,seed_vtrac_unique,4,30,73,0.36012861736334406,0.410958904109589,1.1411448140900196,0.05083028674624496
359,5539,5,seed_high_count,2,43,111,0.3408360128617363,0.38738738738738737,1.1365799762026176,0.04655137452565106
359,3359,3,seed_spread_band,7-9,52,128,0.36012861736334406,0.40625,1.1280691964285714,0.04612138263665594
359,9935,9,seed_lead_band,7-9,29,86,0.2990353697749196,0.3372093023255814,1.127656914228557,0.03817393255066176
359,9935,9,seed_sum_band,10-17,46,137,0.2990353697749196,0.3357664233576642,1.1228318028412212,0.03673105358274459
359,3359,3,seed_lead_band,0-3,52,129,0.36012861736334406,0.40310077519379844,1.1193244739756367,0.04297215783045438
359,5539,5,seed_consecutive_pairs,0,35,92,0.3408360128617363,0.3804347826086957,1.1161812961443807,0.03959876974695936
359,3359,3,seed_sum_mod3,1,43,107,0.36012861736334406,0.40186915887850466,1.1159045393858478,0.0417405415151606
359,5539,5,seed_spread_band,4-6,54,142,0.3408360128617363,0.38028169014084506,1.1157321286207813,0.03944567727910875
359,5539,5,seed_sum_band,18-26,50,132,0.3408360128617363,0.3787878787878788,1.111349342481418,0.03795186592614247
359,3359,3,seed_sum_lastdigit,5,14,35,0.36012861736334406,0.4,1.1107142857142858,0.03987138263665596
359,3359,3,seed_trail_band,4-6,36,90,0.36012861736334406,0.4,1.1107142857142858,0.03987138263665596
359,5539,5,seed_prime_count,1,39,104,0.3408360128617363,0.375,1.1002358490566038,0.034163987138263685
359,5539,5,seed_sum_mod3,1,40,107,0.3408360128617363,0.37383177570093457,1.0968083230470818,0.03299576283919825
359,3359,3,seed_mirror_pairs_any,no,67,170,0.36012861736334406,0.3941176470588235,1.0943802521008403,0.033989029695479456
359,9935,9,seed_high_count,3,27,83,0.2990353697749196,0.3253012048192771,1.0878352118150019,0.026265835044357477
359,5539,5,seed_structure,AABC,47,127,0.3408360128617363,0.3700787401574803,1.0857970583865697,0.02924272729574401
359,5539,5,seed_unique_count,3,47,127,0.3408360128617363,0.3700787401574803,1.0857970583865697,0.02924272729574401
359,3359,3,seed_spread_band,0-3,16,41,0.36012861736334406,0.3902439024390244,1.083623693379791,0.030115285075680343
367,3367,3,seed_sum_lastdigit,8,16,31,0.33916083916083917,0.5161290322580645,1.5217825074825406,0.17696819309722533
367,3367,3,seed_consecutive_pairs,2,22,46,0.33916083916083917,0.4782608695652174,1.4101299865531152,0.13910003040437824
367,6637,6,seed_sum_lastdigit,7,16,34,0.3356643356643357,0.47058823529411764,1.4019607843137254,0.13492389962978196
367,6637,6,seed_sum_lastdigit,6,12,26,0.3356643356643357,0.46153846153846156,1.375,0.1258741258741259
367,7736,7,seed_sum_lastdigit,4,12,27,0.32517482517482516,0.4444444444444444,1.3667861409796893,0.11926961926961926
367,7736,7,seed_sum_lastdigit,9,12,29,0.32517482517482516,0.41379310344827586,1.2725250278086764,0.0886182782734507
367,6637,6,seed_sum_mod3,2,40,94,0.3356643356643357,0.425531914893617,1.2677304964539007,0.08986757922928135
367,3367,3,seed_sum_lastdigit,0,15,36,0.33916083916083917,0.4166666666666667,1.2285223367697595,0.07750582750582752
367,6637,6,seed_sum_lastdigit,2,11,27,0.3356643356643357,0.4074074074074074,1.2137345679012344,0.0717430717430717
367,6637,6,seed_spread_band,7-9,52,130,0.3356643356643357,0.4,1.1916666666666667,0.06433566433566434
367,7736,7,seed_even_count,3,25,65,0.32517482517482516,0.38461538461538464,1.1827956989247312,0.05944055944055948
367,3367,3,seed_sum_mod3,1,40,100,0.33916083916083917,0.4,1.179381443298969,0.060839160839160855
367,7736,7,seed_consecutive_pairs,0,40,107,0.32517482517482516,0.37383177570093457,1.1496332026931968,0.04865695052610941
367,6637,6,seed_trail_band,7-9,36,94,0.3356643356643357,0.3829787234042553,1.1409574468085106,0.04731438773991964
367,7736,7,seed_sum_mod3,0,34,92,0.32517482517482516,0.3695652173913043,1.136512388966807,0.04439039221647917
367,7736,7,seed_vtrac_unique,2,24,65,0.32517482517482516,0.36923076923076925,1.1354838709677422,0.044055944055944096
367,3367,3,seed_high_count,3,25,65,0.33916083916083917,0.38461538461538464,1.134020618556701,0.04545454545454547
367,7736,7,seed_trail_band,0-3,41,112,0.32517482517482516,0.36607142857142855,1.1257680491551458,0.04089660339660339
367,3367,3,seed_spread_band,4-6,47,124,0.33916083916083917,0.3790322580645161,1.1175590289324908,0.03987141890367696
367,7736,7,seed_lead_band,4-6,29,80,0.32517482517482516,0.3625,1.114784946236559,0.037325174825174834
367,3367,3,seed_even_count,2,43,115,0.33916083916083917,0.3739130434782609,1.1024652622142537,0.03475220431742171
367,6637,6,seed_prime_count,1,37,100,0.3356643356643357,0.37,1.1022916666666667,0.03433566433566432
367,3367,3,seed_lead_band,7-9,31,83,0.33916083916083917,0.37349397590361444,1.1012296609116878,0.03433313674277527
367,7736,7,seed_high_count,1,25,70,0.32517482517482516,0.35714285714285715,1.0983102918586791,0.031968031968031996
367,6637,6,seed_sum_band,10-17,42,114,0.3356643356643357,0.3684210526315789,1.0975877192982455,0.03275671696724325
367,6637,6,seed_high_count,2,43,117,0.3356643356643357,0.36752136752136755,1.0949074074074074,0.03185703185703187
367,7736,7,seed_structure,AABC,49,138,0.32517482517482516,0.35507246376811596,1.091943275673991,0.02989763859329081
367,7736,7,seed_unique_count,3,49,138,0.32517482517482516,0.35507246376811596,1.091943275673991,0.02989763859329081
367,7736,7,seed_spread_band,4-6,44,124,0.32517482517482516,0.3548387096774194,1.0912244190079778,0.029663884502594218
367,6637,6,seed_lead_band,0-3,45,123,0.3356643356643357,0.36585365853658536,1.0899390243902438,0.03018932287224968
367,3367,3,seed_sum_band,18-26,48,130,0.33916083916083917,0.36923076923076925,1.0886597938144331,0.030069930069930084
367,6637,6,seed_even_count,1,27,74,0.3356643356643357,0.36486486486486486,1.0869932432432432,0.02920052920052918
367,6637,6,seed_consecutive_pairs,0,39,107,0.3356643356643357,0.3644859813084112,1.0858644859813082,0.028821645644075522
367,7736,7,seed_sum_mod2,1,49,139,0.32517482517482516,0.35251798561151076,1.0840875686547535,0.02734316043668561
367,7736,7,seed_vtrac_unique,4,14,40,0.32517482517482516,0.35,1.0763440860215054,0.024825174825174823
367,7736,7,seed_trail_band,4-6,28,80,0.32517482517482516,0.35,1.0763440860215054,0.024825174825174823
367,6637,6,seed_sum_lastdigit,0,13,36,0.3356643356643357,0.3611111111111111,1.0758101851851851,0.025446775446775427
367,3367,3,seed_trail_band,4-6,29,80,0.33916083916083917,0.3625,1.0688144329896907,0.023339160839160822
367,3367,3,seed_trail_band,7-9,34,94,0.33916083916083917,0.3617021276595745,1.0664619434086422,0.022541288498735323
367,3367,3,seed_prime_count,0,13,36,0.33916083916083917,0.3611111111111111,1.0647193585337915,0.021950271950271938
368,3368,3,seed_sum_lastdigit,8,12,25,0.2806451612903226,0.48,1.7103448275862068,0.1993548387096774
368,6638,6,seed_prime_count,0,21,34,0.36451612903225805,0.6176470588235294,1.6944299843831339,0.2531309297912714
368,3368,3,seed_sum_lastdigit,6,14,33,0.2806451612903226,0.42424242424242425,1.5116684082201324,0.14359726295210168
368,8836,8,seed_sum_lastdigit,4,19,36,0.3548387096774194,0.5277777777777778,1.4873737373737372,0.17293906810035842
368,8836,8,seed_high_count,3,38,74,0.3548387096774194,0.5135135135135135,1.447174447174447,0.1586748038360941
368,8836,8,seed_vtrac_unique,4,29,61,0.3548387096774194,0.47540983606557374,1.3397913561847987,0.12057112638815437
368,8836,8,seed_sum_lastdigit,7,13,28,0.3548387096774194,0.4642857142857143,1.3084415584415585,0.10944700460829493
368,6638,6,seed_sum_lastdigit,1,20,43,0.36451612903225805,0.46511627906976744,1.2759827124922825,0.10060015003750938
368,3368,3,seed_prime_count,3,19,54,0.2806451612903226,0.35185185185185186,1.2537249893571734,0.07120669056152928
368,3368,3,seed_sum_mod3,1,35,102,0.2806451612903226,0.3431372549019608,1.2226729772368718,0.06249209361163821
368,8836,8,seed_sum_mod3,0,45,106,0.3548387096774194,0.42452830188679247,1.1963979416809605,0.0696895922093731
368,3368,3,seed_high_count,2,44,132,0.2806451612903226,0.3333333333333333,1.1877394636015326,0.05268817204301074
368,6638,6,seed_sum_mod3,2,44,102,0.36451612903225805,0.43137254901960786,1.183411417664411,0.06685641998734981
368,8836,8,seed_mirror_pairs_any,no,65,155,0.3548387096774194,0.41935483870967744,1.1818181818181819,0.06451612903225806
368,8836,8,seed_spread_band,0-3,18,43,0.3548387096774194,0.4186046511627907,1.1797040169133193,0.06376594148537135
368,6638,6,seed_even_count,1,32,75,0.36451612903225805,0.4266666666666667,1.170501474926254,0.06215053763440864
368,6638,6,seed_sum_lastdigit,5,11,26,0.36451612903225805,0.4230769230769231,1.1606535057862493,0.05856079404466502
368,3368,3,seed_trail_band,0-3,37,114,0.2806451612903226,0.32456140350877194,1.156483161927808,0.043916242218449364
368,6638,6,seed_consecutive_pairs,0,39,95,0.36451612903225805,0.4105263157894737,1.1262226362366092,0.04601018675721563
368,3368,3,seed_structure,ABCD,54,172,0.2806451612903226,0.313953488372093,1.1186848436246992,0.03330832708177045
368,3368,3,seed_unique_count,4,54,172,0.2806451612903226,0.313953488372093,1.1186848436246992,0.03330832708177045
368,3368,3,seed_repeat_digit,none,54,172,0.2806451612903226,0.313953488372093,1.1186848436246992,0.03330832708177045
368,6638,6,seed_mirror_pairs_any,yes,63,155,0.36451612903225805,0.4064516129032258,1.1150442477876106,0.04193548387096774
368,6638,6,seed_sum_mod2,1,63,156,0.36451612903225805,0.40384615384615385,1.1078965282505107,0.0393300248138958
368,6638,6,seed_vtrac_unique,2,25,62,0.36451612903225805,0.4032258064516129,1.1061946902654867,0.03870967741935483
368,8836,8,seed_trail_band,7-9,36,92,0.3548387096774194,0.391304347826087,1.1027667984189724,0.0364656381486676
368,6638,6,seed_structure,AABC,49,122,0.36451612903225805,0.4016393442622951,1.1018424488611636,0.03712321523003703
368,6638,6,seed_unique_count,3,49,122,0.36451612903225805,0.4016393442622951,1.1018424488611636,0.03712321523003703
368,3368,3,seed_even_count,2,38,123,0.2806451612903226,0.3089430894308943,1.1008316979721522,0.02829792814057175
368,3368,3,seed_high_count,1,25,81,0.2806451612903226,0.30864197530864196,1.0997587625940115,0.027996814018319383
368,3368,3,seed_sum_band,10-17,39,127,0.2806451612903226,0.30708661417322836,1.0942166711919632,0.02644145288290578
368,3368,3,seed_sum_mod2,0,47,154,0.2806451612903226,0.3051948051948052,1.0874757426481565,0.02454964390448261
368,8836,8,seed_prime_count,1,37,96,0.3548387096774194,0.3854166666666667,1.0861742424242424,0.030577956989247312
368,8836,8,seed_consecutive_pairs,2,25,65,0.3548387096774194,0.38461538461538464,1.083916083916084,0.029776674937965264
368,6638,6,seed_high_count,2,52,132,0.36451612903225805,0.3939393939393939,1.0807186913381603,0.02942326490713587
368,3368,3,seed_mirror_pairs_any,yes,47,155,0.2806451612903226,0.3032258064516129,1.0804597701149425,0.022580645161290325
368,6638,6,seed_sum_lastdigit,3,11,28,0.36451612903225805,0.39285714285714285,1.0777496839443743,0.028341013824884798
368,3368,3,seed_prime_count,1,29,96,0.2806451612903226,0.3020833333333333,1.0763888888888888,0.02143817204301074
368,3368,3,seed_lead_band,7-9,28,93,0.2806451612903226,0.3010752688172043,1.0727969348659003,0.020430107526881736
368,6638,6,seed_sum_lastdigit,9,12,31,0.36451612903225805,0.3870967741935484,1.0619469026548674,0.022580645161290325
369,6639,6,seed_sum_lastdigit,5,11,25,0.29328621908127206,0.44,1.5002409638554217,0.14671378091872794
369,6639,6,seed_sum_lastdigit,2,11,27,0.29328621908127206,0.4074074074074074,1.389112003569835,0.11412118832613533
369,9936,9,seed_sum_lastdigit,7,14,27,0.37809187279151946,0.5185185185185185,1.3714087919695395,0.14042664572699903
369,3369,3,seed_vtrac_unique,2,27,61,0.3286219081272085,0.4426229508196721,1.3469063987308303,0.11400104269246364
369,3369,3,seed_prime_count,3,18,43,0.3286219081272085,0.4186046511627907,1.2738184546136535,0.08998274303558224
369,9936,9,seed_sum_lastdigit,1,12,25,0.37809187279151946,0.48,1.2695327102803737,0.10190812720848053
369,9936,9,seed_sum_lastdigit,3,12,25,0.37809187279151946,0.48,1.2695327102803737,0.10190812720848053
369,9936,9,seed_even_count,1,33,69,0.37809187279151946,0.4782608695652174,1.2649329540837058,0.10016899677369795
369,3369,3,seed_even_count,3,25,61,0.3286219081272085,0.4098360655737705,1.2471355543803984,0.08121415744656202
369,3369,3,seed_sum_lastdigit,3,10,25,0.3286219081272085,0.4,1.217204301075269,0.07137809187279154
369,3369,3,seed_high_count,1,28,70,0.3286219081272085,0.4,1.217204301075269,0.07137809187279154
369,6639,6,seed_sum_lastdigit,4,11,31,0.29328621908127206,0.3548387096774194,1.209871745044695,0.06155249059614731
369,3369,3,seed_mirror_pairs_any,yes,45,114,0.3286219081272085,0.39473684210526316,1.201188455008489,0.06611493397805468
369,3369,3,seed_sum_lastdigit,9,11,28,0.3286219081272085,0.39285714285714285,1.195468509984639,0.06423523472993437
369,6639,6,seed_sum_lastdigit,6,11,32,0.29328621908127206,0.34375,1.1720632530120483,0.05046378091872794
369,3369,3,seed_spread_band,4-6,46,120,0.3286219081272085,0.38333333333333336,1.1664874551971327,0.054711425206124875
369,6639,6,seed_high_count,3,23,68,0.29328621908127206,0.3382352941176471,1.1532600992204112,0.04494907503637502
369,6639,6,seed_even_count,2,39,116,0.29328621908127206,0.33620689655172414,1.1463439966763607,0.042920677470452084
369,6639,6,seed_sum_mod2,0,51,153,0.29328621908127206,0.3333333333333333,1.136546184738956,0.040047114252061256
369,6639,6,seed_spread_band,0-3,13,39,0.29328621908127206,0.3333333333333333,1.136546184738956,0.040047114252061256
369,9936,9,seed_sum_mod3,2,42,98,0.37809187279151946,0.42857142857142855,1.1335113484646193,0.05047955577990909
369,9936,9,seed_sum_lastdigit,9,12,28,0.37809187279151946,0.42857142857142855,1.1335113484646193,0.05047955577990909
369,9936,9,seed_high_count,2,45,105,0.37809187279151946,0.42857142857142855,1.1335113484646193,0.05047955577990909
369,6639,6,seed_spread_band,7-9,41,124,0.29328621908127206,0.33064516129032256,1.1273804897007385,0.037358942209050505
369,6639,6,seed_lead_band,7-9,27,82,0.29328621908127206,0.32926829268292684,1.122685865412871,0.035982073601654785
369,9936,9,seed_sum_mod2,1,55,130,0.37809187279151946,0.4230769230769231,1.118979151689432,0.044985050285403616
369,6639,6,seed_mirror_pairs_any,no,55,169,0.29328621908127206,0.3254437869822485,1.1096456833250161,0.03215756790097646
369,9936,9,seed_vtrac_unique,3,65,155,0.37809187279151946,0.41935483870967744,1.1091347603255954,0.04126296591815798
369,6639,6,seed_prime_count,0,11,34,0.29328621908127206,0.3235294117647059,1.1031183557760456,0.03024319268343384
369,6639,6,seed_vtrac_unique,4,21,65,0.29328621908127206,0.3230769230769231,1.1015755329008343,0.029790703995651036
369,6639,6,seed_structure,AABC,39,121,0.29328621908127206,0.32231404958677684,1.0989744100368417,0.02902783050550478
369,6639,6,seed_unique_count,3,39,121,0.29328621908127206,0.32231404958677684,1.0989744100368417,0.02902783050550478
369,3369,3,seed_sum_lastdigit,5,9,25,0.3286219081272085,0.36,1.095483870967742,0.0313780918727915
369,9936,9,seed_structure,AABC,50,121,0.37809187279151946,0.4132231404958678,1.0929172781339307,0.03513126770434832
369,9936,9,seed_unique_count,3,50,121,0.37809187279151946,0.4132231404958678,1.0929172781339307,0.03513126770434832
369,9936,9,seed_sum_band,18-26,57,138,0.37809187279151946,0.41304347826086957,1.092442096708655,0.03495160546935011
369,9936,9,seed_lead_band,0-3,48,117,0.37809187279151946,0.41025641025641024,1.085070692547328,0.032164537464890786
369,6639,6,seed_sum_mod3,0,28,88,0.29328621908127206,0.3181818181818182,1.0848849945235488,0.024895599100546117
369,6639,6,seed_sum_band,10-17,34,107,0.29328621908127206,0.3177570093457944,1.08343654993807,0.024470790264522313
369,9936,9,seed_prime_count,2,43,105,0.37809187279151946,0.4095238095238095,1.0831330663106362,0.031431936732290056
378,7738,7,seed_sum_lastdigit,5,15,34,0.2857142857142857,0.4411764705882353,1.5441176470588236,0.15546218487394958
378,3378,3,seed_sum_lastdigit,9,12,27,0.31746031746031744,0.4444444444444444,1.4,0.12698412698412698
378,3378,3,seed_sum_lastdigit,4,15,34,0.31746031746031744,0.4411764705882353,1.3897058823529411,0.12371615312791784
378,3378,3,seed_sum_lastdigit,2,12,29,0.31746031746031744,0.41379310344827586,1.3034482758620691,0.09633278598795841
378,7738,7,seed_sum_lastdigit,3,14,38,0.2857142857142857,0.3684210526315789,1.2894736842105263,0.08270676691729323
378,7738,7,seed_prime_count,0,17,47,0.2857142857142857,0.3617021276595745,1.2659574468085109,0.07598784194528879
378,7738,7,seed_sum_band,27-36,9,25,0.2857142857142857,0.36,1.26,0.07428571428571429
378,8837,8,seed_prime_count,3,20,40,0.3968253968253968,0.5,1.26,0.1031746031746032
378,7738,7,seed_even_count,1,29,83,0.2857142857142857,0.3493975903614458,1.2228915662650603,0.0636833046471601
378,8837,8,seed_sum_lastdigit,1,13,27,0.3968253968253968,0.48148148148148145,1.2133333333333334,0.08465608465608465
378,7738,7,seed_trail_band,4-6,29,85,0.2857142857142857,0.3411764705882353,1.1941176470588237,0.055462184873949605
378,7738,7,seed_lead_band,4-6,30,88,0.2857142857142857,0.3409090909090909,1.1931818181818181,0.055194805194805185
378,8837,8,seed_sum_lastdigit,7,15,32,0.3968253968253968,0.46875,1.1812500000000001,0.0719246031746032
378,3378,3,seed_even_count,3,28,75,0.31746031746031744,0.37333333333333335,1.1760000000000002,0.05587301587301591
378,3378,3,seed_vtrac_unique,2,26,70,0.31746031746031744,0.37142857142857144,1.1700000000000002,0.053968253968254
378,7738,7,seed_vtrac_unique,4,20,60,0.2857142857142857,0.3333333333333333,1.1666666666666667,0.047619047619047616
378,7738,7,seed_sum_mod3,1,36,109,0.2857142857142857,0.3302752293577982,1.1559633027522938,0.044560943643512485
378,3378,3,seed_prime_count,0,17,47,0.31746031746031744,0.3617021276595745,1.1393617021276596,0.04424181019925705
378,8837,8,seed_high_count,1,33,73,0.3968253968253968,0.4520547945205479,1.1391780821917807,0.05522939769515112
378,3378,3,seed_sum_mod3,0,37,103,0.31746031746031744,0.3592233009708738,1.1315533980582526,0.04176298351055635
378,7738,7,seed_consecutive_pairs,0,36,112,0.2857142857142857,0.32142857142857145,1.1250000000000002,0.035714285714285754
378,8837,8,seed_consecutive_pairs,1,65,146,0.3968253968253968,0.4452054794520548,1.121917808219178,0.048380082626657994
378,3378,3,seed_spread_band,4-6,47,132,0.31746031746031744,0.3560606060606061,1.1215909090909093,0.038600288600288635
378,8837,8,seed_sum_lastdigit,8,12,27,0.3968253968253968,0.4444444444444444,1.12,0.047619047619047616
378,7738,7,seed_structure,ABCD,50,157,0.2857142857142857,0.3184713375796178,1.1146496815286624,0.03275705186533212
378,7738,7,seed_unique_count,4,50,157,0.2857142857142857,0.3184713375796178,1.1146496815286624,0.03275705186533212
378,7738,7,seed_repeat_digit,none,50,157,0.2857142857142857,0.3184713375796178,1.1146496815286624,0.03275705186533212
378,3378,3,seed_even_count,2,42,120,0.31746031746031744,0.35,1.1025,0.032539682539682535
378,8837,8,seed_sum_mod3,2,45,103,0.3968253968253968,0.4368932038834951,1.1009708737864077,0.040067807058098315
378,7738,7,seed_sum_lastdigit,6,11,35,0.2857142857142857,0.3142857142857143,1.1,0.02857142857142858
378,8837,8,seed_even_count,1,36,83,0.3968253968253968,0.43373493975903615,1.0930120481927712,0.03690954293363935
378,3378,3,seed_lead_band,0-3,43,124,0.31746031746031744,0.3467741935483871,1.0923387096774195,0.02931387608806968
378,8837,8,seed_vtrac_unique,4,26,60,0.3968253968253968,0.43333333333333335,1.092,0.036507936507936545
378,7738,7,seed_sum_mod2,1,49,158,0.2857142857142857,0.310126582278481,1.0854430379746836,0.0244122965641953
378,8837,8,seed_trail_band,7-9,43,100,0.3968253968253968,0.43,1.0836000000000001,0.03317460317460319
378,3378,3,seed_sum_mod2,0,54,157,0.31746031746031744,0.34394904458598724,1.08343949044586,0.026488727125669798
378,7738,7,seed_high_count,2,39,126,0.2857142857142857,0.30952380952380953,1.0833333333333335,0.023809523809523836
378,8837,8,seed_spread_band,7-9,64,149,0.3968253968253968,0.42953020134228187,1.0824161073825505,0.032704804516885067
378,3378,3,seed_high_count,2,43,126,0.31746031746031744,0.3412698412698413,1.0750000000000002,0.023809523809523836
378,3378,3,seed_structure,AABC,48,141,0.31746031746031744,0.3404255319148936,1.0723404255319149,0.022965214454576166
379,9937,9,seed_sum_lastdigit,7,20,37,0.3694915254237288,0.5405405405405406,1.462930820728986,0.17104901511681175
379,3379,3,seed_consecutive_pairs,2,21,47,0.31864406779661014,0.44680851063829785,1.4022181982797646,0.1281644428416877
379,3379,3,seed_sum_band,0-9,12,27,0.31864406779661014,0.4444444444444444,1.3947990543735225,0.12580037664783428
379,9937,9,seed_even_count,1,39,76,0.3694915254237288,0.5131578947368421,1.388821825205215,0.14366636931311333
379,3379,3,seed_sum_lastdigit,9,12,28,0.31864406779661014,0.42857142857142855,1.344984802431611,0.1099273607748184
379,3379,3,seed_even_count,2,43,101,0.31864406779661014,0.42574257425742573,1.3361070149568148,0.10709850646081559
379,9937,9,seed_sum_lastdigit,1,21,43,0.3694915254237288,0.4883720930232558,1.3217409857051419,0.11888056759952698
379,3379,3,seed_sum_lastdigit,2,12,29,0.31864406779661014,0.41379310344827586,1.298606016140866,0.09514903565166571
379,7739,7,seed_vtrac_unique,2,34,85,0.31186440677966104,0.4,1.2826086956521738,0.08813559322033898
379,3379,3,seed_spread_band,0-3,21,52,0.31864406779661014,0.40384615384615385,1.267389525368249,0.08520208604954371
379,7739,7,seed_sum_lastdigit,3,11,28,0.31186440677966104,0.39285714285714285,1.2597049689440993,0.08099273607748181
379,9937,9,seed_unique_count,2,12,26,0.3694915254237288,0.46153846153846156,1.2491178546224417,0.09204693611473275
379,3379,3,seed_sum_mod2,0,52,135,0.31864406779661014,0.3851851851851852,1.2088258471237197,0.06654111738857504
379,7739,7,seed_lead_band,7-9,29,77,0.31186440677966104,0.37662337662337664,1.2076510446075663,0.0647589698437156
379,3379,3,seed_sum_lastdigit,4,10,26,0.31864406779661014,0.38461538461538464,1.2070376432078562,0.0659713168187745
379,3379,3,seed_high_count,0,10,26,0.31864406779661014,0.38461538461538464,1.2070376432078562,0.0659713168187745
379,3379,3,seed_sum_lastdigit,8,11,29,0.31864406779661014,0.3793103448275862,1.190388848129127,0.060666277030976046
379,7739,7,seed_even_count,3,31,84,0.31186440677966104,0.36904761904761907,1.1833592132505175,0.05718321226795803
379,3379,3,seed_lead_band,4-6,36,98,0.31864406779661014,0.3673469387755102,1.1528441163699523,0.04870287097890008
379,9937,9,seed_lead_band,0-3,51,120,0.3694915254237288,0.425,1.150229357798165,0.05550847457627117
379,9937,9,seed_sum_band,27-36,11,26,0.3694915254237288,0.4230769230769231,1.1450247000705716,0.053585397653194256
379,9937,9,seed_spread_band,0-3,22,52,0.3694915254237288,0.4230769230769231,1.1450247000705716,0.053585397653194256
379,9937,9,seed_vtrac_unique,4,19,45,0.3694915254237288,0.4222222222222222,1.142711518858308,0.052730696798493404
379,3379,3,seed_sum_lastdigit,0,12,33,0.31864406779661014,0.36363636363636365,1.1411992263056094,0.044992295839753504
379,7739,7,seed_mirror_pairs_any,yes,48,135,0.31186440677966104,0.35555555555555557,1.1400966183574879,0.04369114877589453
379,7739,7,seed_spread_band,4-6,44,124,0.31186440677966104,0.3548387096774194,1.1377980364656382,0.04297430289775833
379,3379,3,seed_sum_mod3,1,29,80,0.31864406779661014,0.3625,1.1376329787234043,0.04385593220338985
379,9937,9,seed_sum_mod2,1,67,160,0.3694915254237288,0.41875,1.1333142201834863,0.049258474576271194
379,9937,9,seed_high_count,3,30,72,0.3694915254237288,0.4166666666666667,1.1276758409785934,0.04717514124293787
379,9937,9,seed_high_count,1,27,65,0.3694915254237288,0.4153846153846154,1.1242060691601976,0.04589308996088659
379,9937,9,seed_consecutive_pairs,0,44,106,0.3694915254237288,0.41509433962264153,1.1234204604465987,0.04560281419891271
379,7739,7,seed_consecutive_pairs,0,37,106,0.31186440677966104,0.3490566037735849,1.1192575881870384,0.03719219699392384
379,3379,3,seed_vtrac_unique,3,58,163,0.31864406779661014,0.3558282208588957,1.1166949484401516,0.03718415306228556
379,9937,9,seed_mirror_pairs_any,no,66,160,0.3694915254237288,0.4125,1.1163990825688073,0.04300847457627116
379,7739,7,seed_sum_band,27-36,9,26,0.31186440677966104,0.34615384615384615,1.1099498327759196,0.034289439374185104
379,7739,7,seed_sum_lastdigit,4,9,26,0.31186440677966104,0.34615384615384615,1.1099498327759196,0.034289439374185104
379,9937,9,seed_sum_band,0-9,11,27,0.3694915254237288,0.4074074074074074,1.1026163778457356,0.03791588198367857
379,7739,7,seed_trail_band,7-9,26,76,0.31186440677966104,0.34210526315789475,1.0969679633867275,0.030240856378233705
379,9937,9,seed_sum_band,10-17,44,109,0.3694915254237288,0.4036697247706422,1.092500631259995,0.03417819934691341
379,9937,9,seed_spread_band,7-9,48,119,0.3694915254237288,0.40336134453781514,1.0916660242078482,0.03386981911408632
389,9938,9,seed_spread_band,0-3,16,33,0.3415384615384615,0.48484848484848486,1.4196014196014197,0.14331002331002335
389,8839,8,seed_prime_count,1,51,117,0.3076923076923077,0.4358974358974359,1.4166666666666665,0.1282051282051282
389,9938,9,seed_sum_lastdigit,3,17,37,0.3415384615384615,0.4594594594594595,1.3452641831020211,0.11792099792099797
389,9938,9,seed_sum_lastdigit,9,15,33,0.3415384615384615,0.45454545454545453,1.330876330876331,0.11300699300699302
389,3389,3,seed_sum_lastdigit,2,12,26,0.3507692307692308,0.46153846153846156,1.3157894736842106,0.11076923076923079
389,3389,3,seed_prime_count,0,17,37,0.3507692307692308,0.4594594594594595,1.3098624940730204,0.10869022869022871
389,8839,8,seed_sum_lastdigit,8,10,25,0.3076923076923077,0.4,1.3,0.09230769230769231
389,9938,9,seed_prime_count,3,19,43,0.3415384615384615,0.4418604651162791,1.2937355960611776,0.10032200357781756
389,9938,9,seed_even_count,1,33,75,0.3415384615384615,0.44,1.2882882882882885,0.09846153846153849
389,8839,8,seed_sum_lastdigit,0,11,28,0.3076923076923077,0.39285714285714285,1.2767857142857142,0.08516483516483514
389,3389,3,seed_sum_lastdigit,6,20,45,0.3507692307692308,0.4444444444444444,1.2670565302144248,0.09367521367521364
389,9938,9,seed_sum_lastdigit,1,17,40,0.3415384615384615,0.425,1.2443693693693694,0.08346153846153848
389,3389,3,seed_trail_band,7-9,38,89,0.3507692307692308,0.42696629213483145,1.2172284644194755,0.07619706136560067
389,9938,9,seed_sum_mod2,1,69,171,0.3415384615384615,0.40350877192982454,1.181444602497234,0.061970310391363026
389,3389,3,seed_lead_band,4-6,43,105,0.3507692307692308,0.4095238095238095,1.16750208855472,0.058754578754578735
389,3389,3,seed_sum_lastdigit,5,13,32,0.3507692307692308,0.40625,1.1581688596491229,0.05548076923076922
389,3389,3,seed_sum_band,10-17,57,142,0.3507692307692308,0.4014084507042254,1.1443661971830987,0.050639219934994595
389,3389,3,seed_sum_lastdigit,4,12,30,0.3507692307692308,0.4,1.1403508771929824,0.049230769230769245
389,8839,8,seed_lead_band,7-9,34,97,0.3076923076923077,0.35051546391752575,1.1391752577319587,0.04282315622521804
389,9938,9,seed_vtrac_unique,4,24,62,0.3415384615384615,0.3870967741935484,1.1333914559721012,0.04555831265508686
389,8839,8,seed_mirror_pairs_any,yes,53,152,0.3076923076923077,0.34868421052631576,1.133223684210526,0.040991902834008054
389,8839,8,seed_consecutive_pairs,0,39,112,0.3076923076923077,0.3482142857142857,1.1316964285714284,0.04052197802197799
389,8839,8,seed_trail_band,0-3,47,135,0.3076923076923077,0.34814814814814815,1.1314814814814815,0.04045584045584044
389,3389,3,seed_sum_mod3,1,48,121,0.3507692307692308,0.39669421487603307,1.1309264897781643,0.04592498410680229
389,3389,3,seed_prime_count,2,48,121,0.3507692307692308,0.39669421487603307,1.1309264897781643,0.04592498410680229
389,9938,9,seed_consecutive_pairs,2,16,42,0.3415384615384615,0.38095238095238093,1.1154011154011154,0.03941391941391942
389,8839,8,seed_structure,ABCD,58,169,0.3076923076923077,0.3431952662721893,1.1153846153846152,0.035502958579881616
389,8839,8,seed_unique_count,4,58,169,0.3076923076923077,0.3431952662721893,1.1153846153846152,0.035502958579881616
389,8839,8,seed_repeat_digit,none,58,169,0.3076923076923077,0.3431952662721893,1.1153846153846152,0.035502958579881616
389,3389,3,seed_sum_mod2,0,60,154,0.3507692307692308,0.38961038961038963,1.1107313738892686,0.03884115884115885
389,3389,3,seed_high_count,1,30,77,0.3507692307692308,0.38961038961038963,1.1107313738892686,0.03884115884115885
389,9938,9,seed_sum_lastdigit,7,11,29,0.3415384615384615,0.3793103448275862,1.1105933519726623,0.037771883289124675
389,9938,9,seed_sum_mod3,0,36,95,0.3415384615384615,0.37894736842105264,1.109530583214794,0.03740890688259113
389,8839,8,seed_sum_mod3,2,37,109,0.3076923076923077,0.3394495412844037,1.103211009174312,0.03175723359209598
389,9938,9,seed_mirror_pairs_any,no,65,173,0.3415384615384615,0.37572254335260113,1.1000885278341925,0.03418408181413962
389,9938,9,seed_sum_band,18-26,54,144,0.3415384615384615,0.375,1.097972972972973,0.03346153846153849
389,9938,9,seed_even_count,3,36,96,0.3415384615384615,0.375,1.097972972972973,0.03346153846153849
389,8839,8,seed_sum_mod2,0,52,154,0.3076923076923077,0.33766233766233766,1.0974025974025974,0.029970029970029954
389,8839,8,seed_even_count,2,38,113,0.3076923076923077,0.336283185840708,1.092920353982301,0.02859087814840028
389,9938,9,seed_prime_count,2,45,121,0.3415384615384615,0.371900826446281,1.0888988161715434,0.03036236490781946
456,6645,6,seed_sum_band,0-9,14,25,0.37003058103975534,0.56,1.5133884297520663,0.18996941896024472
456,5546,5,seed_sum_lastdigit,4,16,39,0.2782874617737003,0.41025641025641024,1.474218089602705,0.13196894848270996
456,6645,6,seed_consecutive_pairs,2,28,54,0.37003058103975534,0.5185185185185185,1.401285583103765,0.14848793747876315
456,5546,5,seed_trail_band,7-9,34,94,0.2782874617737003,0.3617021276595745,1.2997428103811084,0.0834146658858742
456,5546,5,seed_even_count,2,42,121,0.2782874617737003,0.34710743801652894,1.2472981563890657,0.06881997624282865
456,5546,5,seed_sum_lastdigit,6,9,26,0.2782874617737003,0.34615384615384615,1.2438715131022824,0.06786638438014586
456,5546,5,seed_sum_mod3,2,42,122,0.2782874617737003,0.3442622950819672,1.2370744010088273,0.06597483330826692
456,5546,5,seed_high_count,2,42,122,0.2782874617737003,0.3442622950819672,1.2370744010088273,0.06597483330826692
456,4456,4,seed_sum_mod3,1,46,106,0.3516819571865443,0.4339622641509434,1.2339622641509436,0.08228030696439909
456,4456,4,seed_sum_lastdigit,9,16,37,0.3516819571865443,0.43243243243243246,1.229612220916569,0.08075047524588813
456,5546,5,seed_lead_band,4-6,35,103,0.2782874617737003,0.33980582524271846,1.2210604929051532,0.06151836346901818
456,6645,6,seed_sum_lastdigit,5,17,38,0.37003058103975534,0.4473684210526316,1.2090039147455416,0.07733784001287625
456,6645,6,seed_sum_mod3,0,44,99,0.37003058103975534,0.4444444444444444,1.2011019283746556,0.07441386340468908
456,6645,6,seed_spread_band,4-6,67,151,0.37003058103975534,0.44370860927152317,1.199113349023042,0.07367802823176783
456,5546,5,seed_sum_lastdigit,2,9,27,0.2782874617737003,0.3333333333333333,1.1978021978021978,0.05504587155963303
456,4456,4,seed_consecutive_pairs,0,45,107,0.3516819571865443,0.4205607476635514,1.1958553433563592,0.06887879047700707
456,4456,4,seed_even_count,3,37,88,0.3516819571865443,0.42045454545454547,1.1955533596837946,0.06877258826800114
456,4456,4,seed_lead_band,7-9,38,91,0.3516819571865443,0.4175824175824176,1.1873865265169614,0.06590046039587327
456,4456,4,seed_high_count,3,32,77,0.3516819571865443,0.4155844155844156,1.1817052512704689,0.06390245839787129
456,6645,6,seed_trail_band,0-3,59,135,0.37003058103975534,0.43703703703703706,1.1810835629017449,0.06700645599728172
456,6645,6,seed_sum_lastdigit,1,17,39,0.37003058103975534,0.4358974358974359,1.1780038143674507,0.06586685485768057
456,5546,5,seed_structure,ABCD,52,159,0.2782874617737003,0.3270440251572327,1.1752021563342319,0.0487565633835324
456,5546,5,seed_unique_count,4,52,159,0.2782874617737003,0.3270440251572327,1.1752021563342319,0.0487565633835324
456,5546,5,seed_repeat_digit,none,52,159,0.2782874617737003,0.3270440251572327,1.1752021563342319,0.0487565633835324
456,6645,6,seed_sum_lastdigit,7,13,30,0.37003058103975534,0.43333333333333335,1.1710743801652894,0.06330275229357801
456,4456,4,seed_vtrac_unique,2,29,71,0.3516819571865443,0.4084507042253521,1.1614206981016535,0.0567687470388078
456,5546,5,seed_sum_band,18-26,52,161,0.2782874617737003,0.32298136645962733,1.160603371783496,0.044693904685927044
456,5546,5,seed_consecutive_pairs,1,50,156,0.2782874617737003,0.32051282051282054,1.1517328825021134,0.042225358739120256
456,4456,4,seed_spread_band,7-9,53,131,0.3516819571865443,0.40458015267175573,1.1504148689014273,0.05289819548521141
456,4456,4,seed_structure,AABC,60,149,0.3516819571865443,0.40268456375838924,1.1450248030347243,0.05100260657184491
456,4456,4,seed_unique_count,3,60,149,0.3516819571865443,0.40268456375838924,1.1450248030347243,0.05100260657184491
456,6645,6,seed_even_count,1,36,85,0.37003058103975534,0.4235294117647059,1.1445794846864366,0.05349883072495054
456,6645,6,seed_high_count,1,36,85,0.37003058103975534,0.4235294117647059,1.1445794846864366,0.05349883072495054
456,5546,5,seed_sum_mod2,0,49,154,0.2782874617737003,0.3181818181818182,1.1433566433566433,0.03989435640811789
456,6645,6,seed_sum_lastdigit,8,13,31,0.37003058103975534,0.41935483870967744,1.1332977872567316,0.0493242576699221
456,5546,5,seed_spread_band,7-9,41,131,0.2782874617737003,0.31297709923664124,1.1246539719822164,0.03468963746294096
456,4456,4,seed_prime_count,1,45,114,0.3516819571865443,0.39473684210526316,1.1224256292906178,0.04305488491871884
456,4456,4,seed_trail_band,7-9,37,94,0.3516819571865443,0.39361702127659576,1.1192414431082331,0.04193506409005143
456,5546,5,seed_sum_lastdigit,3,9,29,0.2782874617737003,0.3103448275862069,1.1151951496779084,0.03205736581250662
456,5546,5,seed_mirror_pairs_any,yes,45,145,0.2782874617737003,0.3103448275862069,1.1151951496779084,0.03205736581250662
457,7745,7,seed_sum_lastdigit,3,16,29,0.32063492063492066,0.5517241379310345,1.7207237965175826,0.2310892172961138
457,4457,4,seed_sum_lastdigit,0,17,33,0.34285714285714286,0.5151515151515151,1.5025252525252524,0.17229437229437228
457,5547,5,seed_sum_lastdigit,8,16,33,0.33650793650793653,0.48484848484848486,1.4408233276157805,0.14834054834054833
457,7745,7,seed_prime_count,3,21,48,0.32063492063492066,0.4375,1.3644801980198018,0.11686507936507934
457,7745,7,seed_sum_mod3,1,42,97,0.32063492063492066,0.4329896907216495,1.3504133918546493,0.11235477008672884
457,4457,4,seed_vtrac_unique,4,24,53,0.34285714285714286,0.4528301886792453,1.320754716981132,0.10997304582210243
457,7745,7,seed_spread_band,0-3,21,50,0.32063492063492066,0.42,1.3099009900990097,0.09936507936507932
457,4457,4,seed_even_count,0,12,27,0.34285714285714286,0.4444444444444444,1.2962962962962963,0.10158730158730156
457,4457,4,seed_sum_band,27-36,11,25,0.34285714285714286,0.44,1.2833333333333334,0.09714285714285714
457,7745,7,seed_sum_lastdigit,1,13,32,0.32063492063492066,0.40625,1.2670173267326732,0.08561507936507934
457,4457,4,seed_sum_lastdigit,4,16,37,0.34285714285714286,0.43243243243243246,1.2612612612612613,0.0895752895752896
457,5547,5,seed_sum_mod3,0,40,95,0.33650793650793653,0.42105263157894735,1.2512413108242302,0.08454469507101081
457,7745,7,seed_trail_band,4-6,35,88,0.32063492063492066,0.3977272727272727,1.2404365436543652,0.07709235209235205
457,7745,7,seed_even_count,1,29,74,0.32063492063492066,0.3918918918918919,1.2222370885737222,0.07125697125697122
457,5547,5,seed_consecutive_pairs,0,48,119,0.33650793650793653,0.40336134453781514,1.1986681465038844,0.0668534080298786
457,7745,7,seed_sum_mod2,1,58,151,0.32063492063492066,0.3841059602649007,1.1979542325093435,0.06347103962998002
457,7745,7,seed_even_count,3,29,77,0.32063492063492066,0.37662337662337664,1.1746174617461747,0.055988455988455976
457,4457,4,seed_unique_count,2,12,30,0.34285714285714286,0.4,1.1666666666666667,0.05714285714285716
457,7745,7,seed_sum_lastdigit,2,10,27,0.32063492063492066,0.37037037037037035,1.1551155115511549,0.04973544973544969
457,7745,7,seed_structure,AABC,53,144,0.32063492063492066,0.3680555555555556,1.1478960396039604,0.04742063492063492
457,7745,7,seed_unique_count,3,53,144,0.32063492063492066,0.3680555555555556,1.1478960396039604,0.04742063492063492
457,7745,7,seed_sum_band,10-17,45,123,0.32063492063492066,0.36585365853658536,1.1410287370200434,0.045218737901664696
457,4457,4,seed_sum_mod3,2,48,123,0.34285714285714286,0.3902439024390244,1.1382113821138211,0.04738675958188154
457,7745,7,seed_consecutive_pairs,1,51,141,0.32063492063492066,0.3617021276595745,1.1280808931957025,0.04106720702465383
457,5547,5,seed_spread_band,7-9,52,137,0.33650793650793653,0.3795620437956204,1.1279438093926455,0.043054107287683885
457,5547,5,seed_mirror_pairs_any,yes,50,132,0.33650793650793653,0.3787878787878788,1.1256432246998285,0.04227994227994225
457,4457,4,seed_trail_band,0-3,51,133,0.34285714285714286,0.38345864661654133,1.118421052631579,0.04060150375939847
457,4457,4,seed_spread_band,4-6,49,128,0.34285714285714286,0.3828125,1.1165364583333333,0.03995535714285714
457,7745,7,seed_sum_lastdigit,5,10,28,0.32063492063492066,0.35714285714285715,1.1138613861386137,0.03650793650793649
457,4457,4,seed_sum_mod2,0,62,164,0.34285714285714286,0.3780487804878049,1.1026422764227641,0.03519163763066202
457,7745,7,seed_sum_lastdigit,6,12,34,0.32063492063492066,0.35294117647058826,1.100757134536983,0.0323062558356676
457,4457,4,seed_lead_band,7-9,38,101,0.34285714285714286,0.37623762376237624,1.0973597359735974,0.03338048090523338
457,5547,5,seed_sum_band,18-26,54,147,0.33650793650793653,0.3673469387755102,1.091644204851752,0.03083900226757369
457,4457,4,seed_prime_count,2,43,115,0.34285714285714286,0.3739130434782609,1.0905797101449275,0.031055900621118016
457,5547,5,seed_prime_count,2,42,115,0.33650793650793653,0.3652173913043478,1.0853158326497128,0.028709454796411293
457,4457,4,seed_mirror_pairs_any,no,68,183,0.34285714285714286,0.37158469945355194,1.0837887067395264,0.028727556596409076
457,7745,7,seed_prime_count,0,17,49,0.32063492063492066,0.3469387755102041,1.082036775106082,0.026303854875283417
457,5547,5,seed_even_count,2,41,113,0.33650793650793653,0.36283185840707965,1.0782267490399065,0.02632392189914312
457,5547,5,seed_trail_band,7-9,34,94,0.33650793650793653,0.3617021276595745,1.0748695303091127,0.025194191151637957
457,5547,5,seed_sum_mod2,0,59,164,0.33650793650793653,0.3597560975609756,1.0690865163368615,0.023248161053039063
458,5548,5,seed_sum_lastdigit,5,14,26,0.30218068535825543,0.5384615384615384,1.7819191118160191,0.236280853103283
458,4458,4,seed_prime_count,3,21,43,0.32398753894080995,0.4883720930232558,1.5073792486583184,0.16438455408244584
458,5548,5,seed_spread_band,0-3,17,41,0.30218068535825543,0.4146341463414634,1.3721398038722656,0.11245346098320796
458,4458,4,seed_sum_lastdigit,9,14,32,0.32398753894080995,0.4375,1.350360576923077,0.11351246105919005
458,8845,8,seed_sum_lastdigit,8,15,31,0.37383177570093457,0.4838709677419355,1.2943548387096775,0.11003919204100093
458,4458,4,seed_lead_band,7-9,35,84,0.32398753894080995,0.4166666666666667,1.2860576923076925,0.09267912772585674
458,4458,4,seed_consecutive_pairs,2,24,58,0.32398753894080995,0.41379310344827586,1.2771883289124668,0.08980556450746591
458,4458,4,seed_even_count,1,25,62,0.32398753894080995,0.4032258064516129,1.2445719602977667,0.07923826751080293
458,5548,5,seed_prime_count,0,18,48,0.30218068535825543,0.375,1.240979381443299,0.07281931464174457
458,4458,4,seed_sum_lastdigit,4,12,30,0.32398753894080995,0.4,1.2346153846153847,0.07601246105919007
458,4458,4,seed_high_count,3,34,85,0.32398753894080995,0.4,1.2346153846153847,0.07601246105919007
458,8845,8,seed_sum_lastdigit,2,15,33,0.37383177570093457,0.45454545454545453,1.2159090909090908,0.08071367884451996
458,5548,5,seed_sum_lastdigit,2,12,33,0.30218068535825543,0.36363636363636365,1.203373945641987,0.06145567827810822
458,4458,4,seed_sum_lastdigit,8,12,31,0.32398753894080995,0.3870967741935484,1.1947890818858562,0.06310923525273843
458,8845,8,seed_sum_lastdigit,0,15,34,0.37383177570093457,0.4411764705882353,1.1801470588235294,0.06734469488730072
458,4458,4,seed_sum_lastdigit,7,11,29,0.32398753894080995,0.3793103448275862,1.1707559681697612,0.05532280588677624
458,5548,5,seed_sum_lastdigit,0,12,34,0.30218068535825543,0.35294117647058826,1.1679805942995756,0.05076049111233283
458,8845,8,seed_sum_mod2,0,75,172,0.37383177570093457,0.436046511627907,1.1664244186046513,0.06221473592697241
458,4458,4,seed_sum_mod2,1,56,149,0.32398753894080995,0.37583892617449666,1.1600413009808983,0.05185138723368671
458,5548,5,seed_consecutive_pairs,1,55,158,0.30218068535825543,0.34810126582278483,1.1519639827743706,0.045920580464529404
458,8845,8,seed_lead_band,0-3,57,134,0.37383177570093457,0.4253731343283582,1.1378731343283583,0.05154135862742365
458,8845,8,seed_prime_count,1,53,125,0.37383177570093457,0.424,1.1342,0.05016822429906542
458,8845,8,seed_high_count,1,30,71,0.37383177570093457,0.4225352112676056,1.130281690140845,0.04870343556667106
458,5548,5,seed_sum_lastdigit,6,15,44,0.30218068535825543,0.3409090909090909,1.1281630740393627,0.038728405550835454
458,5548,5,seed_trail_band,7-9,35,103,0.30218068535825543,0.33980582524271846,1.1245120608547694,0.03762513988446303
458,5548,5,seed_even_count,1,21,62,0.30218068535825543,0.3387096774193548,1.1208846025939474,0.036528992061099386
458,4458,4,seed_trail_band,4-6,34,94,0.32398753894080995,0.3617021276595745,1.1164075286415713,0.03771458871876454
458,4458,4,seed_spread_band,4-6,52,144,0.32398753894080995,0.3611111111111111,1.1145833333333335,0.037123572170301156
458,8845,8,seed_even_count,2,55,132,0.37383177570093457,0.4166666666666667,1.1145833333333335,0.04283489096573212
458,4458,4,seed_sum_lastdigit,3,14,39,0.32398753894080995,0.358974358974359,1.1079881656804735,0.034986820033549026
458,8845,8,seed_high_count,2,53,128,0.37383177570093457,0.4140625,1.1076171875,0.040230724299065435
458,4458,4,seed_vtrac_unique,2,24,67,0.32398753894080995,0.3582089552238806,1.105625717566016,0.03422141628307063
458,5548,5,seed_sum_mod3,2,37,111,0.30218068535825543,0.3333333333333333,1.1030927835051547,0.031152647975077885
458,4458,4,seed_vtrac_unique,4,25,70,0.32398753894080995,0.35714285714285715,1.102335164835165,0.0331553182020472
458,4458,4,seed_even_count,3,31,87,0.32398753894080995,0.3563218390804598,1.0998010610079576,0.03233430013964983
458,8845,8,seed_sum_band,10-17,53,129,0.37383177570093457,0.4108527131782946,1.099031007751938,0.037020937477360016
458,8845,8,seed_sum_lastdigit,6,18,44,0.37383177570093457,0.4090909090909091,1.094318181818182,0.03525913338997455
458,5548,5,seed_prime_count,2,32,97,0.30218068535825543,0.32989690721649484,1.0917206929535552,0.02771622185823941
458,5548,5,seed_vtrac_unique,3,60,182,0.30218068535825543,0.32967032967032966,1.090970884785318,0.027489644312074235
458,4458,4,seed_structure,AABC,47,133,0.32398753894080995,0.3533834586466165,1.0907316367842683,0.029395919705806572
459,9945,9,seed_unique_count,2,13,27,0.3141891891891892,0.48148148148148145,1.5324571883711666,0.16729229229229226
459,5549,5,seed_sum_lastdigit,8,17,33,0.3614864864864865,0.5151515151515151,1.4250920419144717,0.15366502866502862
459,4459,4,seed_sum_lastdigit,2,15,34,0.32432432432432434,0.4411764705882353,1.3602941176470587,0.11685214626391094
459,9945,9,seed_sum_lastdigit,9,12,29,0.3141891891891892,0.41379310344827586,1.3170189098998888,0.09960391425908666
459,4459,4,seed_sum_lastdigit,6,14,33,0.32432432432432434,0.42424242424242425,1.308080808080808,0.09991809991809991
459,9945,9,seed_even_count,1,29,72,0.3141891891891892,0.4027777777777778,1.2819593787335724,0.08858858858858859
459,9945,9,seed_sum_lastdigit,5,10,25,0.3141891891891892,0.4,1.2731182795698925,0.08581081081081082
459,9945,9,seed_vtrac_unique,2,27,68,0.3141891891891892,0.39705882352941174,1.2637571157495255,0.08286963434022254
459,4459,4,seed_sum_lastdigit,1,10,25,0.32432432432432434,0.4,1.2333333333333334,0.07567567567567568
459,5549,5,seed_high_count,1,30,68,0.3614864864864865,0.4411764705882353,1.2204507971412863,0.07968998410174877
459,4459,4,seed_consecutive_pairs,2,16,41,0.32432432432432434,0.3902439024390244,1.203252032520325,0.06591957811470006
459,4459,4,seed_sum_mod3,2,37,97,0.32432432432432434,0.38144329896907214,1.1761168384879723,0.0571189746447478
459,9945,9,seed_sum_mod2,1,51,139,0.3141891891891892,0.3669064748201439,1.167788349965189,0.05271728563095468
459,5549,5,seed_sum_mod3,0,43,102,0.3614864864864865,0.4215686274509804,1.1662085394905626,0.06008214096449388
459,9945,9,seed_prime_count,0,16,44,0.3141891891891892,0.36363636363636365,1.1573802541544478,0.04944717444717445
459,9945,9,seed_high_count,3,25,69,0.3141891891891892,0.36231884057971014,1.1531868474364968,0.048129651390520944
459,4459,4,seed_even_count,3,25,67,0.32432432432432434,0.373134328358209,1.150497512437811,0.048810004033884635
459,9945,9,seed_sum_mod3,1,35,97,0.3141891891891892,0.36082474226804123,1.1484314377563463,0.04663555307885203
459,4459,4,seed_even_count,2,45,122,0.32432432432432434,0.36885245901639346,1.1372950819672132,0.04452813469206912
459,4459,4,seed_vtrac_unique,4,18,49,0.32432432432432434,0.3673469387755102,1.1326530612244898,0.04302261445118588
459,5549,5,seed_sum_band,0-9,11,27,0.3614864864864865,0.4074074074074074,1.1270335756317063,0.04592092092092087
459,4459,4,seed_trail_band,7-9,32,89,0.32432432432432434,0.3595505617977528,1.1086142322097376,0.03522623747342846
459,5549,5,seed_sum_lastdigit,1,10,25,0.3614864864864865,0.4,1.1065420560747663,0.03851351351351351
459,4459,4,seed_sum_mod2,0,56,157,0.32432432432432434,0.35668789808917195,1.0997876857749467,0.03236357376484761
459,9945,9,seed_lead_band,0-3,40,116,0.3141891891891892,0.3448275862068966,1.0975157582499073,0.030638397017707375
459,5549,5,seed_prime_count,3,17,43,0.3614864864864865,0.3953488372093023,1.0936752879808735,0.03386235072281579
459,4459,4,seed_mirror_pairs_any,no,58,164,0.32432432432432434,0.35365853658536583,1.0904471544715446,0.029334212261041492
459,5549,5,seed_sum_lastdigit,0,13,33,0.3614864864864865,0.3939393939393939,1.0897762673463607,0.03245290745290741
459,9945,9,seed_consecutive_pairs,1,47,139,0.3141891891891892,0.3381294964028777,1.0761971068306644,0.023940307213688505
459,5549,5,seed_even_count,1,28,72,0.3614864864864865,0.3888888888888889,1.0758047767393562,0.02740240240240238
459,4459,4,seed_sum_band,10-17,38,109,0.32432432432432434,0.3486238532110092,1.0749235474006116,0.02429952888668485
459,4459,4,seed_high_count,2,41,118,0.32432432432432434,0.3474576271186441,1.0713276836158192,0.023133302794319743
459,5549,5,seed_spread_band,7-9,46,119,0.3614864864864865,0.3865546218487395,1.06934736511427,0.025068135362252997
459,9945,9,seed_sum_band,18-26,47,140,0.3141891891891892,0.3357142857142857,1.0685099846390167,0.021525096525096488
459,5549,5,seed_vtrac_unique,3,67,174,0.3614864864864865,0.3850574712643678,1.0652057148995595,0.023570984777881276
459,4459,4,seed_spread_band,0-3,19,55,0.32432432432432434,0.34545454545454546,1.0651515151515152,0.021130221130221116
459,5549,5,seed_lead_band,7-9,33,86,0.3614864864864865,0.38372093023255816,1.061508367746142,0.02223444374607164
459,9945,9,seed_sum_band,0-9,9,27,0.3141891891891892,0.3333333333333333,1.0609318996415769,0.019144144144144115
459,9945,9,seed_mirror_pairs_any,yes,44,132,0.3141891891891892,0.3333333333333333,1.0609318996415769,0.019144144144144115
459,9945,9,seed_consecutive_pairs,0,35,106,0.3141891891891892,0.330188679245283,1.0509231081355244,0.0159994900560938
467,6647,6,seed_sum_lastdigit,7,17,35,0.29411764705882354,0.4857142857142857,1.6514285714285715,0.19159663865546217
467,4467,4,seed_sum_lastdigit,6,13,26,0.3333333333333333,0.5,1.5,0.16666666666666669
467,4467,4,seed_sum_lastdigit,0,14,29,0.3333333333333333,0.4827586206896552,1.4482758620689657,0.14942528735632188
467,6647,6,seed_even_count,1,33,78,0.29411764705882354,0.4230769230769231,1.4384615384615385,0.12895927601809953
467,6647,6,seed_sum_lastdigit,5,11,27,0.29411764705882354,0.4074074074074074,1.385185185185185,0.11328976034858385
467,4467,4,seed_vtrac_unique,4,25,56,0.3333333333333333,0.44642857142857145,1.3392857142857144,0.11309523809523814
467,4467,4,seed_sum_lastdigit,9,12,28,0.3333333333333333,0.42857142857142855,1.2857142857142858,0.09523809523809523
467,4467,4,seed_consecutive_pairs,2,24,56,0.3333333333333333,0.42857142857142855,1.2857142857142858,0.09523809523809523
467,7746,7,seed_sum_lastdigit,1,14,30,0.37254901960784315,0.4666666666666667,1.2526315789473683,0.09411764705882353
467,7746,7,seed_spread_band,0-3,21,45,0.37254901960784315,0.4666666666666667,1.2526315789473683,0.09411764705882353
467,4467,4,seed_even_count,2,49,119,0.3333333333333333,0.4117647058823529,1.2352941176470589,0.0784313725490196
467,6647,6,seed_sum_mod2,1,54,151,0.29411764705882354,0.3576158940397351,1.2158940397350992,0.06349824698091155
467,7746,7,seed_sum_lastdigit,3,14,31,0.37254901960784315,0.45161290322580644,1.2122241086587435,0.0790638836179633
467,4467,4,seed_sum_mod3,1,41,102,0.3333333333333333,0.4019607843137255,1.2058823529411766,0.06862745098039219
467,7746,7,seed_sum_lastdigit,8,17,38,0.37254901960784315,0.4473684210526316,1.200831024930748,0.07481940144478844
467,4467,4,seed_sum_mod2,0,62,155,0.3333333333333333,0.4,1.2000000000000002,0.06666666666666671
467,4467,4,seed_vtrac_unique,2,28,70,0.3333333333333333,0.4,1.2000000000000002,0.06666666666666671
467,6647,6,seed_prime_count,3,20,57,0.29411764705882354,0.3508771929824561,1.1929824561403508,0.05675954592363258
467,7746,7,seed_structure,AABC,56,127,0.37254901960784315,0.4409448818897638,1.1835888934935763,0.06839586228192063
467,7746,7,seed_unique_count,3,56,127,0.37254901960784315,0.4409448818897638,1.1835888934935763,0.06839586228192063
467,6647,6,seed_sum_band,10-17,41,119,0.29411764705882354,0.3445378151260504,1.1714285714285715,0.05042016806722688
467,6647,6,seed_spread_band,7-9,43,125,0.29411764705882354,0.344,1.1696,0.04988235294117643
467,6647,6,seed_high_count,3,22,64,0.29411764705882354,0.34375,1.16875,0.04963235294117646
467,4467,4,seed_sum_lastdigit,2,14,36,0.3333333333333333,0.3888888888888889,1.1666666666666667,0.05555555555555558
467,6647,6,seed_prime_count,0,13,38,0.29411764705882354,0.34210526315789475,1.1631578947368422,0.047987616099071206
467,7746,7,seed_prime_count,1,40,93,0.37254901960784315,0.43010752688172044,1.1544991511035654,0.05755850727387729
467,6647,6,seed_sum_lastdigit,1,10,30,0.29411764705882354,0.3333333333333333,1.1333333333333333,0.039215686274509776
467,7746,7,seed_vtrac_unique,3,75,178,0.37254901960784315,0.42134831460674155,1.1309875813128325,0.0487992949988984
467,7746,7,seed_mirror_pairs_any,no,66,158,0.37254901960784315,0.4177215189873418,1.1212524983344436,0.04517249937949863
467,4467,4,seed_structure,ABCD,59,158,0.3333333333333333,0.37341772151898733,1.120253164556962,0.04008438818565402
467,4467,4,seed_unique_count,4,59,158,0.3333333333333333,0.37341772151898733,1.120253164556962,0.04008438818565402
467,4467,4,seed_repeat_digit,none,59,158,0.3333333333333333,0.37341772151898733,1.120253164556962,0.04008438818565402
467,6647,6,seed_mirror_pairs_any,yes,48,148,0.29411764705882354,0.32432432432432434,1.1027027027027028,0.030206677265500803
467,4467,4,seed_lead_band,4-6,30,82,0.3333333333333333,0.36585365853658536,1.0975609756097562,0.03252032520325204
467,6647,6,seed_sum_mod3,2,30,93,0.29411764705882354,0.3225806451612903,1.096774193548387,0.028462998102466774
467,6647,6,seed_sum_lastdigit,3,10,31,0.29411764705882354,0.3225806451612903,1.096774193548387,0.028462998102466774
467,4467,4,seed_high_count,2,47,129,0.3333333333333333,0.3643410852713178,1.0930232558139534,0.031007751937984496
467,6647,6,seed_vtrac_unique,3,56,178,0.29411764705882354,0.3146067415730337,1.0696629213483146,0.02048909451421016
467,4467,4,seed_sum_band,18-26,52,146,0.3333333333333333,0.3561643835616438,1.0684931506849316,0.0228310502283105
467,7746,7,seed_sum_mod3,2,37,93,0.37254901960784315,0.3978494623655914,1.067911714770798,0.02530044275774823
468,6648,6,seed_sum_lastdigit,1,16,26,0.38545454545454544,0.6153846153846154,1.5965166908563138,0.22993006993006998
468,4468,4,seed_sum_lastdigit,7,14,29,0.32727272727272727,0.4827586206896552,1.475095785440613,0.15548589341692792
468,8846,8,seed_prime_count,3,18,46,0.2872727272727273,0.391304347826087,1.3621353880022014,0.10403162055335968
468,6648,6,seed_vtrac_unique,2,32,63,0.38545454545454544,0.5079365079365079,1.317759808325846,0.12248196248196247
468,4468,4,seed_spread_band,0-3,14,34,0.32727272727272727,0.4117647058823529,1.2581699346405228,0.08449197860962565
468,8846,8,seed_sum_lastdigit,5,10,28,0.2872727272727273,0.35714285714285715,1.2432188065099457,0.06987012987012986
468,8846,8,seed_even_count,2,33,93,0.2872727272727273,0.3548387096774194,1.2351980400163332,0.06756598240469208
468,4468,4,seed_sum_lastdigit,0,14,35,0.32727272727272727,0.4,1.2222222222222223,0.07272727272727275
468,4468,4,seed_sum_lastdigit,9,14,35,0.32727272727272727,0.4,1.2222222222222223,0.07272727272727275
468,8846,8,seed_vtrac_unique,3,53,151,0.2872727272727273,0.3509933774834437,1.221812389974013,0.06372065021071643
468,8846,8,seed_structure,ABCD,47,136,0.2872727272727273,0.34558823529411764,1.2029970215934473,0.05831550802139035
468,8846,8,seed_unique_count,4,47,136,0.2872727272727273,0.34558823529411764,1.2029970215934473,0.05831550802139035
468,8846,8,seed_repeat_digit,none,47,136,0.2872727272727273,0.34558823529411764,1.2029970215934473,0.05831550802139035
468,6648,6,seed_sum_mod3,0,37,80,0.38545454545454544,0.4625,1.1998820754716981,0.07704545454545458
468,4468,4,seed_sum_mod3,2,40,102,0.32727272727272727,0.39215686274509803,1.1982570806100217,0.06488413547237076
468,4468,4,seed_vtrac_unique,4,23,59,0.32727272727272727,0.3898305084745763,1.1911487758945387,0.06255778120184902
468,6648,6,seed_consecutive_pairs,0,39,85,0.38545454545454544,0.4588235294117647,1.1903440621531631,0.07336898395721925
468,8846,8,seed_mirror_pairs_any,yes,42,123,0.2872727272727273,0.34146341463414637,1.1886384686631677,0.054190687361419076
468,8846,8,seed_prime_count,0,15,44,0.2872727272727273,0.3409090909090909,1.1867088607594936,0.05363636363636359
468,8846,8,seed_trail_band,0-3,35,104,0.2872727272727273,0.33653846153846156,1.1714946445959105,0.04926573426573427
468,4468,4,seed_mirror_pairs_any,no,58,152,0.32727272727272727,0.3815789473684211,1.16593567251462,0.0543062200956938
468,8846,8,seed_sum_mod2,0,42,129,0.2872727272727273,0.32558139534883723,1.1333529584927877,0.03830866807610994
468,8846,8,seed_consecutive_pairs,2,13,40,0.2872727272727273,0.325,1.1313291139240507,0.03772727272727272
468,4468,4,seed_trail_band,7-9,27,73,0.32727272727272727,0.3698630136986301,1.1301369863013697,0.042590286425902846
468,4468,4,seed_prime_count,2,33,90,0.32727272727272727,0.36666666666666664,1.1203703703703702,0.03939393939393937
468,8846,8,seed_sum_lastdigit,3,9,28,0.2872727272727273,0.32142857142857145,1.1188969258589512,0.03415584415584416
468,6648,6,seed_trail_band,4-6,42,98,0.38545454545454544,0.42857142857142855,1.1118598382749325,0.04311688311688311
468,4468,4,seed_even_count,3,28,77,0.32727272727272727,0.36363636363636365,1.1111111111111112,0.036363636363636376
468,8846,8,seed_high_count,1,20,63,0.2872727272727273,0.31746031746031744,1.105083383564396,0.030187590187590152
468,8846,8,seed_consecutive_pairs,1,46,145,0.2872727272727273,0.31724137931034485,1.1043212570929726,0.02996865203761756
468,8846,8,seed_lead_band,4-6,29,92,0.2872727272727273,0.31521739130434784,1.0972757292239956,0.027944664031620547
468,6648,6,seed_even_count,1,29,69,0.38545454545454544,0.42028985507246375,1.0903746240087504,0.03483530961791831
468,4468,4,seed_sum_band,18-26,48,135,0.32727272727272727,0.35555555555555557,1.0864197530864197,0.0282828282828283
468,8846,8,seed_sum_mod3,1,29,93,0.2872727272727273,0.3118279569892473,1.0854770654688988,0.02455522971652002
468,6648,6,seed_spread_band,4-6,51,122,0.38545454545454544,0.4180327868852459,1.0845190225796475,0.03257824143070048
468,6648,6,seed_structure,AABC,52,125,0.38545454545454544,0.416,1.079245283018868,0.030545454545454542
468,6648,6,seed_unique_count,3,52,125,0.38545454545454544,0.416,1.079245283018868,0.030545454545454542
468,4468,4,seed_spread_band,7-9,42,119,0.32727272727272727,0.35294117647058826,1.0784313725490198,0.025668449197860987
468,6648,6,seed_sum_lastdigit,7,12,29,0.38545454545454544,0.41379310344827586,1.073519843851659,0.028338557993730418
468,8846,8,seed_high_count,3,22,72,0.2872727272727273,0.3055555555555556,1.0636427566807314,0.01828282828282829
469,6649,6,seed_prime_count,0,16,33,0.31785714285714284,0.48484848484848486,1.5253660197480423,0.16699134199134202
469,6649,6,seed_sum_lastdigit,2,13,29,0.31785714285714284,0.4482758620689655,1.4103060829135994,0.1304187192118227
469,9946,9,seed_sum_lastdigit,4,15,31,0.35,0.4838709677419355,1.382488479262673,0.13387096774193552
469,9946,9,seed_sum_lastdigit,7,16,34,0.35,0.47058823529411764,1.3445378151260505,0.12058823529411766
469,6649,6,seed_prime_count,3,16,38,0.31785714285714284,0.42105263157894735,1.3246599645180366,0.1031954887218045
469,4469,4,seed_vtrac_unique,2,25,57,0.33214285714285713,0.43859649122807015,1.3205055649877382,0.10645363408521302
469,4469,4,seed_sum_lastdigit,2,12,29,0.33214285714285713,0.41379310344827586,1.2458286985539488,0.08165024630541873
469,4469,4,seed_sum_lastdigit,0,13,32,0.33214285714285713,0.40625,1.2231182795698925,0.07410714285714287
469,9946,9,seed_trail_band,4-6,35,82,0.35,0.4268292682926829,1.2195121951219512,0.07682926829268294
469,6649,6,seed_sum_mod3,0,38,100,0.31785714285714284,0.38,1.195505617977528,0.062142857142857166
469,4469,4,seed_consecutive_pairs,2,18,46,0.33214285714285713,0.391304347826087,1.1781206171107996,0.059161490683229845
469,9946,9,seed_prime_count,1,44,107,0.35,0.411214953271028,1.1748998664886516,0.06121495327102805
469,4469,4,seed_high_count,1,28,72,0.33214285714285713,0.3888888888888889,1.1708482676224612,0.056746031746031766
469,9946,9,seed_high_count,2,39,97,0.35,0.4020618556701031,1.1487481590574375,0.05206185567010313
469,4469,4,seed_spread_band,4-6,44,116,0.33214285714285713,0.3793103448275862,1.1420096403411197,0.04716748768472906
469,6649,6,seed_consecutive_pairs,0,33,92,0.31785714285714284,0.358695652173913,1.1284807034684905,0.04083850931677019
469,9946,9,seed_sum_lastdigit,1,15,38,0.35,0.39473684210526316,1.1278195488721805,0.044736842105263186
469,4469,4,seed_sum_mod3,1,29,78,0.33214285714285713,0.3717948717948718,1.1193824097049905,0.03965201465201468
469,9946,9,seed_lead_band,7-9,34,87,0.35,0.39080459770114945,1.1165845648604271,0.04080459770114947
469,9946,9,seed_even_count,1,25,64,0.35,0.390625,1.1160714285714286,0.04062500000000002
469,4469,4,seed_prime_count,3,14,38,0.33214285714285713,0.3684210526315789,1.1092246745897,0.0362781954887218
469,9946,9,seed_vtrac_unique,3,67,173,0.35,0.3872832369942196,1.106523534269199,0.03728323699421965
469,6649,6,seed_even_count,2,32,91,0.31785714285714284,0.3516483516483517,1.1063094209161626,0.03379120879120884
469,4469,4,seed_vtrac_unique,4,18,49,0.33214285714285713,0.3673469387755102,1.1059907834101383,0.035204081632653095
469,4469,4,seed_sum_mod3,2,37,102,0.33214285714285713,0.3627450980392157,1.0921357790428,0.030602240896358546
469,6649,6,seed_trail_band,0-3,38,110,0.31785714285714284,0.34545454545454546,1.08682328907048,0.02759740259740262
469,6649,6,seed_structure,AABC,41,119,0.31785714285714284,0.3445378151260504,1.0839391936549903,0.02668067226890758
469,6649,6,seed_unique_count,3,41,119,0.31785714285714284,0.3445378151260504,1.0839391936549903,0.02668067226890758
469,9946,9,seed_spread_band,7-9,50,132,0.35,0.3787878787878788,1.0822510822510822,0.028787878787878807
469,6649,6,seed_sum_lastdigit,5,11,32,0.31785714285714284,0.34375,1.0814606741573034,0.025892857142857162
469,6649,6,seed_sum_lastdigit,1,13,38,0.31785714285714284,0.34210526315789475,1.0762862211709048,0.024248120300751907
469,6649,6,seed_high_count,3,26,76,0.31785714285714284,0.34210526315789475,1.0762862211709048,0.024248120300751907
469,4469,4,seed_mirror_pairs_any,yes,46,129,0.33214285714285713,0.35658914728682173,1.0736017337667751,0.0244462901439646
469,9946,9,seed_spread_band,0-3,12,32,0.35,0.375,1.0714285714285714,0.025000000000000022
469,4469,4,seed_trail_band,0-3,39,110,0.33214285714285713,0.35454545454545455,1.0674486803519063,0.022402597402597424
469,9946,9,seed_sum_mod2,1,56,150,0.35,0.37333333333333335,1.0666666666666669,0.023333333333333373
469,9946,9,seed_structure,ABCD,53,142,0.35,0.3732394366197183,1.0663983903420524,0.023239436619718334
469,9946,9,seed_unique_count,4,53,142,0.35,0.3732394366197183,1.0663983903420524,0.023239436619718334
469,9946,9,seed_repeat_digit,none,53,142,0.35,0.3732394366197183,1.0663983903420524,0.023239436619718334
469,4469,4,seed_sum_mod2,0,46,130,0.33214285714285713,0.35384615384615387,1.065343258891646,0.021703296703296737
478,8847,8,seed_spread_band,0-3,16,34,0.3137931034482759,0.47058823529411764,1.4996767937944409,0.15679513184584176
478,8847,8,seed_high_count,4,13,28,0.3137931034482759,0.4642857142857143,1.4795918367346939,0.15049261083743842
478,8847,8,seed_prime_count,0,19,41,0.3137931034482759,0.4634146341463415,1.4768158670597695,0.1496215306980656
478,7748,7,seed_sum_band,0-9,12,25,0.33793103448275863,0.48,1.420408163265306,0.14206896551724135
478,8847,8,seed_sum_lastdigit,4,15,34,0.3137931034482759,0.4411764705882353,1.4059469941822882,0.1273833671399594
478,8847,8,seed_sum_lastdigit,7,15,34,0.3137931034482759,0.4411764705882353,1.4059469941822882,0.1273833671399594
478,4478,4,seed_sum_band,27-36,14,29,0.3482758620689655,0.4827586206896552,1.3861386138613863,0.1344827586206897
478,7748,7,seed_sum_lastdigit,0,12,26,0.33793103448275863,0.46153846153846156,1.3657770800627944,0.12360742705570293
478,8847,8,seed_even_count,3,30,71,0.3137931034482759,0.4225352112676056,1.3465407831605014,0.10874210781932975
478,8847,8,seed_sum_band,27-36,12,29,0.3137931034482759,0.41379310344827586,1.3186813186813187,0.09999999999999998
478,8847,8,seed_lead_band,7-9,37,91,0.3137931034482759,0.4065934065934066,1.2957372298031637,0.09280030314513071
478,4478,4,seed_sum_lastdigit,9,12,27,0.3482758620689655,0.4444444444444444,1.2761276127612762,0.09616858237547893
478,4478,4,seed_prime_count,2,46,104,0.3482758620689655,0.4423076923076923,1.2699923838537701,0.0940318302387268
478,4478,4,seed_even_count,1,30,68,0.3482758620689655,0.4411764705882353,1.2667443214909726,0.09290060851926979
478,8847,8,seed_structure,AABC,46,116,0.3137931034482759,0.39655172413793105,1.2637362637362637,0.08275862068965517
478,8847,8,seed_unique_count,3,46,116,0.3137931034482759,0.39655172413793105,1.2637362637362637,0.08275862068965517
478,8847,8,seed_vtrac_unique,2,21,53,0.3137931034482759,0.39622641509433965,1.262699564586357,0.08243331164606377
478,7748,7,seed_high_count,1,32,77,0.33793103448275863,0.4155844155844156,1.2297906175457196,0.07765338110165698
478,7748,7,seed_lead_band,0-3,46,112,0.33793103448275863,0.4107142857142857,1.2153790087463556,0.07278325123152707
478,4478,4,seed_sum_lastdigit,0,11,26,0.3482758620689655,0.4230769230769231,1.2147753236862149,0.07480106100795758
478,4478,4,seed_sum_lastdigit,8,12,29,0.3482758620689655,0.41379310344827586,1.1881188118811883,0.06551724137931036
478,4478,4,seed_lead_band,4-6,36,87,0.3482758620689655,0.41379310344827586,1.1881188118811883,0.06551724137931036
478,7748,7,seed_vtrac_unique,4,26,65,0.33793103448275863,0.4,1.183673469387755,0.06206896551724139
478,7748,7,seed_structure,ABCD,61,153,0.33793103448275863,0.39869281045751637,1.1798052554355076,0.06076177597475774
478,7748,7,seed_unique_count,4,61,153,0.33793103448275863,0.39869281045751637,1.1798052554355076,0.06076177597475774
478,7748,7,seed_repeat_digit,none,61,153,0.33793103448275863,0.39869281045751637,1.1798052554355076,0.06076177597475774
478,8847,8,seed_trail_band,7-9,36,98,0.3137931034482759,0.3673469387755102,1.1706660686252524,0.053553835327234345
478,8847,8,seed_sum_mod3,0,29,79,0.3137931034482759,0.3670886075949367,1.1698428154124356,0.053295504146660844
478,8847,8,seed_sum_lastdigit,1,11,30,0.3137931034482759,0.36666666666666664,1.1684981684981683,0.05287356321839076
478,7748,7,seed_prime_count,3,14,36,0.33793103448275863,0.3888888888888889,1.1507936507936507,0.050957854406130265
478,8847,8,seed_prime_count,3,13,36,0.3137931034482759,0.3611111111111111,1.1507936507936507,0.047318007662835226
478,8847,8,seed_sum_lastdigit,3,9,25,0.3137931034482759,0.36,1.1472527472527472,0.04620689655172411
478,4478,4,seed_high_count,3,30,76,0.3482758620689655,0.39473684210526316,1.1334028139656072,0.04646098003629767
478,7748,7,seed_sum_lastdigit,7,13,34,0.33793103448275863,0.38235294117647056,1.1314525810324128,0.04442190669371193
478,4478,4,seed_sum_lastdigit,6,13,33,0.3482758620689655,0.3939393939393939,1.1311131113111312,0.04566353187042843
478,4478,4,seed_high_count,4,11,28,0.3482758620689655,0.39285714285714285,1.1280056577086282,0.04458128078817736
478,7748,7,seed_sum_lastdigit,8,11,29,0.33793103448275863,0.3793103448275862,1.1224489795918366,0.04137931034482756
478,4478,4,seed_consecutive_pairs,2,23,59,0.3482758620689655,0.3898305084745763,1.1193153213626448,0.041554646405610796
478,7748,7,seed_sum_band,10-17,41,109,0.33793103448275863,0.3761467889908257,1.1130874368095862,0.03821575450806708
478,7748,7,seed_consecutive_pairs,2,22,59,0.33793103448275863,0.3728813559322034,1.103424420615704,0.034950321449444766
479,9947,9,seed_sum_lastdigit,2,18,36,0.3238095238095238,0.5,1.5441176470588234,0.17619047619047618
479,4479,4,seed_even_count,0,14,28,0.3333333333333333,0.5,1.5,0.16666666666666669
479,9947,9,seed_sum_lastdigit,3,13,28,0.3238095238095238,0.4642857142857143,1.4338235294117647,0.14047619047619048
479,7749,7,seed_sum_lastdigit,0,16,33,0.34285714285714286,0.48484848484848486,1.4141414141414141,0.141991341991342
479,4479,4,seed_sum_lastdigit,8,12,26,0.3333333333333333,0.46153846153846156,1.3846153846153848,0.12820512820512825
479,4479,4,seed_sum_lastdigit,9,13,29,0.3333333333333333,0.4482758620689655,1.3448275862068966,0.11494252873563221
479,7749,7,seed_vtrac_unique,4,28,63,0.34285714285714286,0.4444444444444444,1.2962962962962963,0.10158730158730156
479,9947,9,seed_sum_lastdigit,6,15,36,0.3238095238095238,0.4166666666666667,1.286764705882353,0.09285714285714286
479,7749,7,seed_sum_lastdigit,7,14,32,0.34285714285714286,0.4375,1.2760416666666667,0.09464285714285714
479,9947,9,seed_sum_mod3,1,48,118,0.3238095238095238,0.4067796610169492,1.2562313060817547,0.08297013720742535
479,9947,9,seed_prime_count,0,17,43,0.3238095238095238,0.3953488372093023,1.2209302325581395,0.07153931339977848
479,7749,7,seed_high_count,2,49,118,0.34285714285714286,0.4152542372881356,1.2111581920903955,0.07239709443099274
479,7749,7,seed_sum_mod3,2,44,106,0.34285714285714286,0.41509433962264153,1.2106918238993711,0.07223719676549867
479,4479,4,seed_spread_band,0-3,18,45,0.3333333333333333,0.4,1.2000000000000002,0.06666666666666671
479,4479,4,seed_even_count,1,30,75,0.3333333333333333,0.4,1.2000000000000002,0.06666666666666671
479,7749,7,seed_consecutive_pairs,2,23,56,0.34285714285714286,0.4107142857142857,1.1979166666666665,0.06785714285714284
479,9947,9,seed_high_count,1,30,78,0.3238095238095238,0.38461538461538464,1.1877828054298643,0.06080586080586081
479,9947,9,seed_even_count,2,43,112,0.3238095238095238,0.38392857142857145,1.1856617647058825,0.06011904761904763
479,7749,7,seed_sum_lastdigit,1,12,30,0.34285714285714286,0.4,1.1666666666666667,0.05714285714285716
479,4479,4,seed_sum_lastdigit,6,14,36,0.3333333333333333,0.3888888888888889,1.1666666666666667,0.05555555555555558
479,4479,4,seed_consecutive_pairs,0,40,103,0.3333333333333333,0.3883495145631068,1.1650485436893205,0.055016181229773475
479,9947,9,seed_consecutive_pairs,1,57,152,0.3238095238095238,0.375,1.1580882352941175,0.051190476190476175
479,7749,7,seed_sum_lastdigit,4,11,28,0.34285714285714286,0.39285714285714285,1.1458333333333333,0.04999999999999999
479,7749,7,seed_mirror_pairs_any,no,69,178,0.34285714285714286,0.38764044943820225,1.1306179775280898,0.04478330658105939
479,7749,7,seed_sum_lastdigit,9,11,29,0.34285714285714286,0.3793103448275862,1.1063218390804597,0.03645320197044333
479,7749,7,seed_spread_band,7-9,47,124,0.34285714285714286,0.3790322580645161,1.105510752688172,0.036175115207373265
479,4479,4,seed_trail_band,7-9,34,93,0.3333333333333333,0.3655913978494624,1.0967741935483872,0.03225806451612906
479,4479,4,seed_vtrac_unique,2,23,63,0.3333333333333333,0.36507936507936506,1.0952380952380953,0.031746031746031744
479,4479,4,seed_mirror_pairs_any,yes,50,137,0.3333333333333333,0.36496350364963503,1.094890510948905,0.03163017031630172
479,9947,9,seed_sum_band,10-17,48,136,0.3238095238095238,0.35294117647058826,1.0899653979238755,0.029131652661064433
479,9947,9,seed_vtrac_unique,3,66,187,0.3238095238095238,0.35294117647058826,1.0899653979238755,0.029131652661064433
479,9947,9,seed_mirror_pairs_any,yes,48,137,0.3238095238095238,0.35036496350364965,1.082009446114212,0.026555439694125826
479,7749,7,seed_even_count,3,30,81,0.34285714285714286,0.37037037037037035,1.0802469135802468,0.02751322751322749
479,7749,7,seed_sum_band,18-26,51,138,0.34285714285714286,0.3695652173913043,1.0778985507246377,0.026708074534161463
479,4479,4,seed_sum_lastdigit,3,10,28,0.3333333333333333,0.35714285714285715,1.0714285714285716,0.023809523809523836
479,9947,9,seed_lead_band,0-3,45,130,0.3238095238095238,0.34615384615384615,1.0690045248868778,0.02234432234432232
479,9947,9,seed_sum_mod2,0,55,159,0.3238095238095238,0.34591194968553457,1.0682574916759155,0.022102425876010745
479,7749,7,seed_prime_count,2,42,115,0.34285714285714286,0.3652173913043478,1.065217391304348,0.022360248447204967
479,7749,7,seed_lead_band,7-9,32,88,0.34285714285714286,0.36363636363636365,1.0606060606060606,0.020779220779220786
479,4479,4,seed_sum_mod3,0,32,91,0.3333333333333333,0.3516483516483517,1.0549450549450552,0.01831501831501836
489,4489,4,seed_sum_lastdigit,5,12,25,0.32646048109965636,0.48,1.470315789473684,0.15353951890034362
489,4489,4,seed_sum_lastdigit,6,14,30,0.32646048109965636,0.4666666666666667,1.4294736842105262,0.1402061855670103
489,9948,9,seed_sum_lastdigit,7,12,28,0.30927835051546393,0.42857142857142855,1.3857142857142857,0.11929307805596462
489,9948,9,seed_sum_lastdigit,2,11,28,0.30927835051546393,0.39285714285714285,1.2702380952380952,0.08357879234167892
489,4489,4,seed_spread_band,0-3,15,37,0.32646048109965636,0.40540540540540543,1.2418207681365576,0.07894492430574906
489,8849,8,seed_sum_lastdigit,0,13,29,0.3642611683848797,0.4482758620689655,1.2306441119063112,0.08401469368408582
489,4489,4,seed_prime_count,3,16,40,0.32646048109965636,0.4,1.2252631578947368,0.07353951890034366
489,8849,8,seed_sum_lastdigit,1,11,25,0.3642611683848797,0.44,1.207924528301887,0.0757388316151203
489,9948,9,seed_sum_lastdigit,8,10,27,0.30927835051546393,0.37037037037037035,1.1975308641975309,0.06109201985490642
489,8849,8,seed_consecutive_pairs,2,20,46,0.3642611683848797,0.43478260869565216,1.1936013125512717,0.07052144031077245
489,4489,4,seed_high_count,1,28,72,0.32646048109965636,0.3888888888888889,1.1912280701754385,0.06242840778923253
489,9948,9,seed_even_count,1,26,71,0.30927835051546393,0.36619718309859156,1.184037558685446,0.05691883258312763
489,8849,8,seed_even_count,3,32,76,0.3642611683848797,0.42105263157894735,1.1559086395233367,0.05679146319406764
489,8849,8,seed_high_count,2,49,118,0.3642611683848797,0.4152542372881356,1.1399904061400705,0.05099306890325589
489,9948,9,seed_structure,AABC,43,122,0.30927835051546393,0.3524590163934426,1.1396174863387978,0.0431806658779787
489,9948,9,seed_unique_count,3,43,122,0.30927835051546393,0.3524590163934426,1.1396174863387978,0.0431806658779787
489,9948,9,seed_sum_lastdigit,9,13,37,0.30927835051546393,0.35135135135135137,1.136036036036036,0.04207300083588744
489,9948,9,seed_vtrac_unique,4,22,63,0.30927835051546393,0.3492063492063492,1.129100529100529,0.03992799869088526
489,9948,9,seed_lead_band,7-9,25,72,0.30927835051546393,0.3472222222222222,1.1226851851851851,0.03794387170675828
489,4489,4,seed_trail_band,4-6,32,88,0.32646048109965636,0.36363636363636365,1.1138755980861244,0.03717588253670728
489,9948,9,seed_high_count,3,22,64,0.30927835051546393,0.34375,1.1114583333333332,0.03447164948453607
489,4489,4,seed_mirror_pairs_any,no,55,152,0.32646048109965636,0.3618421052631579,1.1083795013850415,0.035381624163501546
489,8849,8,seed_mirror_pairs_any,yes,56,139,0.3642611683848797,0.4028776978417266,1.1060133025654948,0.038616529456846904
489,8849,8,seed_sum_lastdigit,4,12,30,0.3642611683848797,0.4,1.09811320754717,0.035738831615120314
489,9948,9,seed_trail_band,0-3,37,109,0.30927835051546393,0.3394495412844037,1.0975535168195718,0.03017119076893976
489,4489,4,seed_sum_band,10-17,44,123,0.32646048109965636,0.35772357723577236,1.0957637997432605,0.031263096136116
489,4489,4,seed_sum_lastdigit,2,10,28,0.32646048109965636,0.35714285714285715,1.093984962406015,0.030682376043200787
489,9948,9,seed_prime_count,1,27,80,0.30927835051546393,0.3375,1.09125,0.028221649484536093
489,9948,9,seed_prime_count,2,37,110,0.30927835051546393,0.33636363636363636,1.0875757575757576,0.027085285848172436
489,9948,9,seed_consecutive_pairs,1,47,140,0.30927835051546393,0.3357142857142857,1.0854761904761903,0.02643593519882176
489,8849,8,seed_trail_band,7-9,37,94,0.3642611683848797,0.39361702127659576,1.080590124448013,0.02935585289171605
489,8849,8,seed_sum_lastdigit,7,11,28,0.3642611683848797,0.39285714285714285,1.0785040431266846,0.02859597447226314
489,8849,8,seed_high_count,3,25,64,0.3642611683848797,0.390625,1.072376179245283,0.026363831615120292
489,8849,8,seed_consecutive_pairs,0,39,100,0.3642611683848797,0.39,1.0706603773584906,0.025738831615120306
489,9948,9,seed_sum_mod3,2,33,100,0.30927835051546393,0.33,1.067,0.020721649484536087
489,9948,9,seed_trail_band,7-9,31,94,0.30927835051546393,0.32978723404255317,1.0663120567375886,0.02050888352708924
489,4489,4,seed_consecutive_pairs,2,16,46,0.32646048109965636,0.34782608695652173,1.0654462242562928,0.021365605856865366
489,8849,8,seed_trail_band,4-6,34,88,0.3642611683848797,0.38636363636363635,1.0606775300171527,0.022102467978756646
489,4489,4,seed_sum_lastdigit,3,11,32,0.32646048109965636,0.34375,1.0529605263157895,0.017289518900343637
489,4489,4,seed_sum_mod3,1,35,102,0.32646048109965636,0.3431372549019608,1.0510835913312693,0.016676773802304423
567,7756,7,seed_sum_lastdigit,3,11,25,0.310580204778157,0.44,1.4167032967032966,0.129419795221843
567,7756,7,seed_high_count,3,29,73,0.310580204778157,0.3972602739726027,1.279090772241457,0.08668006919444571
567,5567,5,seed_trail_band,0-3,48,117,0.3242320819112628,0.41025641025641024,1.2653171390013496,0.08602432834514745
567,6657,6,seed_sum_lastdigit,7,12,26,0.3651877133105802,0.46153846153846156,1.2638389647735444,0.09635074822788137
567,5567,5,seed_prime_count,3,19,47,0.3242320819112628,0.40425531914893614,1.2468085106382978,0.08002323723767335
567,7756,7,seed_sum_lastdigit,2,12,31,0.310580204778157,0.3870967741935484,1.2463665366891172,0.07651656941539137
567,5567,5,seed_high_count,2,43,107,0.3242320819112628,0.40186915887850466,1.2394490900147566,0.07763707696724187
567,6657,6,seed_sum_lastdigit,2,14,31,0.3651877133105802,0.45161290322580644,1.236659632197769,0.08642518991522624
567,5567,5,seed_sum_lastdigit,0,11,28,0.3242320819112628,0.39285714285714285,1.2116541353383459,0.06862506094588006
567,7756,7,seed_vtrac_unique,2,26,70,0.310580204778157,0.37142857142857144,1.1959183673469387,0.06084836665041443
567,6657,6,seed_prime_count,0,17,39,0.3651877133105802,0.4358974358974359,1.1936256889527919,0.0707097225868557
567,6657,6,seed_mirror_pairs_any,no,67,154,0.3651877133105802,0.43506493506493504,1.1913460371404296,0.06987722175435485
567,7756,7,seed_sum_mod3,0,34,94,0.310580204778157,0.3617021276595745,1.1646013560907178,0.05112192288141748
567,7756,7,seed_trail_band,7-9,34,94,0.310580204778157,0.3617021276595745,1.1646013560907178,0.05112192288141748
567,5567,5,seed_sum_band,10-17,43,114,0.3242320819112628,0.37719298245614036,1.163342566943675,0.052960900544877565
567,7756,7,seed_mirror_pairs_any,yes,50,139,0.310580204778157,0.3597122302158273,1.1581943236619494,0.04913202543767031
567,7756,7,seed_spread_band,0-3,14,39,0.310580204778157,0.358974358974359,1.155818540433925,0.048394154196201966
567,7756,7,seed_prime_count,0,14,39,0.310580204778157,0.358974358974359,1.155818540433925,0.048394154196201966
567,7756,7,seed_sum_lastdigit,0,10,28,0.310580204778157,0.35714285714285715,1.1499215070643642,0.04656265236470014
567,5567,5,seed_vtrac_unique,2,26,70,0.3242320819112628,0.37142857142857144,1.1455639097744361,0.04719648951730865
567,7756,7,seed_even_count,2,37,104,0.310580204778157,0.3557692307692308,1.1454987320371937,0.04518902599107377
567,6657,6,seed_even_count,3,33,79,0.3651877133105802,0.4177215189873418,1.1438542529279545,0.05253380567676158
567,7756,7,seed_prime_count,1,36,102,0.310580204778157,0.35294117647058826,1.1363930187459599,0.04236097169243125
567,5567,5,seed_consecutive_pairs,2,18,49,0.3242320819112628,0.3673469387755102,1.1329752953813106,0.04311485686424743
567,5567,5,seed_consecutive_pairs,0,37,101,0.3242320819112628,0.36633663366336633,1.1298593017196457,0.042104551752103536
567,6657,6,seed_high_count,3,30,73,0.3651877133105802,0.410958904109589,1.1253360645243886,0.04577119079900882
567,6657,6,seed_spread_band,4-6,53,129,0.3651877133105802,0.4108527131782946,1.1250452800115918,0.045664999867714384
567,6657,6,seed_structure,AABC,55,134,0.3651877133105802,0.41044776119402987,1.1239363928023436,0.04526004788344967
567,6657,6,seed_unique_count,3,55,134,0.3651877133105802,0.41044776119402987,1.1239363928023436,0.04526004788344967
567,5567,5,seed_sum_lastdigit,8,12,33,0.3242320819112628,0.36363636363636365,1.121531100478469,0.039404281725100854
567,6657,6,seed_sum_mod3,2,42,103,0.3651877133105802,0.4077669902912621,1.1165955902368205,0.042579276980681924
567,7756,7,seed_spread_band,7-9,43,125,0.310580204778157,0.344,1.1076043956043955,0.03341979522184296
567,5567,5,seed_high_count,1,28,78,0.3242320819112628,0.358974358974359,1.1071524966261808,0.03474227706309618
567,6657,6,seed_trail_band,7-9,38,94,0.3651877133105802,0.40425531914893614,1.106979518791012,0.039067605838355945
567,7756,7,seed_consecutive_pairs,1,48,140,0.310580204778157,0.34285714285714286,1.1039246467817896,0.03227693807898585
567,6657,6,seed_trail_band,4-6,33,82,0.3651877133105802,0.4024390243902439,1.1020059266013222,0.03725131107966373
567,6657,6,seed_sum_lastdigit,5,12,30,0.3651877133105802,0.4,1.0953271028037384,0.034812286689419825
567,6657,6,seed_sum_lastdigit,9,12,30,0.3651877133105802,0.4,1.0953271028037384,0.034812286689419825
567,6657,6,seed_vtrac_unique,3,70,175,0.3651877133105802,0.4,1.0953271028037384,0.034812286689419825
567,6657,6,seed_vtrac_unique,4,18,45,0.3651877133105802,0.4,1.0953271028037384,0.034812286689419825
568,6658,6,seed_prime_count,3,19,41,0.2935153583617747,0.4634146341463415,1.5788428814520705,0.16989927578456676
568,6658,6,seed_sum_lastdigit,8,12,29,0.2935153583617747,0.41379310344827586,1.4097834803528468,0.12027774508650113
568,6658,6,seed_prime_count,0,14,35,0.2935153583617747,0.4,1.3627906976744188,0.1064846416382253
568,6658,6,seed_sum_lastdigit,7,13,33,0.2935153583617747,0.3939393939393939,1.3421423537702608,0.1004240355776192
568,6658,6,seed_sum_lastdigit,1,11,28,0.2935153583617747,0.39285714285714285,1.3384551495016612,0.09934178449536812
568,5568,5,seed_sum_lastdigit,5,14,31,0.3378839590443686,0.45161290322580644,1.3365917236884979,0.11372894418143786
568,8856,8,seed_sum_lastdigit,6,16,33,0.36860068259385664,0.48484848484848486,1.3153759820426487,0.11624780225462822
568,6658,6,seed_sum_lastdigit,0,11,30,0.2935153583617747,0.36666666666666664,1.2492248062015503,0.07315130830489192
568,5568,5,seed_spread_band,0-3,14,34,0.3378839590443686,0.4117647058823529,1.2186571598336304,0.07388074683798435
568,8856,8,seed_consecutive_pairs,2,27,61,0.36860068259385664,0.4426229508196721,1.2008196721311475,0.07402226822581548
568,8856,8,seed_sum_lastdigit,3,14,32,0.36860068259385664,0.4375,1.1869212962962963,0.06889931740614336
568,5568,5,seed_sum_lastdigit,0,12,30,0.3378839590443686,0.4,1.183838383838384,0.062116040955631446
568,5568,5,seed_trail_band,4-6,37,94,0.3378839590443686,0.39361702127659576,1.1649473457984099,0.05573306223222718
568,5568,5,seed_sum_lastdigit,1,11,28,0.3378839590443686,0.39285714285714285,1.1626984126984128,0.05497318381277427
568,5568,5,seed_sum_lastdigit,9,11,28,0.3378839590443686,0.39285714285714285,1.1626984126984128,0.05497318381277427
568,8856,8,seed_sum_lastdigit,9,12,28,0.36860068259385664,0.42857142857142855,1.1626984126984126,0.059970745977571904
568,8856,8,seed_high_count,3,30,70,0.36860068259385664,0.42857142857142855,1.1626984126984126,0.059970745977571904
568,8856,8,seed_sum_lastdigit,5,13,31,0.36860068259385664,0.41935483870967744,1.137694145758662,0.05075415611582079
568,6658,6,seed_vtrac_unique,3,54,162,0.2935153583617747,0.3333333333333333,1.1356589147286822,0.03981797497155859
568,6658,6,seed_trail_band,7-9,28,84,0.2935153583617747,0.3333333333333333,1.1356589147286822,0.03981797497155859
568,8856,8,seed_prime_count,2,43,103,0.36860068259385664,0.4174757281553398,1.132596188421431,0.048875045561483144
568,6658,6,seed_high_count,2,36,109,0.2935153583617747,0.3302752293577982,1.125240025602731,0.03675987099602346
568,8856,8,seed_sum_lastdigit,2,12,29,0.36860068259385664,0.41379310344827586,1.1226053639846743,0.04519242085441921
568,5568,5,seed_sum_lastdigit,8,11,29,0.3378839590443686,0.3793103448275862,1.1226053639846743,0.04142638578321761
568,5568,5,seed_vtrac_unique,2,25,66,0.3378839590443686,0.3787878787878788,1.1210590756045302,0.04090391974351021
568,8856,8,seed_vtrac_unique,4,25,61,0.36860068259385664,0.4098360655737705,1.1118700667880996,0.04123538297991386
568,6658,6,seed_consecutive_pairs,0,31,95,0.2935153583617747,0.3263157894736842,1.1117503059975522,0.0328004311119095
568,6658,6,seed_spread_band,7-9,39,120,0.2935153583617747,0.325,1.1072674418604653,0.031484641638225286
568,5568,5,seed_consecutive_pairs,1,48,129,0.3378839590443686,0.37209302325581395,1.1012450082217524,0.03420906421144537
568,6658,6,seed_lead_band,7-9,29,90,0.2935153583617747,0.32222222222222224,1.0978036175710595,0.028706863860447518
568,5568,5,seed_sum_band,18-26,47,127,0.3378839590443686,0.3700787401574803,1.0952835441024418,0.03219478111311175
568,5568,5,seed_sum_mod3,1,34,92,0.3378839590443686,0.3695652173913043,1.0937637241985068,0.03168125834693575
568,5568,5,seed_prime_count,2,38,103,0.3378839590443686,0.36893203883495146,1.091889771501422,0.031048079790582883
568,6658,6,seed_sum_mod2,0,45,141,0.2935153583617747,0.3191489361702128,1.087333003463632,0.025633577808438057
568,6658,6,seed_sum_mod3,2,30,95,0.2935153583617747,0.3157894736842105,1.0758873929008568,0.022274115322435784
568,6658,6,seed_sum_band,18-26,40,127,0.2935153583617747,0.31496062992125984,1.0730635414759202,0.021445271559485113
568,8856,8,seed_sum_band,10-17,49,124,0.36860068259385664,0.3951612903225806,1.072057945041816,0.026560607728723984
568,8856,8,seed_high_count,1,30,76,0.36860068259385664,0.39473684210526316,1.070906432748538,0.02613615951140652
568,5568,5,seed_even_count,1,26,72,0.3378839590443686,0.3611111111111111,1.0687429854096522,0.02322715206674253
568,5568,5,seed_even_count,2,39,108,0.3378839590443686,0.3611111111111111,1.0687429854096522,0.02322715206674253
569,9956,9,seed_spread_band,0-3,17,36,0.32222222222222224,0.4722222222222222,1.4655172413793103,0.14999999999999997
569,6659,6,seed_high_count,3,25,58,0.3296296296296296,0.43103448275862066,1.3076327005036807,0.10140485312899106
569,5569,5,seed_sum_mod3,1,39,86,0.34814814814814815,0.45348837209302323,1.3025729836714497,0.10534022394487508
569,9956,9,seed_sum_lastdigit,0,16,39,0.32222222222222224,0.41025641025641024,1.273209549071618,0.088034188034188
569,9956,9,seed_prime_count,2,38,94,0.32222222222222224,0.40425531914893614,1.2545854732208361,0.0820330969267139
569,5569,5,seed_even_count,3,27,63,0.34814814814814815,0.42857142857142855,1.2310030395136777,0.0804232804232804
569,9956,9,seed_mirror_pairs_any,no,55,139,0.32222222222222224,0.39568345323741005,1.2279831307367897,0.07346123101518781
569,9956,9,seed_sum_mod3,0,33,84,0.32222222222222224,0.39285714285714285,1.2192118226600983,0.0706349206349206
569,6659,6,seed_sum_mod3,2,40,100,0.3296296296296296,0.4,1.2134831460674158,0.07037037037037042
569,9956,9,seed_trail_band,7-9,34,87,0.32222222222222224,0.39080459770114945,1.2128418549346016,0.0685823754789272
569,9956,9,seed_sum_lastdigit,1,10,26,0.32222222222222224,0.38461538461538464,1.193633952254642,0.062393162393162394
569,9956,9,seed_sum_lastdigit,4,15,39,0.32222222222222224,0.38461538461538464,1.193633952254642,0.062393162393162394
569,5569,5,seed_high_count,1,24,58,0.34814814814814815,0.41379310344827586,1.1885546588407923,0.0656449553001277
569,6659,6,seed_lead_band,7-9,27,69,0.3296296296296296,0.391304347826087,1.187103077674646,0.06167471819645737
569,9956,9,seed_lead_band,4-6,32,84,0.32222222222222224,0.38095238095238093,1.1822660098522166,0.05873015873015869
569,6659,6,seed_sum_lastdigit,7,12,31,0.3296296296296296,0.3870967741935484,1.1743385284523378,0.05746714456391877
569,5569,5,seed_prime_count,3,20,49,0.34814814814814815,0.40816326530612246,1.1723838471558836,0.06001511715797431
569,6659,6,seed_consecutive_pairs,2,15,39,0.3296296296296296,0.38461538461538464,1.1668107173725153,0.05498575498575503
569,6659,6,seed_trail_band,4-6,30,78,0.3296296296296296,0.38461538461538464,1.1668107173725153,0.05498575498575503
569,5569,5,seed_sum_band,10-17,46,114,0.34814814814814815,0.40350877192982454,1.1590145576707727,0.05536062378167639
569,5569,5,seed_prime_count,1,35,87,0.34814814814814815,0.40229885057471265,1.1555392516507703,0.0541507024265645
569,9956,9,seed_consecutive_pairs,0,36,97,0.32222222222222224,0.3711340206185567,1.1517952364024173,0.04891179839633447
569,5569,5,seed_consecutive_pairs,1,52,130,0.34814814814814815,0.4,1.148936170212766,0.05185185185185187
569,5569,5,seed_mirror_pairs_any,yes,52,131,0.34814814814814815,0.3969465648854962,1.1401656650966379,0.04879841673734803
569,5569,5,seed_prime_count,0,13,33,0.34814814814814815,0.3939393939393939,1.1315280464216635,0.04579124579124577
569,9956,9,seed_vtrac_unique,4,16,44,0.32222222222222224,0.36363636363636365,1.128526645768025,0.0414141414141414
569,9956,9,seed_prime_count,0,12,33,0.32222222222222224,0.36363636363636365,1.128526645768025,0.0414141414141414
569,9956,9,seed_sum_band,18-26,41,114,0.32222222222222224,0.35964912280701755,1.116152450090744,0.03742690058479531
569,9956,9,seed_sum_mod2,0,51,142,0.32222222222222224,0.3591549295774648,1.1146187469645459,0.03693270735524257
569,5569,5,seed_sum_lastdigit,7,12,31,0.34814814814814815,0.3870967741935484,1.1118737131091283,0.038948626045400225
569,5569,5,seed_high_count,2,46,119,0.34814814814814815,0.3865546218487395,1.1103164670123369,0.03840647370059136
569,9956,9,seed_even_count,2,40,112,0.32222222222222224,0.35714285714285715,1.108374384236453,0.03492063492063491
569,5569,5,seed_lead_band,0-3,45,117,0.34814814814814815,0.38461538461538464,1.104746317512275,0.036467236467236486
569,5569,5,seed_sum_lastdigit,5,11,29,0.34814814814814815,0.3793103448275862,1.0895084372707262,0.031162196679438037
569,6659,6,seed_mirror_pairs_any,yes,47,131,0.3296296296296296,0.35877862595419846,1.0884295394116135,0.029148996324568854
569,5569,5,seed_sum_mod2,1,48,128,0.34814814814814815,0.375,1.077127659574468,0.02685185185185185
569,5569,5,seed_vtrac_unique,2,24,64,0.34814814814814815,0.375,1.077127659574468,0.02685185185185185
569,6659,6,seed_even_count,1,23,65,0.3296296296296296,0.35384615384615387,1.073465859982714,0.02421652421652426
569,5569,5,seed_trail_band,4-6,29,78,0.34814814814814815,0.3717948717948718,1.0679214402618658,0.023646723646723655
569,5569,5,seed_spread_band,7-9,46,124,0.34814814814814815,0.3709677419354839,1.0655456417295814,0.022819593787335724
578,8857,8,seed_even_count,1,33,65,0.3490909090909091,0.5076923076923077,1.454326923076923,0.15860139860139855
578,8857,8,seed_high_count,1,37,74,0.3490909090909091,0.5,1.4322916666666665,0.15090909090909088
578,8857,8,seed_sum_lastdigit,3,15,31,0.3490909090909091,0.4838709677419355,1.3860887096774193,0.13478005865102638
578,8857,8,seed_sum_lastdigit,7,13,28,0.3490909090909091,0.4642857142857143,1.329985119047619,0.11519480519480518
578,5578,5,seed_sum_lastdigit,2,11,27,0.3090909090909091,0.4074074074074074,1.318082788671024,0.0983164983164983
578,5578,5,seed_unique_count,2,10,25,0.3090909090909091,0.4,1.2941176470588236,0.09090909090909094
578,5578,5,seed_sum_lastdigit,9,10,25,0.3090909090909091,0.4,1.2941176470588236,0.09090909090909094
578,5578,5,seed_consecutive_pairs,2,20,51,0.3090909090909091,0.39215686274509803,1.2687427912341407,0.08306595365418895
578,5578,5,seed_sum_lastdigit,1,11,29,0.3090909090909091,0.3793103448275862,1.2271805273833671,0.0702194357366771
578,7758,7,seed_even_count,2,43,103,0.3418181818181818,0.4174757281553398,1.2213385664118983,0.07565754633715799
578,5578,5,seed_spread_band,4-6,48,129,0.3090909090909091,0.37209302325581395,1.2038303693570451,0.06300211416490487
578,7758,7,seed_high_count,3,27,66,0.3418181818181818,0.4090909090909091,1.196808510638298,0.06727272727272732
578,7758,7,seed_sum_lastdigit,2,11,27,0.3418181818181818,0.4074074074074074,1.1918833727344367,0.06558922558922559
578,8857,8,seed_spread_band,7-9,45,109,0.3490909090909091,0.41284403669724773,1.1826261467889907,0.06375312760633861
578,7758,7,seed_high_count,2,40,99,0.3418181818181818,0.40404040404040403,1.182033096926714,0.062222222222222234
578,8857,8,seed_structure,AABC,47,114,0.3490909090909091,0.41228070175438597,1.1810124269005846,0.06318979266347685
578,8857,8,seed_unique_count,3,47,114,0.3490909090909091,0.41228070175438597,1.1810124269005846,0.06318979266347685
578,5578,5,seed_sum_lastdigit,8,12,33,0.3090909090909091,0.36363636363636365,1.1764705882352942,0.054545454545454564
578,7758,7,seed_sum_band,18-26,49,122,0.3418181818181818,0.4016393442622951,1.1750087199162889,0.059821162444113285
578,5578,5,seed_even_count,3,25,69,0.3090909090909091,0.36231884057971014,1.1722080136402386,0.05322793148880106
578,7758,7,seed_sum_lastdigit,0,10,25,0.3418181818181818,0.4,1.1702127659574468,0.05818181818181822
578,7758,7,seed_sum_lastdigit,6,12,30,0.3418181818181818,0.4,1.1702127659574468,0.05818181818181822
578,7758,7,seed_sum_lastdigit,9,10,25,0.3418181818181818,0.4,1.1702127659574468,0.05818181818181822
578,7758,7,seed_mirror_pairs_any,yes,48,121,0.3418181818181818,0.39669421487603307,1.160541586073501,0.05487603305785127
578,8857,8,seed_prime_count,3,19,47,0.3490909090909091,0.40425531914893614,1.1580230496453898,0.055164410058027025
578,8857,8,seed_sum_mod2,1,54,134,0.3490909090909091,0.40298507462686567,1.154384328358209,0.05389416553595655
578,8857,8,seed_lead_band,7-9,31,77,0.3490909090909091,0.4025974025974026,1.1532738095238095,0.0535064935064935
578,8857,8,seed_sum_band,10-17,44,110,0.3490909090909091,0.4,1.1458333333333333,0.050909090909090904
578,8857,8,seed_consecutive_pairs,0,38,95,0.3490909090909091,0.4,1.1458333333333333,0.050909090909090904
578,8857,8,seed_prime_count,0,14,35,0.3490909090909091,0.4,1.1458333333333333,0.050909090909090904
578,7758,7,seed_sum_lastdigit,4,10,26,0.3418181818181818,0.38461538461538464,1.1252045826513912,0.04279720279720284
578,7758,7,seed_structure,ABCD,52,136,0.3418181818181818,0.38235294117647056,1.1185857321652064,0.04053475935828876
578,7758,7,seed_unique_count,4,52,136,0.3418181818181818,0.38235294117647056,1.1185857321652064,0.04053475935828876
578,7758,7,seed_repeat_digit,none,52,136,0.3418181818181818,0.38235294117647056,1.1185857321652064,0.04053475935828876
578,5578,5,seed_prime_count,1,29,84,0.3090909090909091,0.34523809523809523,1.1169467787114846,0.03614718614718615
578,8857,8,seed_vtrac_unique,2,23,59,0.3490909090909091,0.3898305084745763,1.11670197740113,0.04073959938366717
578,5578,5,seed_prime_count,0,12,35,0.3090909090909091,0.34285714285714286,1.1092436974789917,0.03376623376623378
578,5578,5,seed_sum_mod3,0,37,108,0.3090909090909091,0.3425925925925926,1.1083877995642704,0.03350168350168353
578,8857,8,seed_trail_band,0-3,45,117,0.3490909090909091,0.38461538461538464,1.1017628205128205,0.03552447552447552
578,7758,7,seed_sum_mod3,2,32,85,0.3418181818181818,0.3764705882352941,1.1013767209011265,0.034652406417112314
579,5579,5,seed_sum_lastdigit,7,17,35,0.2888086642599278,0.4857142857142857,1.6817857142857142,0.19690562145435792
579,9957,9,seed_sum_lastdigit,0,14,26,0.34657039711191334,0.5384615384615384,1.5536858974358974,0.1918911413496251
579,5579,5,seed_sum_lastdigit,9,11,26,0.2888086642599278,0.4230769230769231,1.4649038461538462,0.13426825881699528
579,5579,5,seed_even_count,3,27,70,0.2888086642599278,0.38571428571428573,1.3355357142857143,0.09690562145435794
579,7759,7,seed_sum_lastdigit,8,15,31,0.36462093862815886,0.4838709677419355,1.3270520600447142,0.11925002911377663
579,7759,7,seed_vtrac_unique,2,28,58,0.36462093862815886,0.4827586206896552,1.3240013656538068,0.11813768206149633
579,5579,5,seed_consecutive_pairs,2,21,55,0.2888086642599278,0.38181818181818183,1.3220454545454545,0.09300951755825404
579,7759,7,seed_high_count,3,29,62,0.36462093862815886,0.46774193548387094,1.2828169913765568,0.10312099685571208
579,9957,9,seed_high_count,1,32,72,0.34657039711191334,0.4444444444444444,1.2824074074074074,0.09787404733253108
579,7759,7,seed_prime_count,3,17,37,0.36462093862815886,0.4594594594594595,1.2601016858442602,0.09483852083130062
579,5579,5,seed_sum_lastdigit,1,11,32,0.2888086642599278,0.34375,1.190234375,0.054941335740072206
579,9957,9,seed_prime_count,0,14,34,0.34657039711191334,0.4117647058823529,1.188112745098039,0.06519430877043958
579,9957,9,seed_prime_count,1,37,91,0.34657039711191334,0.4065934065934066,1.1731913919413919,0.06002300948149325
579,9957,9,seed_spread_band,0-3,13,32,0.34657039711191334,0.40625,1.1722005208333335,0.05967960288808666
579,5579,5,seed_prime_count,2,36,107,0.2888086642599278,0.3364485981308411,1.1649532710280373,0.04763993387091331
579,7759,7,seed_consecutive_pairs,0,42,99,0.36462093862815886,0.42424242424242425,1.1635163516351634,0.05962148561426539
579,7759,7,seed_trail_band,0-3,41,97,0.36462093862815886,0.422680412371134,1.1592324180871694,0.058059473742975154
579,9957,9,seed_sum_lastdigit,4,14,35,0.34657039711191334,0.4,1.1541666666666668,0.05342960288808668
579,5579,5,seed_lead_band,0-3,43,131,0.2888086642599278,0.3282442748091603,1.1365458015267176,0.0394356105492325
579,5579,5,seed_sum_mod2,1,44,135,0.2888086642599278,0.32592592592592595,1.1285185185185187,0.03711726166599816
579,5579,5,seed_mirror_pairs_any,no,45,139,0.2888086642599278,0.3237410071942446,1.120953237410072,0.034932342934316796
579,9957,9,seed_consecutive_pairs,1,47,121,0.34657039711191334,0.3884297520661157,1.1207816804407713,0.041859354954202344
579,7759,7,seed_spread_band,4-6,49,120,0.36462093862815886,0.4083333333333333,1.1198844884488448,0.04371239470517446
579,7759,7,seed_mirror_pairs_any,yes,56,138,0.36462093862815886,0.4057971014492754,1.112928684172765,0.041176162821116524
579,5579,5,seed_vtrac_unique,4,16,50,0.2888086642599278,0.32,1.108,0.031191335740072212
579,9957,9,seed_trail_band,4-6,33,86,0.34657039711191334,0.38372093023255816,1.1071947674418605,0.03715053312064481
579,7759,7,seed_structure,AABC,45,112,0.36462093862815886,0.4017857142857143,1.1019271570014144,0.03716477565755544
579,7759,7,seed_unique_count,3,45,112,0.36462093862815886,0.4017857142857143,1.1019271570014144,0.03716477565755544
579,7759,7,seed_even_count,1,26,65,0.36462093862815886,0.4,1.0970297029702971,0.03537906137184116
579,9957,9,seed_vtrac_unique,4,19,50,0.34657039711191334,0.38,1.0964583333333333,0.03342960288808666
579,9957,9,seed_sum_mod3,2,39,103,0.34657039711191334,0.3786407766990291,1.0925364077669903,0.03207037958711578
579,9957,9,seed_structure,ABCD,57,151,0.34657039711191334,0.37748344370860926,1.0891970198675496,0.030913046596695914
579,9957,9,seed_unique_count,4,57,151,0.34657039711191334,0.37748344370860926,1.0891970198675496,0.030913046596695914
579,9957,9,seed_repeat_digit,none,57,151,0.34657039711191334,0.37748344370860926,1.0891970198675496,0.030913046596695914
579,5579,5,seed_sum_lastdigit,4,11,35,0.2888086642599278,0.3142857142857143,1.0882142857142858,0.025477050025786485
579,5579,5,seed_trail_band,4-6,27,86,0.2888086642599278,0.313953488372093,1.0870639534883721,0.02514482411216523
579,7759,7,seed_sum_band,18-26,47,119,0.36462093862815886,0.3949579831932773,1.0832015974706712,0.03033704456511843
579,7759,7,seed_lead_band,4-6,30,76,0.36462093862815886,0.39473684210526316,1.0825951016154247,0.0301159034771043
579,9957,9,seed_sum_lastdigit,1,12,32,0.34657039711191334,0.375,1.08203125,0.028429602888086658
579,9957,9,seed_sum_band,10-17,43,115,0.34657039711191334,0.3739130434782609,1.0788949275362318,0.027342646366347534
589,8859,8,seed_sum_lastdigit,1,15,28,0.3087248322147651,0.5357142857142857,1.735248447204969,0.2269894534995206
589,8859,8,seed_sum_lastdigit,6,13,29,0.3087248322147651,0.4482758620689655,1.452023988005997,0.13955102985420043
589,9958,9,seed_sum_band,0-9,12,26,0.3288590604026846,0.46153846153846156,1.4034536891679747,0.13267940113577698
589,9958,9,seed_high_count,1,30,65,0.3288590604026846,0.46153846153846156,1.4034536891679747,0.13267940113577698
589,5589,5,seed_prime_count,0,19,39,0.3624161073825503,0.48717948717948717,1.3442545109211776,0.12476337979693686
589,5589,5,seed_sum_band,27-36,12,25,0.3624161073825503,0.48,1.3244444444444445,0.11758389261744967
589,5589,5,seed_consecutive_pairs,0,37,82,0.3624161073825503,0.45121951219512196,1.2450316169828366,0.08880340481257165
589,5589,5,seed_sum_lastdigit,5,18,40,0.3624161073825503,0.45,1.2416666666666667,0.0875838926174497
589,9958,9,seed_prime_count,1,35,86,0.3288590604026846,0.4069767441860465,1.2375415282392026,0.07811768378336192
589,9958,9,seed_consecutive_pairs,2,23,57,0.3288590604026846,0.40350877192982454,1.2269960615825275,0.07464971152713995
589,5589,5,seed_prime_count,3,20,45,0.3624161073825503,0.4444444444444444,1.2263374485596708,0.08202833706189411
589,9958,9,seed_even_count,2,44,111,0.3288590604026846,0.3963963963963964,1.2053686339400624,0.06753733599371181
589,9958,9,seed_sum_lastdigit,8,15,38,0.3288590604026846,0.39473684210526316,1.2003222341568205,0.06587778170257858
589,8859,8,seed_vtrac_unique,2,22,60,0.3087248322147651,0.36666666666666664,1.1876811594202898,0.05794183445190154
589,8859,8,seed_even_count,1,34,93,0.3087248322147651,0.3655913978494624,1.1841982234689108,0.056866565634697275
589,5589,5,seed_trail_band,7-9,39,91,0.3624161073825503,0.42857142857142855,1.1825396825396826,0.06615532118887824
589,9958,9,seed_sum_lastdigit,9,12,31,0.3288590604026846,0.3870967741935484,1.1770901909150755,0.05823771379086379
589,8859,8,seed_spread_band,4-6,41,114,0.3087248322147651,0.35964912280701755,1.1649504195270786,0.05092429059225245
589,5589,5,seed_sum_lastdigit,8,16,38,0.3624161073825503,0.42105263157894735,1.161793372319688,0.05863652419639703
589,5589,5,seed_sum_lastdigit,9,13,31,0.3624161073825503,0.41935483870967744,1.1571087216248508,0.05693873132712712
589,8859,8,seed_sum_lastdigit,3,12,34,0.3087248322147651,0.35294117647058826,1.143222506393862,0.04421634425582316
589,5589,5,seed_even_count,3,31,75,0.3624161073825503,0.41333333333333333,1.1404938271604939,0.05091722595078302
589,9958,9,seed_sum_band,10-17,40,107,0.3288590604026846,0.37383177570093457,1.1367537669273315,0.04497271529824998
589,9958,9,seed_lead_band,4-6,34,91,0.3288590604026846,0.37362637362637363,1.1361291769455033,0.04476731322368904
589,9958,9,seed_sum_mod3,1,34,92,0.3288590604026846,0.3695652173913043,1.123779946761313,0.040706156988619735
589,9958,9,seed_trail_band,0-3,45,123,0.3288590604026846,0.36585365853658536,1.1124937779990043,0.03699459813390077
589,8859,8,seed_high_count,2,38,111,0.3087248322147651,0.34234234234234234,1.108891500195848,0.033617510127577244
589,8859,8,seed_consecutive_pairs,1,52,152,0.3087248322147651,0.34210526315789475,1.1081235697940504,0.033380430943129646
589,9958,9,seed_sum_mod2,0,47,130,0.3288590604026846,0.36153846153846153,1.0993720565149137,0.03267940113577694
589,8859,8,seed_lead_band,0-3,40,118,0.3087248322147651,0.3389830508474576,1.0980103168754605,0.030258218632692513
589,9958,9,seed_structure,ABCD,58,161,0.3288590604026846,0.36024844720496896,1.095449359868171,0.03138938680228437
589,9958,9,seed_unique_count,4,58,161,0.3288590604026846,0.36024844720496896,1.095449359868171,0.03138938680228437
589,9958,9,seed_repeat_digit,none,58,161,0.3288590604026846,0.36024844720496896,1.095449359868171,0.03138938680228437
589,8859,8,seed_high_count,3,27,80,0.3087248322147651,0.3375,1.0932065217391305,0.028775167785234923
589,8859,8,seed_sum_band,10-17,36,107,0.3087248322147651,0.3364485981308411,1.0898008939455506,0.027723765916076004
589,9958,9,seed_trail_band,4-6,30,84,0.3288590604026846,0.35714285714285715,1.08600583090379,0.028283796740172562
589,5589,5,seed_lead_band,7-9,35,89,0.3624161073825503,0.39325842696629215,1.085101955888473,0.03084231958374184
589,5589,5,seed_sum_band,18-26,55,140,0.3624161073825503,0.39285714285714285,1.083994708994709,0.030441035474592537
589,9958,9,seed_vtrac_unique,3,64,180,0.3288590604026846,0.35555555555555557,1.0811791383219955,0.02669649515287098
589,8859,8,seed_consecutive_pairs,2,19,57,0.3087248322147651,0.3333333333333333,1.0797101449275361,0.024608501118568216
678,7768,7,seed_sum_lastdigit,0,12,29,0.3041958041958042,0.41379310344827586,1.3602853745541021,0.10959729925247164
678,7768,7,seed_sum_lastdigit,4,13,32,0.3041958041958042,0.40625,1.3354885057471264,0.10205419580419578
678,7768,7,seed_high_count,2,38,98,0.3041958041958042,0.3877551020408163,1.274689186019235,0.08355929784501209
678,6678,6,seed_sum_lastdigit,2,14,34,0.32867132867132864,0.4117647058823529,1.2528160200250313,0.08309337721102428
678,7768,7,seed_sum_lastdigit,3,11,29,0.3041958041958042,0.3793103448275862,1.246928260007927,0.07511454063178197
678,6678,6,seed_sum_lastdigit,1,14,35,0.32867132867132864,0.4,1.2170212765957449,0.07132867132867138
678,8867,8,seed_prime_count,3,20,45,0.36713286713286714,0.4444444444444444,1.2105820105820104,0.07731157731157728
678,7768,7,seed_mirror_pairs_any,yes,44,120,0.3041958041958042,0.36666666666666664,1.2053639846743294,0.06247086247086242
678,7768,7,seed_prime_count,2,31,85,0.3041958041958042,0.36470588235294116,1.198918187964841,0.06051007815713694
678,8867,8,seed_high_count,1,30,69,0.36713286713286714,0.43478260869565216,1.1842650103519667,0.06764974156278503
678,7768,7,seed_structure,ABCD,50,139,0.3041958041958042,0.3597122302158273,1.1825022740428346,0.0555164260200231
678,7768,7,seed_unique_count,4,50,139,0.3041958041958042,0.3597122302158273,1.1825022740428346,0.0555164260200231
678,7768,7,seed_repeat_digit,none,50,139,0.3041958041958042,0.3597122302158273,1.1825022740428346,0.0555164260200231
678,8867,8,seed_sum_lastdigit,7,16,37,0.36713286713286714,0.43243243243243246,1.177863577863578,0.06529956529956532
678,7768,7,seed_sum_lastdigit,2,12,34,0.3041958041958042,0.35294117647058826,1.1602434077079107,0.04874537227478404
678,7768,7,seed_even_count,2,38,108,0.3041958041958042,0.35185185185185186,1.1566624095359728,0.04765604765604764
678,6678,6,seed_prime_count,3,17,45,0.32867132867132864,0.37777777777777777,1.1494089834515366,0.049106449106449124
678,8867,8,seed_trail_band,4-6,31,74,0.36713286713286714,0.4189189189189189,1.141055341055341,0.05178605178605178
678,6678,6,seed_spread_band,0-3,15,40,0.32867132867132864,0.375,1.1409574468085106,0.046328671328671356
678,8867,8,seed_structure,AABC,51,122,0.36713286713286714,0.4180327868852459,1.1386416861826698,0.050899919752378786
678,8867,8,seed_unique_count,3,51,122,0.36713286713286714,0.4180327868852459,1.1386416861826698,0.050899919752378786
678,7768,7,seed_sum_mod3,0,29,85,0.3041958041958042,0.3411764705882353,1.1215686274509804,0.03698066639243108
678,7768,7,seed_sum_band,18-26,45,132,0.3041958041958042,0.3409090909090909,1.1206896551724137,0.036713286713286664
678,7768,7,seed_sum_mod3,2,31,91,0.3041958041958042,0.34065934065934067,1.1198686371100164,0.03646353646353645
678,8867,8,seed_mirror_pairs_any,no,68,166,0.36713286713286714,0.40963855421686746,1.1157773952954675,0.04250568708400032
678,7768,7,seed_spread_band,7-9,39,115,0.3041958041958042,0.3391304347826087,1.1148425787106446,0.03493463058680446
678,6678,6,seed_trail_band,7-9,37,101,0.32867132867132864,0.36633663366336633,1.1145986939119445,0.037665304992037685
678,8867,8,seed_sum_mod3,1,45,110,0.36713286713286714,0.4090909090909091,1.1142857142857143,0.04195804195804198
678,8867,8,seed_sum_lastdigit,4,13,32,0.36713286713286714,0.40625,1.1065476190476191,0.039117132867132864
678,8867,8,seed_high_count,3,34,84,0.36713286713286714,0.40476190476190477,1.1024943310657596,0.03762903762903763
678,7768,7,seed_sum_mod2,0,47,141,0.3041958041958042,0.3333333333333333,1.0957854406130267,0.029137529137529095
678,7768,7,seed_prime_count,0,15,45,0.3041958041958042,0.3333333333333333,1.0957854406130267,0.029137529137529095
678,6678,6,seed_sum_band,27-36,9,25,0.32867132867132864,0.36,1.0953191489361702,0.03132867132867134
678,6678,6,seed_sum_lastdigit,5,9,25,0.32867132867132864,0.36,1.0953191489361702,0.03132867132867134
678,6678,6,seed_prime_count,1,37,103,0.32867132867132864,0.3592233009708738,1.0929560008262758,0.03055197229954515
678,6678,6,seed_even_count,1,24,67,0.32867132867132864,0.3582089552238806,1.0898697999364877,0.029537626552551932
678,8867,8,seed_sum_band,27-36,10,25,0.36713286713286714,0.4,1.0895238095238096,0.03286713286713289
678,8867,8,seed_sum_lastdigit,1,14,35,0.36713286713286714,0.4,1.0895238095238096,0.03286713286713289
678,7768,7,seed_lead_band,4-6,29,88,0.3041958041958042,0.32954545454545453,1.0833333333333333,0.02534965034965031
678,8867,8,seed_spread_band,4-6,52,131,0.36713286713286714,0.3969465648854962,1.0812068338785896,0.029813697752629043
679,9967,9,seed_spread_band,0-3,18,39,0.2977346278317152,0.46153846153846156,1.5501672240802675,0.16380383370674634
679,9967,9,seed_sum_lastdigit,7,13,30,0.2977346278317152,0.43333333333333335,1.4554347826086955,0.13559870550161812
679,9967,9,seed_prime_count,3,21,49,0.2977346278317152,0.42857142857142855,1.4394409937888197,0.13083680073971332
679,6679,6,seed_sum_lastdigit,6,17,34,0.3592233009708738,0.5,1.3918918918918919,0.1407766990291262
679,9967,9,seed_sum_lastdigit,0,13,34,0.2977346278317152,0.38235294117647056,1.2842071611253196,0.08461831334475534
679,7769,7,seed_trail_band,4-6,41,96,0.343042071197411,0.4270833333333333,1.2449882075471699,0.08404126213592233
679,6679,6,seed_sum_lastdigit,9,15,34,0.3592233009708738,0.4411764705882353,1.2281399046104928,0.08195316961736149
679,7769,7,seed_sum_lastdigit,4,16,38,0.343042071197411,0.42105263157894735,1.227408142999007,0.07801056038153636
679,6679,6,seed_consecutive_pairs,2,20,46,0.3592233009708738,0.43478260869565216,1.2103407755581668,0.07555930772477837
679,7769,7,seed_sum_lastdigit,0,14,34,0.343042071197411,0.4117647058823529,1.200332963374029,0.06872263468494194
679,9967,9,seed_structure,AABC,46,129,0.2977346278317152,0.35658914728682173,1.197674418604651,0.0588545194551065
679,9967,9,seed_unique_count,3,46,129,0.2977346278317152,0.35658914728682173,1.197674418604651,0.0588545194551065
679,7769,7,seed_lead_band,4-6,39,95,0.343042071197411,0.4105263157894737,1.196722939424032,0.0674842445920627
679,6679,6,seed_sum_lastdigit,5,15,35,0.3592233009708738,0.42857142857142855,1.1930501930501929,0.06934812760055475
679,7769,7,seed_high_count,2,51,125,0.343042071197411,0.408,1.1893584905660377,0.064957928802589
679,7769,7,seed_sum_lastdigit,3,11,27,0.343042071197411,0.4074074074074074,1.1876310272536688,0.0643653362099964
679,9967,9,seed_trail_band,0-3,41,116,0.2977346278317152,0.35344827586206895,1.1871251874062967,0.055713648030353724
679,6679,6,seed_even_count,3,28,66,0.3592233009708738,0.42424242424242425,1.180999180999181,0.06501912327155046
679,6679,6,seed_vtrac_unique,4,27,64,0.3592233009708738,0.421875,1.1744087837837838,0.0626516990291262
679,7769,7,seed_sum_lastdigit,8,10,25,0.343042071197411,0.4,1.1660377358490568,0.05695792880258904
679,7769,7,seed_mirror_pairs_any,yes,57,143,0.343042071197411,0.3986013986013986,1.1619606808286054,0.05555932740398761
679,7769,7,seed_sum_mod3,2,46,116,0.343042071197411,0.39655172413793105,1.155985686402082,0.05350965294052007
679,6679,6,seed_trail_band,7-9,40,97,0.3592233009708738,0.41237113402061853,1.1479520757871273,0.05314783304974474
679,7769,7,seed_structure,ABCD,64,163,0.343042071197411,0.39263803680981596,1.144576918624841,0.04959596561240498
679,7769,7,seed_unique_count,4,64,163,0.343042071197411,0.39263803680981596,1.144576918624841,0.04959596561240498
679,7769,7,seed_repeat_digit,none,64,163,0.343042071197411,0.39263803680981596,1.144576918624841,0.04959596561240498
679,6679,6,seed_sum_mod3,1,38,93,0.3592233009708738,0.40860215053763443,1.1374600406858473,0.04937884956676064
679,9967,9,seed_consecutive_pairs,1,51,151,0.2977346278317152,0.33774834437086093,1.134393895767348,0.040013716539145705
679,7769,7,seed_consecutive_pairs,0,41,106,0.343042071197411,0.3867924528301887,1.1275364898540408,0.043750381632777724
679,6679,6,seed_lead_band,0-3,51,128,0.3592233009708738,0.3984375,1.1091638513513513,0.03921419902912621
679,6679,6,seed_high_count,1,33,83,0.3592233009708738,0.39759036144578314,1.1068056007815044,0.03836706047490934
679,7769,7,seed_spread_band,4-6,47,124,0.343042071197411,0.3790322580645161,1.1049147900182594,0.035990186867105145
679,9967,9,seed_vtrac_unique,2,23,70,0.2977346278317152,0.32857142857142857,1.1035714285714284,0.030836800739713344
679,9967,9,seed_lead_band,7-9,28,86,0.2977346278317152,0.32558139534883723,1.0935288169868553,0.027846767517122006
679,7769,7,seed_prime_count,1,40,107,0.343042071197411,0.37383177570093457,1.0897548933168755,0.030789704503523585
679,6679,6,seed_sum_mod3,0,39,100,0.3592233009708738,0.39,1.0856756756756758,0.03077669902912622
679,9967,9,seed_sum_lastdigit,1,10,31,0.2977346278317152,0.3225806451612903,1.0834502103786816,0.024846017329575087
679,7769,7,seed_sum_lastdigit,5,13,35,0.343042071197411,0.37142857142857144,1.0827493261455527,0.02838650023116046
679,7769,7,seed_sum_band,10-17,49,132,0.343042071197411,0.3712121212121212,1.0821183533447685,0.028170050014710235
679,7769,7,seed_consecutive_pairs,2,17,46,0.343042071197411,0.3695652173913043,1.0773174733388022,0.026523146193893343
689,8869,8,seed_sum_lastdigit,2,15,32,0.28825622775800713,0.46875,1.6261574074074072,0.18049377224199287
689,9968,9,seed_vtrac_unique,4,20,43,0.3487544483985765,0.46511627906976744,1.3336497389653537,0.11636183067119094
689,6689,6,seed_even_count,1,34,73,0.36298932384341637,0.4657534246575342,1.28310502283105,0.10276410081411785
689,9968,9,seed_prime_count,3,21,47,0.3487544483985765,0.44680851063829785,1.2811550151975684,0.09805406223972135
689,9968,9,seed_sum_lastdigit,0,14,32,0.3487544483985765,0.4375,1.2544642857142858,0.0887455516014235
689,9968,9,seed_consecutive_pairs,2,19,44,0.3487544483985765,0.4318181818181818,1.2381725417439704,0.08306373341960532
689,8869,8,seed_sum_band,18-26,50,141,0.28825622775800713,0.3546099290780142,1.23019000087558,0.06635370132000706
689,9968,9,seed_spread_band,0-3,14,33,0.3487544483985765,0.42424242424242425,1.2164502164502164,0.07548797584384775
689,9968,9,seed_mirror_pairs_any,no,52,123,0.3487544483985765,0.42276422764227645,1.2122117139538744,0.07400977924369995
689,6689,6,seed_sum_lastdigit,3,11,25,0.36298932384341637,0.44,1.212156862745098,0.07701067615658364
689,9968,9,seed_lead_band,4-6,34,81,0.3487544483985765,0.41975308641975306,1.2035777273872512,0.07099863802117656
689,6689,6,seed_mirror_pairs_any,yes,69,158,0.36298932384341637,0.43670886075949367,1.203090096798213,0.0737195369160773
689,6689,6,seed_lead_band,7-9,36,83,0.36298932384341637,0.43373493975903615,1.194897236002835,0.07074561591561979
689,6689,6,seed_sum_lastdigit,6,16,37,0.36298932384341637,0.43243243243243246,1.1913089560148384,0.06944310858901609
689,6689,6,seed_consecutive_pairs,1,62,147,0.36298932384341637,0.4217687074829932,1.1619314392423636,0.058779383639576854
689,6689,6,seed_trail_band,7-9,34,82,0.36298932384341637,0.4146341463414634,1.1422764227642277,0.05164482249804703
689,6689,6,seed_sum_mod2,1,54,131,0.36298932384341637,0.4122137404580153,1.1356084418500225,0.04922441661459892
689,9968,9,seed_consecutive_pairs,0,34,86,0.3487544483985765,0.3953488372093023,1.1336022781205506,0.046594388810725806
689,6689,6,seed_sum_mod3,1,41,100,0.36298932384341637,0.41,1.1295098039215685,0.04701067615658361
689,8869,8,seed_vtrac_unique,4,14,43,0.28825622775800713,0.32558139534883723,1.1294860752225093,0.0373251675908301
689,8869,8,seed_prime_count,0,11,34,0.28825622775800713,0.3235294117647059,1.1223674655047204,0.035273184006698766
689,8869,8,seed_even_count,2,39,121,0.28825622775800713,0.32231404958677684,1.1181512090602999,0.03405782182876971
689,8869,8,seed_lead_band,4-6,26,81,0.28825622775800713,0.32098765432098764,1.113549763755525,0.0327314265629805
689,9968,9,seed_sum_band,10-17,43,111,0.3487544483985765,0.38738738738738737,1.110774039345468,0.03863293898881087
689,9968,9,seed_vtrac_unique,2,27,70,0.3487544483985765,0.38571428571428573,1.1059766763848398,0.03695983731570923
689,8869,8,seed_trail_band,4-6,28,88,0.28825622775800713,0.3181818181818182,1.1038159371492704,0.029925590423811044
689,9968,9,seed_sum_lastdigit,4,10,26,0.3487544483985765,0.38461538461538464,1.1028257456828887,0.03586093621680814
689,8869,8,seed_sum_mod3,0,27,85,0.28825622775800713,0.3176470588235294,1.1019607843137254,0.02939083106552226
689,8869,8,seed_high_count,3,24,76,0.28825622775800713,0.3157894736842105,1.0955165692007796,0.027533245926203376
689,9968,9,seed_high_count,3,29,76,0.3487544483985765,0.3815789473684211,1.0941192266380237,0.03282449896984457
689,6689,6,seed_vtrac_unique,3,66,167,0.36298932384341637,0.39520958083832336,1.0887636491722439,0.03222025699490699
689,9968,9,seed_sum_lastdigit,6,14,37,0.3487544483985765,0.3783783783783784,1.084942084942085,0.0296239299798019
689,8869,8,seed_sum_lastdigit,0,10,32,0.28825622775800713,0.3125,1.0841049382716048,0.024243772241992867
689,6689,6,seed_high_count,2,44,112,0.36298932384341637,0.39285714285714285,1.082282913165266,0.029867819013726482
689,9968,9,seed_sum_lastdigit,2,12,32,0.3487544483985765,0.375,1.0752551020408163,0.0262455516014235
689,8869,8,seed_mirror_pairs_any,no,38,123,0.28825622775800713,0.3089430894308943,1.0717655324701396,0.02068686167288719
689,6689,6,seed_spread_band,7-9,49,126,0.36298932384341637,0.3888888888888889,1.0713507625272332,0.025899565045472528
689,9968,9,seed_sum_mod2,0,56,150,0.3487544483985765,0.37333333333333335,1.0704761904761906,0.02457888493475685
689,8869,8,seed_sum_mod2,0,46,150,0.28825622775800713,0.30666666666666664,1.0638683127572015,0.01841043890865951
689,6689,6,seed_lead_band,0-3,45,117,0.36298932384341637,0.38461538461538464,1.059577677224736,0.02162606077196827
789,7789,7,seed_sum_lastdigit,0,14,31,0.3103448275862069,0.45161290322580644,1.4551971326164874,0.14126807563959953
789,8879,8,seed_sum_lastdigit,3,13,25,0.3667711598746082,0.52,1.4177777777777778,0.15322884012539184
789,7789,7,seed_sum_lastdigit,9,14,32,0.3103448275862069,0.4375,1.409722222222222,0.1271551724137931
789,7789,7,seed_prime_count,3,19,45,0.3103448275862069,0.4222222222222222,1.3604938271604938,0.11187739463601531
789,9978,9,seed_sum_lastdigit,7,14,32,0.322884012539185,0.4375,1.3549757281553396,0.11461598746081503
789,7789,7,seed_sum_mod3,1,49,117,0.3103448275862069,0.4188034188034188,1.3494776828110162,0.10845859121721191
789,8879,8,seed_sum_lastdigit,4,15,31,0.3667711598746082,0.4838709677419355,1.3192721257237385,0.11709980786732732
789,7789,7,seed_even_count,0,10,25,0.3103448275862069,0.4,1.288888888888889,0.08965517241379312
789,8879,8,seed_even_count,3,33,72,0.3667711598746082,0.4583333333333333,1.2496438746438745,0.09156217345872514
789,8879,8,seed_lead_band,7-9,40,88,0.3667711598746082,0.45454545454545453,1.2393162393162391,0.08777429467084635
789,7789,7,seed_sum_lastdigit,6,15,40,0.3103448275862069,0.375,1.2083333333333333,0.0646551724137931
789,7789,7,seed_even_count,1,27,73,0.3103448275862069,0.3698630136986301,1.191780821917808,0.05951818611242321
789,7789,7,seed_spread_band,0-3,17,46,0.3103448275862069,0.3695652173913043,1.1908212560386473,0.05922038980509742
789,9978,9,seed_high_count,1,33,86,0.322884012539185,0.38372093023255816,1.188417249943554,0.06083691769337318
789,9978,9,seed_sum_lastdigit,2,14,37,0.322884012539185,0.3783783783783784,1.1718709000262397,0.05549436583919343
789,9978,9,seed_sum_band,10-17,51,135,0.322884012539185,0.37777777777777777,1.1700107874865155,0.054893765238592795
789,9978,9,seed_lead_band,0-3,51,135,0.322884012539185,0.37777777777777777,1.1700107874865155,0.054893765238592795
789,9978,9,seed_sum_lastdigit,8,13,35,0.322884012539185,0.37142857142857144,1.1503467406380028,0.04854455888938647
789,8879,8,seed_sum_mod3,2,43,103,0.3667711598746082,0.4174757281553398,1.1382457887312254,0.05070456828073161
789,7789,7,seed_sum_band,18-26,49,139,0.3103448275862069,0.35251798561151076,1.1358912869704236,0.04217315802530386
789,9978,9,seed_structure,AABC,49,136,0.322884012539185,0.3602941176470588,1.1158623643632208,0.03741010510787385
789,9978,9,seed_unique_count,3,49,136,0.322884012539185,0.3602941176470588,1.1158623643632208,0.03741010510787385
789,9978,9,seed_sum_mod3,2,37,103,0.322884012539185,0.3592233009708738,1.1125459515505702,0.03633928843168882
789,9978,9,seed_prime_count,1,42,117,0.322884012539185,0.358974358974359,1.1117749564351505,0.036090346435174
789,7789,7,seed_high_count,3,30,87,0.3103448275862069,0.3448275862068966,1.1111111111111112,0.03448275862068967
789,7789,7,seed_lead_band,7-9,30,88,0.3103448275862069,0.3409090909090909,1.0984848484848484,0.030564263322883978
789,9978,9,seed_lead_band,4-6,34,96,0.322884012539185,0.3541666666666667,1.0968851132686084,0.03128265412748171
789,8879,8,seed_structure,ABCD,65,162,0.3667711598746082,0.4012345679012346,1.0939643347050754,0.034463408026626396
789,8879,8,seed_unique_count,4,65,162,0.3667711598746082,0.4012345679012346,1.0939643347050754,0.034463408026626396
789,8879,8,seed_repeat_digit,none,65,162,0.3667711598746082,0.4012345679012346,1.0939643347050754,0.034463408026626396
789,8879,8,seed_sum_lastdigit,5,14,35,0.3667711598746082,0.4,1.0905982905982905,0.033228840125391845
789,9978,9,seed_mirror_pairs_any,no,61,174,0.322884012539185,0.3505747126436782,1.0857605177993528,0.027690700104493204
789,7789,7,seed_high_count,2,38,113,0.3103448275862069,0.336283185840708,1.0835791543756146,0.02593835825450108
789,9978,9,seed_even_count,3,25,72,0.322884012539185,0.3472222222222222,1.0753775620280475,0.024338209683037237
789,7789,7,seed_sum_band,27-36,9,27,0.3103448275862069,0.3333333333333333,1.074074074074074,0.02298850574712641
789,7789,7,seed_sum_mod2,0,58,174,0.3103448275862069,0.3333333333333333,1.074074074074074,0.02298850574712641
789,7789,7,seed_vtrac_unique,3,66,198,0.3103448275862069,0.3333333333333333,1.074074074074074,0.02298850574712641
789,8879,8,seed_vtrac_unique,4,22,56,0.3667711598746082,0.39285714285714285,1.071123321123321,0.026085982982534672
789,9978,9,seed_consecutive_pairs,2,19,55,0.322884012539185,0.34545454545454546,1.0699029126213593,0.022570532915360486
789,8879,8,seed_even_count,2,49,125,0.3667711598746082,0.392,1.0687863247863247,0.025228840125391838
