core_family,Member,repeat_digit,trait,value,trait_member_hits,trait_core_hits,baseline_member_rate,trait_member_rate,lift,lift_diff
12,2201,2,seed_vtrac_unique,4,9,49,0.3247232472324723,0.1836734693877551,0.565630797773655,-0.1410497778447172
12,0012,0,seed_sum_lastdigit,8,6,30,0.3210332103321033,0.2,0.6229885057471265,-0.12103321033210329
12,1102,1,seed_sum_lastdigit,2,7,31,0.35424354243542433,0.22580645161290322,0.6374327956989247,-0.1284370908225211
12,2201,2,seed_sum_lastdigit,7,7,30,0.3247232472324723,0.23333333333333334,0.7185606060606061,-0.09138991389913897
12,0012,0,seed_sum_lastdigit,6,7,29,0.3210332103321033,0.2413793103448276,0.7518826793499802,-0.0796538999872757
12,1102,1,seed_sum_lastdigit,1,7,26,0.35424354243542433,0.2692307692307692,0.7600160256410257,-0.08501277320465511
12,0012,0,seed_spread_band,0-3,9,36,0.3210332103321033,0.25,0.7787356321839081,-0.0710332103321033
12,2201,2,seed_prime_count,1,22,87,0.3247232472324723,0.25287356321839083,0.7787356321839082,-0.07184968401408148
12,2201,2,seed_consecutive_pairs,2,15,58,0.3247232472324723,0.25862068965517243,0.7964341692789969,-0.06610255757729988
12,0012,0,seed_trail_band,0-3,29,110,0.3210332103321033,0.2636363636363636,0.8212121212121212,-0.05739684669573969
12,0012,0,seed_vtrac_unique,2,14,53,0.3210332103321033,0.2641509433962264,0.8228150075905444,-0.05688226693587689
12,2201,2,seed_trail_band,4-6,23,86,0.3247232472324723,0.26744186046511625,0.8235993657505285,-0.05728138676735606
12,0012,0,seed_even_count,2,27,102,0.3210332103321033,0.2647058823529412,0.8245436105476674,-0.05632732797916212
12,2201,2,seed_sum_lastdigit,4,7,26,0.3247232472324723,0.2692307692307692,0.8291083916083916,-0.055492478001703094
12,1102,1,seed_sum_lastdigit,5,10,34,0.35424354243542433,0.29411764705882354,0.8302696078431373,-0.06012589537660079
12,0012,0,seed_sum_lastdigit,7,8,30,0.3210332103321033,0.26666666666666666,0.8306513409961687,-0.05436654366543664
12,2201,2,seed_sum_band,18-26,34,126,0.3247232472324723,0.2698412698412698,0.8309884559884559,-0.054881977391202486
12,2201,2,seed_structure,ABCD,40,147,0.3247232472324723,0.272108843537415,0.8379715522572666,-0.05261440369505732
12,2201,2,seed_unique_count,4,40,147,0.3247232472324723,0.272108843537415,0.8379715522572666,-0.05261440369505732
12,2201,2,seed_repeat_digit,none,40,147,0.3247232472324723,0.272108843537415,0.8379715522572666,-0.05261440369505732
12,0012,0,seed_sum_lastdigit,1,7,26,0.3210332103321033,0.2692307692307692,0.8386383731211318,-0.051802441101334085
12,1102,1,seed_high_count,3,21,70,0.35424354243542433,0.3,0.846875,-0.05424354243542434
12,0012,0,seed_mirror_pairs_any,yes,36,132,0.3210332103321033,0.2727272727272727,0.8495297805642633,-0.048305937604830596
12,1102,1,seed_prime_count,3,14,46,0.35424354243542433,0.30434782608695654,0.8591485507246378,-0.04989571634846779
12,0012,0,seed_prime_count,2,29,104,0.3210332103321033,0.27884615384615385,0.8685897435897436,-0.04218705648594945
12,2201,2,seed_spread_band,7-9,32,113,0.3247232472324723,0.2831858407079646,0.8720836685438456,-0.041537406524507714
12,2201,2,seed_sum_mod3,2,25,88,0.3247232472324723,0.2840909090909091,0.8748708677685951,-0.040632338141563196
12,1102,1,seed_spread_band,4-6,38,122,0.35424354243542433,0.3114754098360656,0.8792691256830603,-0.042768132599358744
12,2201,2,seed_high_count,3,20,70,0.3247232472324723,0.2857142857142857,0.8798701298701298,-0.03900896151818661
12,1102,1,seed_structure,AABC,34,109,0.35424354243542433,0.3119266055045872,0.8805428134556575,-0.04231693693083716
12,1102,1,seed_unique_count,3,34,109,0.35424354243542433,0.3119266055045872,0.8805428134556575,-0.04231693693083716
12,1102,1,seed_even_count,1,20,64,0.35424354243542433,0.3125,0.8821614583333334,-0.04174354243542433
12,0012,0,seed_high_count,1,18,63,0.3210332103321033,0.2857142857142857,0.8899835796387521,-0.035318924617817604
12,2201,2,seed_lead_band,7-9,23,79,0.3247232472324723,0.2911392405063291,0.8965765247410817,-0.0335840067261432
12,0012,0,seed_sum_mod3,0,28,97,0.3210332103321033,0.28865979381443296,0.8991586680886361,-0.03237341651767034
12,1102,1,seed_vtrac_unique,2,17,53,0.35424354243542433,0.32075471698113206,0.9054638364779874,-0.03348882545429227
12,1102,1,seed_sum_mod2,1,43,134,0.35424354243542433,0.3208955223880597,0.9058613184079602,-0.033348020047364646
12,0012,0,seed_sum_mod2,0,40,137,0.3210332103321033,0.291970802919708,0.9094722711636882,-0.029062407412395297
12,1102,1,seed_consecutive_pairs,0,30,93,0.35424354243542433,0.3225806451612903,0.9106182795698925,-0.031662897274134016
12,1102,1,seed_lead_band,4-6,26,80,0.35424354243542433,0.325,0.9174479166666668,-0.02924354243542432
13,1103,1,seed_prime_count,2,26,121,0.3170731707317073,0.21487603305785125,0.6776859504132231,-0.10219713767385608
13,3301,3,seed_spread_band,0-3,9,38,0.34843205574912894,0.23684210526315788,0.6797368421052631,-0.11158995048597106
13,1103,1,seed_vtrac_unique,2,13,59,0.3170731707317073,0.22033898305084745,0.6949152542372881,-0.09673418768085987
13,3301,3,seed_sum_lastdigit,3,8,33,0.34843205574912894,0.24242424242424243,0.6957575757575757,-0.10600781332488651
13,0013,0,seed_prime_count,0,8,34,0.3344947735191638,0.23529411764705882,0.7034313725490196,-0.09920065587210497
13,0013,0,seed_sum_lastdigit,2,6,25,0.3344947735191638,0.24,0.7174999999999999,-0.0944947735191638
13,0013,0,seed_sum_lastdigit,7,7,29,0.3344947735191638,0.2413793103448276,0.7216235632183908,-0.0931154631743362
13,1103,1,seed_mirror_pairs_any,yes,31,135,0.3170731707317073,0.22962962962962963,0.7242165242165242,-0.0874435411020777
13,1103,1,seed_even_count,2,24,102,0.3170731707317073,0.23529411764705882,0.7420814479638009,-0.0817790530846485
13,0013,0,seed_sum_lastdigit,5,8,31,0.3344947735191638,0.25806451612903225,0.7715053763440859,-0.07643025739013154
13,1103,1,seed_high_count,3,18,70,0.3170731707317073,0.2571428571428571,0.8109890109890109,-0.059930313588850204
13,1103,1,seed_sum_mod2,0,34,132,0.3170731707317073,0.25757575757575757,0.8123543123543123,-0.05949741315594975
13,0013,0,seed_trail_band,4-6,23,84,0.3344947735191638,0.27380952380952384,0.818576388888889,-0.060685249709639955
13,0013,0,seed_sum_lastdigit,8,8,29,0.3344947735191638,0.27586206896551724,0.8247126436781609,-0.05863270455364655
13,3301,3,seed_lead_band,4-6,23,80,0.34843205574912894,0.2875,0.8251249999999999,-0.060932055749128966
13,0013,0,seed_high_count,2,27,96,0.3344947735191638,0.28125,0.8408203124999999,-0.05324477351916379
13,0013,0,seed_prime_count,1,25,88,0.3344947735191638,0.2840909090909091,0.849313446969697,-0.050403864428254674
13,3301,3,seed_structure,AABC,34,114,0.34843205574912894,0.2982456140350877,0.8559649122807016,-0.05018644171404124
13,3301,3,seed_unique_count,3,34,114,0.34843205574912894,0.2982456140350877,0.8559649122807016,-0.05018644171404124
13,1103,1,seed_structure,ABCD,43,157,0.3170731707317073,0.27388535031847133,0.8637922586967173,-0.04318782041323599
13,1103,1,seed_unique_count,4,43,157,0.3170731707317073,0.27388535031847133,0.8637922586967173,-0.04318782041323599
13,1103,1,seed_repeat_digit,none,43,157,0.3170731707317073,0.27388535031847133,0.8637922586967173,-0.04318782041323599
13,0013,0,seed_spread_band,0-3,11,38,0.3344947735191638,0.2894736842105263,0.8654057017543859,-0.04502108930863746
13,3301,3,seed_even_count,3,23,76,0.34843205574912894,0.3026315789473684,0.8685526315789474,-0.045800476801760526
13,3301,3,seed_sum_lastdigit,1,10,33,0.34843205574912894,0.30303030303030304,0.8696969696969696,-0.045401752718825905
13,1103,1,seed_sum_band,18-26,32,116,0.3170731707317073,0.27586206896551724,0.870026525198939,-0.041211101766190084
13,1103,1,seed_sum_lastdigit,4,8,29,0.3170731707317073,0.27586206896551724,0.870026525198939,-0.041211101766190084
13,3301,3,seed_trail_band,7-9,28,92,0.34843205574912894,0.30434782608695654,0.8734782608695653,-0.0440842296621724
13,1103,1,seed_spread_band,4-6,35,126,0.3170731707317073,0.2777777777777778,0.8760683760683761,-0.03929539295392953
13,0013,0,seed_mirror_pairs_any,no,45,152,0.3344947735191638,0.29605263157894735,0.8850740131578946,-0.038442141940216445
13,3301,3,seed_mirror_pairs_any,no,47,152,0.34843205574912894,0.3092105263157895,0.8874342105263158,-0.03922152943333945
13,3301,3,seed_sum_mod3,1,30,97,0.34843205574912894,0.30927835051546393,0.8876288659793814,-0.039153705233665015
13,3301,3,seed_sum_mod2,1,48,155,0.34843205574912894,0.3096774193548387,0.888774193548387,-0.03875463639429022
13,3301,3,seed_sum_lastdigit,9,9,29,0.34843205574912894,0.3103448275862069,0.8906896551724137,-0.03808722816292204
13,1103,1,seed_sum_mod3,0,28,99,0.3170731707317073,0.2828282828282828,0.8919968919968919,-0.034244887903424504
13,0013,0,seed_consecutive_pairs,1,40,133,0.3344947735191638,0.3007518796992481,0.8991228070175438,-0.03374289381991569
13,3301,3,seed_high_count,3,22,70,0.34843205574912894,0.3142857142857143,0.9019999999999999,-0.034146341463414664
13,0013,0,seed_even_count,3,23,76,0.3344947735191638,0.3026315789473684,0.9047423245614035,-0.03186319457179537
13,1103,1,seed_lead_band,7-9,27,94,0.3170731707317073,0.2872340425531915,0.9058919803600656,-0.029839128178515806
13,0013,0,seed_sum_mod3,0,30,99,0.3344947735191638,0.30303030303030304,0.9059343434343434,-0.03146447048886075
14,1104,1,seed_sum_lastdigit,4,5,25,0.33584905660377357,0.2,0.5955056179775282,-0.13584905660377355
14,0014,0,seed_sum_mod3,0,19,82,0.36981132075471695,0.23170731707317074,0.6265555002488801,-0.1381040036815462
14,4401,4,seed_sum_lastdigit,3,6,32,0.2943396226415094,0.1875,0.6370192307692308,-0.10683962264150942
14,1104,1,seed_prime_count,0,6,28,0.33584905660377357,0.21428571428571427,0.6380417335473515,-0.12156334231805929
14,1104,1,seed_sum_lastdigit,0,6,26,0.33584905660377357,0.23076923076923078,0.6871218668971478,-0.10507982583454278
14,1104,1,seed_sum_lastdigit,7,8,34,0.33584905660377357,0.23529411764705882,0.7005948446794449,-0.10055493895671475
14,4401,4,seed_consecutive_pairs,0,18,82,0.2943396226415094,0.21951219512195122,0.7457786116322702,-0.0748274275195582
14,4401,4,seed_sum_lastdigit,0,6,26,0.2943396226415094,0.23076923076923078,0.7840236686390534,-0.06357039187227864
14,4401,4,seed_trail_band,7-9,20,86,0.2943396226415094,0.23255813953488372,0.7901013714967203,-0.061781483106625706
14,4401,4,seed_sum_lastdigit,4,6,25,0.2943396226415094,0.24,0.8153846153846154,-0.05433962264150943
14,4401,4,seed_vtrac_unique,4,12,50,0.2943396226415094,0.24,0.8153846153846154,-0.05433962264150943
14,1104,1,seed_sum_mod2,0,34,124,0.33584905660377357,0.27419354838709675,0.8164189923885465,-0.06165550821667681
14,0014,0,seed_prime_count,2,27,89,0.36981132075471695,0.30337078651685395,0.8203393717037378,-0.066440534237863
14,0014,0,seed_even_count,1,22,72,0.36981132075471695,0.3055555555555556,0.8262471655328799,-0.06425576519916137
14,0014,0,seed_mirror_pairs_any,yes,39,127,0.36981132075471695,0.30708661417322836,0.830387273019444,-0.0627247065814886
14,0014,0,seed_sum_lastdigit,2,8,26,0.36981132075471695,0.3076923076923077,0.8320251177394036,-0.062119013062409245
14,1104,1,seed_even_count,2,26,93,0.33584905660377357,0.27956989247311825,0.8324272079255769,-0.05627916413065531
14,1104,1,seed_structure,AABC,31,110,0.33584905660377357,0.2818181818181818,0.8391215526046987,-0.054030874785591765
14,1104,1,seed_unique_count,3,31,110,0.33584905660377357,0.2818181818181818,0.8391215526046987,-0.054030874785591765
14,1104,1,seed_mirror_pairs_any,no,39,138,0.33584905660377357,0.2826086956521739,0.8414753297508549,-0.053240360951599675
14,0014,0,seed_sum_mod2,1,44,141,0.36981132075471695,0.3120567375886525,0.8438268924591114,-0.057754583166064466
14,4401,4,seed_vtrac_unique,2,14,56,0.2943396226415094,0.25,0.8493589743589743,-0.044339622641509424
14,4401,4,seed_prime_count,0,7,28,0.2943396226415094,0.25,0.8493589743589743,-0.044339622641509424
14,0014,0,seed_structure,ABCD,44,139,0.36981132075471695,0.31654676258992803,0.8559682865952136,-0.05326455816478892
14,0014,0,seed_unique_count,4,44,139,0.36981132075471695,0.31654676258992803,0.8559682865952136,-0.05326455816478892
14,0014,0,seed_repeat_digit,none,44,139,0.36981132075471695,0.31654676258992803,0.8559682865952136,-0.05326455816478892
14,1104,1,seed_lead_band,4-6,21,73,0.33584905660377357,0.2876712328767123,0.8565491765430199,-0.04817782372706125
14,4401,4,seed_sum_mod3,1,22,87,0.2943396226415094,0.25287356321839083,0.8591217211906869,-0.041466059423118595
14,0014,0,seed_even_count,3,22,69,0.36981132075471695,0.3188405797101449,0.8621709553386572,-0.050970741044572054
14,0014,0,seed_sum_band,10-17,34,106,0.36981132075471695,0.32075471698113206,0.8673469387755103,-0.049056603773584895
14,1104,1,seed_sum_mod3,2,28,96,0.33584905660377357,0.2916666666666667,0.8684456928838953,-0.04418238993710688
14,0014,0,seed_consecutive_pairs,2,15,46,0.36981132075471695,0.32608695652173914,0.8817657497781722,-0.04372436423297782
14,0014,0,seed_high_count,2,31,95,0.36981132075471695,0.3263157894736842,0.8823845327604727,-0.04349553128103273
14,4401,4,seed_sum_mod3,2,25,96,0.2943396226415094,0.2604166666666667,0.8847489316239318,-0.03392295597484274
14,0014,0,seed_trail_band,0-3,37,113,0.36981132075471695,0.3274336283185841,0.8854072602492326,-0.042377692436132874
14,0014,0,seed_high_count,1,22,67,0.36981132075471695,0.3283582089552239,0.8879074017666769,-0.04145311179949307
14,0014,0,seed_trail_band,4-6,22,66,0.36981132075471695,0.3333333333333333,0.9013605442176871,-0.03647798742138364
14,1104,1,seed_trail_band,4-6,20,66,0.33584905660377357,0.30303030303030304,0.9022812393598911,-0.03281875357347053
14,4401,4,seed_sum_lastdigit,5,8,30,0.2943396226415094,0.26666666666666666,0.905982905982906,-0.02767295597484276
14,0014,0,seed_spread_band,7-9,42,125,0.36981132075471695,0.336,0.9085714285714287,-0.033811320754716934
15,1105,1,seed_sum_lastdigit,9,6,31,0.35106382978723405,0.1935483870967742,0.5513196480938416,-0.15751544269045986
15,5501,5,seed_vtrac_unique,2,13,59,0.2978723404255319,0.22033898305084745,0.7397094430992737,-0.07753335737468445
15,5501,5,seed_sum_lastdigit,8,6,27,0.2978723404255319,0.2222222222222222,0.746031746031746,-0.07565011820330969
15,0015,0,seed_sum_lastdigit,2,9,33,0.35106382978723405,0.2727272727272727,0.7768595041322314,-0.07833655705996134
15,0015,0,seed_high_count,1,17,62,0.35106382978723405,0.27419354838709675,0.7810361681329423,-0.0768702814001373
15,1105,1,seed_sum_lastdigit,1,8,29,0.35106382978723405,0.27586206896551724,0.7857889237199581,-0.07520176082171681
15,5501,5,seed_even_count,3,15,63,0.2978723404255319,0.23809523809523808,0.7993197278911565,-0.05977710233029382
15,5501,5,seed_consecutive_pairs,2,12,50,0.2978723404255319,0.24,0.8057142857142857,-0.05787234042553191
15,0015,0,seed_sum_lastdigit,3,8,28,0.35106382978723405,0.2857142857142857,0.8138528138528138,-0.06534954407294835
15,0015,0,seed_trail_band,0-3,30,105,0.35106382978723405,0.2857142857142857,0.8138528138528138,-0.06534954407294835
15,5501,5,seed_sum_lastdigit,6,8,33,0.2978723404255319,0.24242424242424243,0.8138528138528139,-0.05544809800128947
15,1105,1,seed_sum_mod3,0,23,80,0.35106382978723405,0.2875,0.8189393939393939,-0.06356382978723407
15,0015,0,seed_even_count,1,23,80,0.35106382978723405,0.2875,0.8189393939393939,-0.06356382978723407
15,1105,1,seed_spread_band,0-3,10,34,0.35106382978723405,0.29411764705882354,0.8377896613190731,-0.05694618272841051
15,5501,5,seed_sum_lastdigit,3,7,28,0.2978723404255319,0.25,0.8392857142857143,-0.0478723404255319
15,1105,1,seed_high_count,2,31,104,0.35106382978723405,0.2980769230769231,0.849067599067599,-0.05298690671031098
15,5501,5,seed_trail_band,7-9,21,83,0.2978723404255319,0.25301204819277107,0.8493975903614458,-0.044860292232760834
15,0015,0,seed_sum_lastdigit,6,10,33,0.35106382978723405,0.30303030303030304,0.8631772268135904,-0.04803352675693101
15,5501,5,seed_sum_lastdigit,5,8,31,0.2978723404255319,0.25806451612903225,0.8663594470046083,-0.03980782429649965
15,5501,5,seed_prime_count,0,8,31,0.2978723404255319,0.25806451612903225,0.8663594470046083,-0.03980782429649965
15,1105,1,seed_vtrac_unique,4,18,59,0.35106382978723405,0.3050847457627119,0.8690292758089369,-0.045979084024522165
15,1105,1,seed_prime_count,1,29,95,0.35106382978723405,0.30526315789473685,0.8695374800637958,-0.0458006718924972
15,5501,5,seed_spread_band,4-6,32,123,0.2978723404255319,0.2601626016260163,0.8734030197444833,-0.03770973879951561
15,0015,0,seed_sum_lastdigit,0,8,26,0.35106382978723405,0.3076923076923077,0.8764568764568765,-0.04337152209492634
15,5501,5,seed_sum_mod3,2,24,91,0.2978723404255319,0.26373626373626374,0.8854003139717426,-0.03413607668926816
15,5501,5,seed_high_count,3,23,86,0.2978723404255319,0.26744186046511625,0.8978405315614617,-0.030430479960415646
15,1105,1,seed_consecutive_pairs,1,38,120,0.35106382978723405,0.31666666666666665,0.9020202020202019,-0.0343971631205674
15,1105,1,seed_structure,ABCD,45,142,0.35106382978723405,0.31690140845070425,0.9026888604353394,-0.0341624213365298
15,1105,1,seed_unique_count,4,45,142,0.35106382978723405,0.31690140845070425,0.9026888604353394,-0.0341624213365298
15,1105,1,seed_repeat_digit,none,45,142,0.35106382978723405,0.31690140845070425,0.9026888604353394,-0.0341624213365298
15,1105,1,seed_lead_band,7-9,33,104,0.35106382978723405,0.3173076923076923,0.9038461538461537,-0.03375613747954176
15,0015,0,seed_sum_mod3,2,29,91,0.35106382978723405,0.31868131868131866,0.9077589077589077,-0.03238251110591539
15,1105,1,seed_spread_band,7-9,40,125,0.35106382978723405,0.32,0.9115151515151515,-0.031063829787234043
15,5501,5,seed_structure,AABC,34,125,0.2978723404255319,0.272,0.9131428571428573,-0.02587234042553188
15,5501,5,seed_unique_count,3,34,125,0.2978723404255319,0.272,0.9131428571428573,-0.02587234042553188
15,0015,0,seed_prime_count,3,18,56,0.35106382978723405,0.32142857142857145,0.9155844155844156,-0.029635258358662597
15,0015,0,seed_vtrac_unique,4,19,59,0.35106382978723405,0.3220338983050847,0.9173086800205443,-0.02902993148214933
15,0015,0,seed_lead_band,0-3,29,90,0.35106382978723405,0.32222222222222224,0.9178451178451179,-0.028841607565011806
15,5501,5,seed_consecutive_pairs,0,29,106,0.2978723404255319,0.27358490566037735,0.9184636118598383,-0.024287434765154547
15,1105,1,seed_sum_lastdigit,5,10,31,0.35106382978723405,0.3225806451612903,0.9188660801564027,-0.028483184625943736
16,1106,1,seed_sum_lastdigit,7,6,34,0.3556231003039514,0.17647058823529413,0.4962292609351433,-0.17915251206865726
16,6601,6,seed_spread_band,0-3,7,42,0.2826747720364742,0.16666666666666666,0.589605734767025,-0.11600810536980752
16,6601,6,seed_sum_lastdigit,0,6,32,0.2826747720364742,0.1875,0.6633064516129032,-0.09517477203647418
16,1106,1,seed_sum_lastdigit,9,8,32,0.3556231003039514,0.25,0.7029914529914529,-0.10562310030395139
16,6601,6,seed_sum_band,0-9,6,29,0.2826747720364742,0.20689655172413793,0.731924360400445,-0.07577822031233625
16,0016,0,seed_vtrac_unique,2,20,75,0.3617021276595745,0.26666666666666666,0.7372549019607842,-0.09503546099290783
16,0016,0,seed_sum_lastdigit,1,11,41,0.3617021276595745,0.2682926829268293,0.7417503586800573,-0.0934094447327452
16,0016,0,seed_sum_lastdigit,3,9,33,0.3617021276595745,0.2727272727272727,0.7540106951871657,-0.08897485493230178
16,1106,1,seed_vtrac_unique,4,18,67,0.3556231003039514,0.26865671641791045,0.7554535017221584,-0.08696638388604094
16,6601,6,seed_prime_count,3,11,51,0.2826747720364742,0.21568627450980393,0.7630191861690913,-0.06698849752667024
16,6601,6,seed_sum_lastdigit,9,7,32,0.2826747720364742,0.21875,0.7738575268817204,-0.06392477203647418
16,6601,6,seed_structure,AABC,30,136,0.2826747720364742,0.22058823529411764,0.7803605313092978,-0.062086536742356535
16,6601,6,seed_unique_count,3,30,136,0.2826747720364742,0.22058823529411764,0.7803605313092978,-0.062086536742356535
16,1106,1,seed_sum_lastdigit,6,9,32,0.3556231003039514,0.28125,0.7908653846153846,-0.07437310030395139
16,0016,0,seed_prime_count,3,15,51,0.3617021276595745,0.29411764705882354,0.8131487889273357,-0.06758448060075095
16,1106,1,seed_structure,ABCD,51,173,0.3556231003039514,0.2947976878612717,0.8289610197124648,-0.060825412442679694
16,1106,1,seed_unique_count,4,51,173,0.3556231003039514,0.2947976878612717,0.8289610197124648,-0.060825412442679694
16,1106,1,seed_repeat_digit,none,51,173,0.3556231003039514,0.2947976878612717,0.8289610197124648,-0.060825412442679694
16,0016,0,seed_mirror_pairs_any,yes,46,152,0.3617021276595745,0.3026315789473684,0.8366873065015479,-0.05907054871220607
16,0016,0,seed_sum_lastdigit,8,10,33,0.3617021276595745,0.30303030303030304,0.8377896613190731,-0.05867182462927145
16,6601,6,seed_mirror_pairs_any,no,42,177,0.2826747720364742,0.23728813559322035,0.8394386732276289,-0.04538663644325383
16,6601,6,seed_consecutive_pairs,2,19,80,0.2826747720364742,0.2375,0.8401881720430107,-0.04517477203647419
16,1106,1,seed_high_count,2,42,140,0.3556231003039514,0.3,0.8435897435897435,-0.0556231003039514
16,1106,1,seed_spread_band,7-9,45,149,0.3556231003039514,0.30201342281879195,0.8492514197212183,-0.053609677485159435
16,6601,6,seed_sum_lastdigit,5,7,29,0.2826747720364742,0.2413793103448276,0.8539117538005191,-0.04129546169164658
16,6601,6,seed_sum_lastdigit,3,8,33,0.2826747720364742,0.24242424242424243,0.8576083414793092,-0.040250529612231745
16,0016,0,seed_sum_lastdigit,6,10,32,0.3617021276595745,0.3125,0.863970588235294,-0.04920212765957449
16,6601,6,seed_consecutive_pairs,0,26,106,0.2826747720364742,0.24528301886792453,0.8677216473929803,-0.037391753168549646
16,0016,0,seed_sum_lastdigit,4,11,35,0.3617021276595745,0.3142857142857143,0.86890756302521,-0.04741641337386021
16,1106,1,seed_consecutive_pairs,1,43,138,0.3556231003039514,0.3115942028985507,0.8761922457574631,-0.04402889740540067
16,1106,1,seed_prime_count,2,36,115,0.3556231003039514,0.3130434782608696,0.8802675585284281,-0.0425796220430818
16,1106,1,seed_sum_lastdigit,4,11,35,0.3556231003039514,0.3142857142857143,0.8837606837606837,-0.04133738601823711
16,0016,0,seed_high_count,1,24,75,0.3617021276595745,0.32,0.8847058823529411,-0.041702127659574484
16,6601,6,seed_vtrac_unique,2,19,75,0.2826747720364742,0.25333333333333335,0.8962007168458782,-0.02934143870314082
16,0016,0,seed_sum_band,10-17,41,126,0.3617021276595745,0.3253968253968254,0.8996265172735761,-0.036305302262749084
16,1106,1,seed_even_count,1,29,90,0.3556231003039514,0.32222222222222224,0.9060778727445394,-0.033400878081729146
16,1106,1,seed_trail_band,0-3,42,130,0.3556231003039514,0.3230769230769231,0.9084812623274162,-0.032546177227028295
16,6601,6,seed_even_count,2,33,128,0.2826747720364742,0.2578125,0.9120463709677419,-0.024862272036474176
16,1106,1,seed_lead_band,4-6,31,95,0.3556231003039514,0.3263157894736842,0.9175888439046334,-0.029307310830267164
16,1106,1,seed_sum_mod3,1,32,98,0.3556231003039514,0.32653061224489793,0.918192918192918,-0.029092488059053456
17,1107,1,seed_sum_lastdigit,1,7,31,0.36156351791530944,0.22580645161290322,0.6245277535600117,-0.13575706630240622
17,7701,7,seed_mirror_pairs_any,yes,27,142,0.2964169381107492,0.19014084507042253,0.6414641696331836,-0.10627609304032667
17,7701,7,seed_consecutive_pairs,2,10,52,0.2964169381107492,0.19230769230769232,0.6487743026204564,-0.10410924580305689
17,0017,0,seed_sum_lastdigit,6,8,36,0.34201954397394135,0.2222222222222222,0.6497354497354497,-0.11979732175171914
17,1107,1,seed_sum_lastdigit,5,8,32,0.36156351791530944,0.25,0.6914414414414415,-0.11156351791530944
17,0017,0,seed_sum_lastdigit,7,8,33,0.34201954397394135,0.24242424242424243,0.7088023088023089,-0.09959530154969892
17,0017,0,seed_sum_lastdigit,3,9,36,0.34201954397394135,0.25,0.730952380952381,-0.09201954397394135
17,0017,0,seed_prime_count,2,25,98,0.34201954397394135,0.25510204081632654,0.7458697764820215,-0.08691750315761482
17,7701,7,seed_sum_lastdigit,3,8,36,0.2964169381107492,0.2222222222222222,0.7496947496947496,-0.074194715888527
17,1107,1,seed_prime_count,0,14,50,0.36156351791530944,0.28,0.7744144144144145,-0.08156351791530941
17,1107,1,seed_prime_count,3,14,50,0.36156351791530944,0.28,0.7744144144144145,-0.08156351791530941
17,7701,7,seed_high_count,1,18,77,0.2964169381107492,0.23376623376623376,0.7886399314970742,-0.06265070434451545
17,1107,1,seed_high_count,3,20,70,0.36156351791530944,0.2857142857142857,0.7902187902187902,-0.07584923220102374
17,1107,1,seed_even_count,3,24,82,0.36156351791530944,0.2926829268292683,0.8094924192485168,-0.06888059108604117
17,1107,1,seed_vtrac_unique,4,15,51,0.36156351791530944,0.29411764705882354,0.8134605193428723,-0.0674458708564859
17,1107,1,seed_sum_lastdigit,0,11,37,0.36156351791530944,0.2972972972972973,0.8222546871195521,-0.06426622061801213
17,0017,0,seed_sum_lastdigit,8,9,32,0.34201954397394135,0.28125,0.8223214285714286,-0.06076954397394135
17,7701,7,seed_structure,ABCD,36,147,0.2964169381107492,0.24489795918367346,0.8261942139493159,-0.05151897892707574
17,7701,7,seed_unique_count,4,36,147,0.2964169381107492,0.24489795918367346,0.8261942139493159,-0.05151897892707574
17,7701,7,seed_repeat_digit,none,36,147,0.2964169381107492,0.24489795918367346,0.8261942139493159,-0.05151897892707574
17,7701,7,seed_lead_band,4-6,23,93,0.2964169381107492,0.24731182795698925,0.8343377053054472,-0.04910511015375996
17,1107,1,seed_trail_band,4-6,27,88,0.36156351791530944,0.3068181818181818,0.8485872235872236,-0.05474533609712762
17,7701,7,seed_spread_band,4-6,32,126,0.2964169381107492,0.25396825396825395,0.8567939996511424,-0.04244868414249525
17,0017,0,seed_vtrac_unique,4,15,51,0.34201954397394135,0.29411764705882354,0.8599439775910365,-0.047901896915117814
17,0017,0,seed_mirror_pairs_any,no,49,165,0.34201954397394135,0.296969696969697,0.8682828282828284,-0.04504984700424436
17,1107,1,seed_structure,AABC,44,140,0.36156351791530944,0.3142857142857143,0.8692406692406692,-0.04727780362959516
17,1107,1,seed_unique_count,3,44,140,0.36156351791530944,0.3142857142857143,0.8692406692406692,-0.04727780362959516
17,0017,0,seed_spread_band,0-3,14,47,0.34201954397394135,0.2978723404255319,0.8709219858156029,-0.04414720354840945
17,1107,1,seed_mirror_pairs_any,no,52,165,0.36156351791530944,0.3151515151515151,0.8716352716352715,-0.04641200276379431
17,0017,0,seed_spread_band,7-9,40,134,0.34201954397394135,0.29850746268656714,0.8727789623312011,-0.043512081287374216
17,0017,0,seed_trail_band,7-9,29,97,0.34201954397394135,0.29896907216494845,0.8741286205203731,-0.04305047180899291
17,7701,7,seed_prime_count,0,13,50,0.2964169381107492,0.26,0.8771428571428571,-0.0364169381107492
17,7701,7,seed_trail_band,0-3,32,122,0.2964169381107492,0.26229508196721313,0.8848856061970816,-0.03412185614353608
17,1107,1,seed_lead_band,7-9,29,90,0.36156351791530944,0.32222222222222224,0.8911911911911913,-0.0393412956930872
17,7701,7,seed_high_count,2,32,120,0.2964169381107492,0.26666666666666666,0.8996336996336995,-0.029750271444082543
17,7701,7,seed_vtrac_unique,3,49,183,0.2964169381107492,0.2677595628415301,0.9033207229928542,-0.028657375269219132
17,0017,0,seed_even_count,2,35,113,0.34201954397394135,0.30973451327433627,0.9056047197640118,-0.03228503069960509
17,1107,1,seed_vtrac_unique,2,24,73,0.36156351791530944,0.3287671232876712,0.909292854498334,-0.032796394627638226
17,0017,0,seed_sum_mod3,2,38,121,0.34201954397394135,0.3140495867768595,0.9182211727666274,-0.02796995719708184
17,1107,1,seed_sum_mod2,1,52,156,0.36156351791530944,0.3333333333333333,0.9219219219219219,-0.028230184581976125
18,1108,1,seed_trail_band,0-3,26,114,0.3050847457627119,0.22807017543859648,0.7475633528265107,-0.0770145703241154
18,1108,1,seed_prime_count,0,11,48,0.3050847457627119,0.22916666666666666,0.7511574074074073,-0.07591807909604523
18,0018,0,seed_sum_lastdigit,0,8,31,0.3254237288135593,0.25806451612903225,0.7930107526881721,-0.06735921268452705
18,1108,1,seed_sum_lastdigit,7,8,33,0.3050847457627119,0.24242424242424243,0.7946127946127945,-0.06266050333846945
18,8801,8,seed_high_count,1,24,81,0.3694915254237288,0.2962962962962963,0.8019028202514441,-0.07319522912743254
18,1108,1,seed_sum_lastdigit,8,8,32,0.3050847457627119,0.25,0.8194444444444444,-0.055084745762711884
18,0018,0,seed_sum_lastdigit,1,8,30,0.3254237288135593,0.26666666666666666,0.8194444444444445,-0.058757062146892636
18,8801,8,seed_prime_count,3,14,46,0.3694915254237288,0.30434782608695654,0.8236936577582769,-0.06514369933677228
18,0018,0,seed_sum_lastdigit,3,7,26,0.3254237288135593,0.2692307692307692,0.827323717948718,-0.05619295958279008
18,0018,0,seed_spread_band,0-3,7,26,0.3254237288135593,0.2692307692307692,0.827323717948718,-0.05619295958279008
18,8801,8,seed_vtrac_unique,4,18,58,0.3694915254237288,0.3103448275862069,0.8399240746599178,-0.05914669783752191
18,0018,0,seed_trail_band,7-9,26,95,0.3254237288135593,0.2736842105263158,0.8410087719298247,-0.05173951828724349
18,1108,1,seed_sum_lastdigit,4,9,35,0.3050847457627119,0.2571428571428571,0.8428571428571427,-0.04794188861985477
18,0018,0,seed_prime_count,2,27,98,0.3254237288135593,0.2755102040816326,0.8466198979591837,-0.04991352473192667
18,1108,1,seed_sum_lastdigit,2,8,30,0.3050847457627119,0.26666666666666666,0.874074074074074,-0.03841807909604522
18,0018,0,seed_sum_lastdigit,5,10,35,0.3254237288135593,0.2857142857142857,0.8779761904761905,-0.0397094430992736
18,8801,8,seed_sum_band,18-26,42,129,0.3694915254237288,0.32558139534883723,0.8811606571367613,-0.043910130074891585
18,8801,8,seed_trail_band,4-6,28,86,0.3694915254237288,0.32558139534883723,0.8811606571367613,-0.043910130074891585
18,1108,1,seed_lead_band,7-9,25,92,0.3050847457627119,0.2717391304347826,0.8907004830917873,-0.03334561532792929
18,8801,8,seed_even_count,3,27,82,0.3694915254237288,0.32926829268292684,0.8911389572611322,-0.04022323274080197
18,8801,8,seed_structure,AABC,42,126,0.3694915254237288,0.3333333333333333,0.9021406727828746,-0.0361581920903955
18,8801,8,seed_unique_count,3,42,126,0.3694915254237288,0.3333333333333333,0.9021406727828746,-0.0361581920903955
18,8801,8,seed_lead_band,4-6,30,89,0.3694915254237288,0.33707865168539325,0.9122770848366147,-0.03241287373833557
18,8801,8,seed_spread_band,4-6,42,124,0.3694915254237288,0.3387096774193548,0.9166913287955015,-0.030781848004374
18,0018,0,seed_high_count,3,22,73,0.3254237288135593,0.3013698630136986,0.9260844748858448,-0.024053865799860685
18,1108,1,seed_sum_mod3,1,26,92,0.3050847457627119,0.2826086956521739,0.9263285024154588,-0.022476050110537993
18,8801,8,seed_sum_lastdigit,5,12,35,0.3694915254237288,0.34285714285714286,0.927916120576671,-0.026634382566585957
18,0018,0,seed_sum_lastdigit,7,10,33,0.3254237288135593,0.30303030303030304,0.9311868686868687,-0.02239342578325626
18,0018,0,seed_mirror_pairs_any,no,47,154,0.3254237288135593,0.3051948051948052,0.9378382034632035,-0.020228923618754113
18,8801,8,seed_prime_count,1,34,98,0.3694915254237288,0.3469387755102041,0.9389627410597267,-0.02255274991352474
18,8801,8,seed_sum_mod2,1,50,144,0.3694915254237288,0.3472222222222222,0.939729867482161,-0.022269303201506607
18,8801,8,seed_mirror_pairs_any,yes,49,141,0.3694915254237288,0.3475177304964539,0.9405296375821459,-0.021973794927274914
18,8801,8,seed_vtrac_unique,2,24,69,0.3694915254237288,0.34782608695652173,0.9413641802951734,-0.021665438467207088
18,0018,0,seed_sum_mod3,2,31,101,0.3254237288135593,0.3069306930693069,0.9431724422442245,-0.018493035744252373
18,0018,0,seed_vtrac_unique,3,51,166,0.3254237288135593,0.3072289156626506,0.9440888554216867,-0.018194813150908706
18,1108,1,seed_even_count,1,18,62,0.3050847457627119,0.2903225806451613,0.9516129032258065,-0.014762165117550574
18,8801,8,seed_consecutive_pairs,0,37,105,0.3694915254237288,0.3523809523809524,0.9536915683704675,-0.01711057304277641
18,1108,1,seed_sum_mod2,0,44,151,0.3050847457627119,0.2913907284768212,0.9551140544518028,-0.013694017285890703
18,8801,8,seed_sum_mod3,0,36,102,0.3694915254237288,0.35294117647058826,0.9552077711818673,-0.01655034895314056
18,8801,8,seed_sum_lastdigit,0,11,31,0.3694915254237288,0.3548387096774194,0.9603432968333827,-0.014652815746309444
19,0019,0,seed_sum_lastdigit,2,5,34,0.2554517133956386,0.14705882352941177,0.5756814921090389,-0.10839288986622683
19,0019,0,seed_sum_lastdigit,1,5,33,0.2554517133956386,0.15151515151515152,0.5931263858093128,-0.10393656188048708
19,0019,0,seed_sum_lastdigit,8,5,32,0.2554517133956386,0.15625,0.6116615853658537,-0.0992017133956386
19,0019,0,seed_prime_count,0,6,37,0.2554517133956386,0.16216216216216217,0.6348055372445618,-0.09328955123347643
19,9901,9,seed_sum_lastdigit,7,7,27,0.38006230529595014,0.25925925925925924,0.6821493624772313,-0.1208030460366909
19,9901,9,seed_sum_lastdigit,6,8,30,0.38006230529595014,0.26666666666666666,0.7016393442622951,-0.11339563862928348
19,9901,9,seed_trail_band,4-6,25,91,0.38006230529595014,0.27472527472527475,0.7228427310394524,-0.1053370305706754
19,0019,0,seed_high_count,1,17,92,0.2554517133956386,0.18478260869565216,0.723356309650053,-0.07066910469998644
19,0019,0,seed_spread_band,7-9,27,146,0.2554517133956386,0.18493150684931506,0.723939191446709,-0.07052020654632354
19,0019,0,seed_sum_mod3,0,20,106,0.2554517133956386,0.18867924528301888,0.7386102162908423,-0.06677246811261972
19,1109,1,seed_sum_lastdigit,3,8,29,0.3644859813084112,0.27586206896551724,0.7568523430592397,-0.08862391234289396
19,1109,1,seed_prime_count,3,15,53,0.3644859813084112,0.2830188679245283,0.7764876632801161,-0.0814671133838829
19,9901,9,seed_sum_lastdigit,9,13,44,0.38006230529595014,0.29545454545454547,0.7773845007451565,-0.08460775984140467
19,1109,1,seed_consecutive_pairs,2,15,52,0.3644859813084112,0.28846153846153844,0.7914201183431953,-0.07602444284687276
19,0019,0,seed_vtrac_unique,4,15,74,0.2554517133956386,0.20270270270270271,0.7935069215557021,-0.05274901069293589
19,0019,0,seed_sum_band,10-17,26,128,0.2554517133956386,0.203125,0.7951600609756099,-0.0523267133956386
19,0019,0,seed_sum_lastdigit,3,6,29,0.2554517133956386,0.20689655172413793,0.8099243061396132,-0.048555161671500674
19,1109,1,seed_spread_band,0-3,12,40,0.3644859813084112,0.3,0.823076923076923,-0.06448598130841121
19,1109,1,seed_trail_band,7-9,29,96,0.3644859813084112,0.3020833333333333,0.828792735042735,-0.062402647975077885
19,0019,0,seed_mirror_pairs_any,yes,32,151,0.2554517133956386,0.2119205298013245,0.8295913422710387,-0.0435311835943141
19,0019,0,seed_high_count,2,24,113,0.2554517133956386,0.21238938053097345,0.8314267213468596,-0.043062332864665154
19,9901,9,seed_prime_count,2,37,117,0.38006230529595014,0.3162393162393162,0.832072299285414,-0.06382298905663392
19,0019,0,seed_consecutive_pairs,0,22,103,0.2554517133956386,0.21359223300970873,0.8361354487331282,-0.041859480385929876
19,1109,1,seed_structure,AABC,37,121,0.3644859813084112,0.30578512396694213,0.8389489298580207,-0.05870085734146907
19,1109,1,seed_unique_count,3,37,121,0.3644859813084112,0.30578512396694213,0.8389489298580207,-0.05870085734146907
19,9901,9,seed_sum_mod3,2,34,106,0.38006230529595014,0.32075471698113206,0.8439529848437983,-0.05930758831481808
19,1109,1,seed_prime_count,1,33,106,0.3644859813084112,0.3113207547169811,0.8541364296081277,-0.05316522659143008
19,9901,9,seed_spread_band,0-3,13,40,0.38006230529595014,0.325,0.8551229508196722,-0.05506230529595013
19,1109,1,seed_lead_band,4-6,30,96,0.3644859813084112,0.3125,0.8573717948717949,-0.0519859813084112
19,0019,0,seed_structure,ABCD,39,177,0.2554517133956386,0.22033898305084745,0.8625465068210005,-0.03511273034479115
19,0019,0,seed_unique_count,4,39,177,0.2554517133956386,0.22033898305084745,0.8625465068210005,-0.03511273034479115
19,0019,0,seed_repeat_digit,none,39,177,0.2554517133956386,0.22033898305084745,0.8625465068210005,-0.03511273034479115
19,0019,0,seed_even_count,1,18,81,0.2554517133956386,0.2222222222222222,0.8699186991869919,-0.03322949117341639
19,0019,0,seed_trail_band,0-3,30,134,0.2554517133956386,0.22388059701492538,0.8764106297779397,-0.03157111638071322
19,1109,1,seed_mirror_pairs_any,no,55,170,0.3644859813084112,0.3235294117647059,0.88763197586727,-0.0409565695437053
19,9901,9,seed_lead_band,0-3,43,126,0.38006230529595014,0.3412698412698413,0.8979313036690086,-0.038792464026108864
19,0019,0,seed_sum_lastdigit,5,6,26,0.2554517133956386,0.23076923076923078,0.903377110694184,-0.02468248262640782
19,1109,1,seed_vtrac_unique,3,58,175,0.3644859813084112,0.3314285714285714,0.9093040293040293,-0.033057409879839794
19,0019,0,seed_lead_band,7-9,23,99,0.2554517133956386,0.23232323232323232,0.9094604582409461,-0.02312848107240628
19,1109,1,seed_sum_lastdigit,6,10,30,0.3644859813084112,0.3333333333333333,0.9145299145299145,-0.031152647975077885
23,0023,0,seed_sum_lastdigit,9,6,36,0.3064516129032258,0.16666666666666666,0.5438596491228069,-0.13978494623655915
23,3302,3,seed_sum_lastdigit,3,8,40,0.34516129032258064,0.2,0.5794392523364487,-0.14516129032258063
23,3302,3,seed_sum_lastdigit,7,7,32,0.34516129032258064,0.21875,0.6337616822429907,-0.12641129032258064
23,2203,2,seed_sum_lastdigit,9,8,36,0.34838709677419355,0.2222222222222222,0.6378600823045267,-0.12616487455197134
23,3302,3,seed_trail_band,7-9,23,95,0.34516129032258064,0.24210526315789474,0.7014264633546483,-0.1030560271646859
23,2203,2,seed_vtrac_unique,4,17,68,0.34838709677419355,0.25,0.7175925925925926,-0.09838709677419355
23,3302,3,seed_sum_lastdigit,0,8,32,0.34516129032258064,0.25,0.7242990654205608,-0.09516129032258064
23,2203,2,seed_high_count,1,20,77,0.34838709677419355,0.2597402597402597,0.7455507455507455,-0.08864683703393383
23,2203,2,seed_sum_lastdigit,2,7,26,0.34838709677419355,0.2692307692307692,0.7727920227920227,-0.07915632754342433
23,0023,0,seed_sum_lastdigit,1,8,32,0.3064516129032258,0.25,0.8157894736842105,-0.05645161290322581
23,0023,0,seed_trail_band,0-3,31,124,0.3064516129032258,0.25,0.8157894736842105,-0.05645161290322581
23,2203,2,seed_sum_lastdigit,4,10,35,0.34838709677419355,0.2857142857142857,0.82010582010582,-0.06267281105990785
23,3302,3,seed_prime_count,3,12,42,0.34516129032258064,0.2857142857142857,0.8277703604806408,-0.05944700460829494
23,2203,2,seed_prime_count,2,29,100,0.34838709677419355,0.29,0.8324074074074074,-0.05838709677419357
23,2203,2,seed_sum_lastdigit,5,9,31,0.34838709677419355,0.2903225806451613,0.8333333333333334,-0.05806451612903224
23,0023,0,seed_spread_band,0-3,11,43,0.3064516129032258,0.2558139534883721,0.8347613219094248,-0.05063765941485371
23,0023,0,seed_lead_band,0-3,33,127,0.3064516129032258,0.25984251968503935,0.8479071694985495,-0.04660909321818646
23,2203,2,seed_spread_band,0-3,13,43,0.34838709677419355,0.3023255813953488,0.8677863910422049,-0.04606151537884473
23,0023,0,seed_even_count,1,24,90,0.3064516129032258,0.26666666666666666,0.8701754385964912,-0.03978494623655915
23,0023,0,seed_consecutive_pairs,2,16,60,0.3064516129032258,0.26666666666666666,0.8701754385964912,-0.03978494623655915
23,3302,3,seed_mirror_pairs_any,yes,42,138,0.34516129032258064,0.30434782608695654,0.8817553839902479,-0.0408134642356241
23,3302,3,seed_lead_band,7-9,26,85,0.34516129032258064,0.3058823529411765,0.886201209455745,-0.039278937381404144
23,3302,3,seed_vtrac_unique,2,20,65,0.34516129032258064,0.3076923076923077,0.8914450035945364,-0.03746898263027293
23,0023,0,seed_sum_mod3,0,26,95,0.3064516129032258,0.2736842105263158,0.8930747922437674,-0.032767402376910004
23,0023,0,seed_consecutive_pairs,0,23,84,0.3064516129032258,0.27380952380952384,0.893483709273183,-0.032642089093701976
23,2203,2,seed_mirror_pairs_any,no,54,172,0.34838709677419355,0.313953488372093,0.9011627906976745,-0.034433608402100524
23,2203,2,seed_trail_band,0-3,39,124,0.34838709677419355,0.31451612903225806,0.9027777777777778,-0.03387096774193549
23,0023,0,seed_high_count,2,31,112,0.3064516129032258,0.2767857142857143,0.9031954887218046,-0.02966589861751151
23,3302,3,seed_sum_lastdigit,1,10,32,0.34516129032258064,0.3125,0.905373831775701,-0.03266129032258064
23,3302,3,seed_spread_band,4-6,46,147,0.34516129032258064,0.3129251700680272,0.9066056329073686,-0.03223612025455341
23,3302,3,seed_consecutive_pairs,2,19,60,0.34516129032258064,0.31666666666666665,0.9174454828660435,-0.028494623655913986
23,2203,2,seed_high_count,3,25,78,0.34838709677419355,0.32051282051282054,0.9199905033238367,-0.02787427626137301
23,3302,3,seed_vtrac_unique,3,56,175,0.34516129032258064,0.32,0.9271028037383178,-0.02516129032258063
23,0023,0,seed_prime_count,1,35,123,0.3064516129032258,0.2845528455284553,0.9285408643560119,-0.021898767374770534
23,2203,2,seed_sum_mod3,1,34,105,0.34838709677419355,0.3238095238095238,0.9294532627865961,-0.024577572964669725
23,2203,2,seed_even_count,2,35,108,0.34838709677419355,0.32407407407407407,0.9302126200274349,-0.02431302270011948
23,2203,2,seed_lead_band,4-6,32,98,0.34838709677419355,0.32653061224489793,0.9372637944066514,-0.021856484529295617
23,3302,3,seed_prime_count,0,13,40,0.34516129032258064,0.325,0.941588785046729,-0.020161290322580627
23,3302,3,seed_prime_count,1,40,123,0.34516129032258064,0.3252032520325203,0.9421776460755261,-0.01995803829006032
23,3302,3,seed_lead_band,4-6,32,98,0.34516129032258064,0.32653061224489793,0.9460232691207323,-0.018630678077682705
24,0024,0,seed_sum_lastdigit,3,5,30,0.3167259786476868,0.16666666666666666,0.5262172284644194,-0.15005931198102015
24,2204,2,seed_sum_lastdigit,1,6,28,0.3879003558718861,0.21428571428571427,0.5524246395806028,-0.17361464158617182
24,4402,4,seed_sum_lastdigit,3,5,30,0.29537366548042704,0.16666666666666666,0.5642570281124498,-0.12870699881376038
24,0024,0,seed_sum_lastdigit,9,7,34,0.3167259786476868,0.20588235294117646,0.6500330469266359,-0.11084362570651035
24,4402,4,seed_sum_lastdigit,9,7,34,0.29537366548042704,0.20588235294117646,0.6970233876683203,-0.08949131253925058
24,0024,0,seed_even_count,1,16,72,0.3167259786476868,0.2222222222222222,0.7016229712858927,-0.0945037564254646
24,2204,2,seed_sum_lastdigit,5,9,33,0.3879003558718861,0.2727272727272727,0.7030859049207673,-0.11517308314461339
24,4402,4,seed_high_count,1,16,76,0.29537366548042704,0.21052631578947367,0.7127457197209892,-0.08484734969095337
24,2204,2,seed_spread_band,0-3,12,43,0.3879003558718861,0.27906976744186046,0.7194367399189248,-0.10883058843002563
24,2204,2,seed_vtrac_unique,4,16,57,0.3879003558718861,0.2807017543859649,0.7236439723161114,-0.1071986014859212
24,4402,4,seed_prime_count,0,9,41,0.29537366548042704,0.21951219512195122,0.7431677931237144,-0.07586147035847582
24,0024,0,seed_sum_lastdigit,7,6,25,0.3167259786476868,0.24,0.7577528089887641,-0.07672597864768682
24,0024,0,seed_prime_count,3,12,49,0.3167259786476868,0.24489795918367346,0.7732171520293512,-0.07182801946401335
24,4402,4,seed_sum_lastdigit,8,7,29,0.29537366548042704,0.2413793103448276,0.8171998338180309,-0.05399435513559944
24,2204,2,seed_high_count,3,23,72,0.3879003558718861,0.3194444444444444,0.8235219164118247,-0.06845591142744167
24,4402,4,seed_sum_band,10-17,27,110,0.29537366548042704,0.24545454545454545,0.8309967141292443,-0.049919120025881586
24,2204,2,seed_sum_band,18-26,40,124,0.3879003558718861,0.3225806451612903,0.8316069843148861,-0.06531971071059578
24,4402,4,seed_mirror_pairs_any,yes,30,122,0.29537366548042704,0.2459016393442623,0.8325103693462375,-0.04947202613616475
24,2204,2,seed_prime_count,3,16,49,0.3879003558718861,0.32653061224489793,0.8417899269799662,-0.06136974362698816
24,2204,2,seed_sum_mod2,0,43,131,0.3879003558718861,0.3282442748091603,0.8462077176272849,-0.059656081062725796
24,2204,2,seed_even_count,2,34,103,0.3879003558718861,0.3300970873786408,0.8509842344348447,-0.0578032684932453
24,0024,0,seed_prime_count,1,24,89,0.3167259786476868,0.2696629213483146,0.8514076505491731,-0.04706305729937221
24,4402,4,seed_sum_mod3,0,26,103,0.29537366548042704,0.2524271844660194,0.8546028775295357,-0.04294648101440762
24,2204,2,seed_sum_lastdigit,2,13,39,0.3879003558718861,0.3333333333333333,0.8593272171253823,-0.05456702253855278
24,2204,2,seed_consecutive_pairs,2,17,51,0.3879003558718861,0.3333333333333333,0.8593272171253823,-0.05456702253855278
24,4402,4,seed_consecutive_pairs,2,13,51,0.29537366548042704,0.2549019607843137,0.8629813371131585,-0.04047170469611333
24,0024,0,seed_sum_mod2,1,41,150,0.3167259786476868,0.2733333333333333,0.862996254681648,-0.043392645314353495
24,0024,0,seed_consecutive_pairs,1,34,124,0.3167259786476868,0.27419354838709675,0.8657122145704965,-0.04253243026059006
24,2204,2,seed_prime_count,0,14,41,0.3879003558718861,0.34146341463414637,0.8802864175430747,-0.046436941237739726
24,0024,0,seed_vtrac_unique,2,18,64,0.3167259786476868,0.28125,0.8879915730337079,-0.03547597864768681
24,2204,2,seed_sum_lastdigit,8,10,29,0.3879003558718861,0.3448275862068966,0.8889591901297059,-0.04307276966498952
24,0024,0,seed_sum_lastdigit,2,11,39,0.3167259786476868,0.28205128205128205,0.8905214635551715,-0.034674696596404764
24,2204,2,seed_mirror_pairs_any,no,55,159,0.3879003558718861,0.34591194968553457,0.8917546592810571,-0.04198840618635152
24,0024,0,seed_structure,AABC,36,127,0.3167259786476868,0.28346456692913385,0.8949836326638946,-0.03326141171855296
24,0024,0,seed_unique_count,3,36,127,0.3167259786476868,0.28346456692913385,0.8949836326638946,-0.03326141171855296
24,2204,2,seed_sum_mod3,2,25,72,0.3879003558718861,0.3472222222222222,0.8951325178389399,-0.04067813364966388
24,0024,0,seed_spread_band,4-6,36,126,0.3167259786476868,0.2857142857142857,0.9020866773675763,-0.031011692933401114
24,4402,4,seed_prime_count,2,26,97,0.29537366548042704,0.26804123711340205,0.9074649111911564,-0.027332428367024986
24,2204,2,seed_structure,ABCD,47,133,0.3879003558718861,0.3533834586466165,0.9110160722908188,-0.03451689722526957
24,2204,2,seed_unique_count,4,47,133,0.3879003558718861,0.3533834586466165,0.9110160722908188,-0.03451689722526957
25,2205,2,seed_sum_lastdigit,0,5,30,0.3180327868852459,0.16666666666666666,0.5240549828178694,-0.15136612021857923
25,5502,5,seed_sum_lastdigit,8,8,38,0.32786885245901637,0.21052631578947367,0.6421052631578947,-0.1173425366695427
25,5502,5,seed_prime_count,0,9,42,0.32786885245901637,0.21428571428571427,0.6535714285714286,-0.1135831381733021
25,2205,2,seed_sum_lastdigit,5,7,33,0.3180327868852459,0.21212121212121213,0.6669790690409247,-0.10591157476403376
25,0025,0,seed_prime_count,3,10,41,0.3540983606557377,0.24390243902439024,0.6887985546522132,-0.11019592163134745
25,2205,2,seed_trail_band,4-6,22,90,0.3180327868852459,0.24444444444444444,0.7686139747995419,-0.07358834244080145
25,0025,0,seed_sum_lastdigit,3,10,36,0.3540983606557377,0.2777777777777778,0.7844650205761318,-0.0763205828779599
25,0025,0,seed_high_count,1,21,74,0.3540983606557377,0.28378378378378377,0.8014264264264265,-0.07031457687195392
25,5502,5,seed_vtrac_unique,4,14,53,0.32786885245901637,0.2641509433962264,0.8056603773584906,-0.06371790906278996
25,0025,0,seed_sum_band,0-9,8,28,0.3540983606557377,0.2857142857142857,0.8068783068783069,-0.06838407494145199
25,2205,2,seed_sum_lastdigit,1,9,35,0.3180327868852459,0.2571428571428571,0.808541973490427,-0.06088992974238877
25,2205,2,seed_lead_band,7-9,24,93,0.3180327868852459,0.25806451612903225,0.8114399733954107,-0.05996827075621364
25,5502,5,seed_spread_band,7-9,34,127,0.32786885245901637,0.2677165354330709,0.8165354330708663,-0.06015231702594548
25,0025,0,seed_lead_band,4-6,27,93,0.3540983606557377,0.2903225806451613,0.8198924731182796,-0.06377578001057638
25,2205,2,seed_spread_band,0-3,10,38,0.3180327868852459,0.2631578947368421,0.8274552360282148,-0.0548748921484038
25,0025,0,seed_sum_lastdigit,9,8,27,0.3540983606557377,0.2962962962962963,0.8367626886145405,-0.05780206435944141
25,5502,5,seed_sum_lastdigit,1,10,35,0.32786885245901637,0.2857142857142857,0.8714285714285714,-0.04215456674473067
25,2205,2,seed_sum_band,18-26,38,137,0.3180327868852459,0.2773722627737226,0.8721498984122207,-0.040660524111523266
25,0025,0,seed_mirror_pairs_any,yes,44,142,0.3540983606557377,0.30985915492957744,0.8750652060511215,-0.04423920572616025
25,0025,0,seed_vtrac_unique,2,22,71,0.3540983606557377,0.30985915492957744,0.8750652060511215,-0.04423920572616025
25,5502,5,seed_sum_lastdigit,7,9,31,0.32786885245901637,0.2903225806451613,0.8854838709677421,-0.03754627181385506
25,0025,0,seed_sum_band,10-17,37,118,0.3540983606557377,0.3135593220338983,0.8855147520401758,-0.040539038621839385
25,2205,2,seed_mirror_pairs_any,no,46,163,0.3180327868852459,0.2822085889570552,0.8873569034216684,-0.03582419792819069
25,0025,0,seed_spread_band,0-3,12,38,0.3540983606557377,0.3157894736842105,0.8918128654970761,-0.03830888697152718
25,2205,2,seed_structure,AABC,40,141,0.3180327868852459,0.28368794326241137,0.8920084813921183,-0.03434484362283452
25,2205,2,seed_unique_count,3,40,141,0.3180327868852459,0.28368794326241137,0.8920084813921183,-0.03434484362283452
25,5502,5,seed_consecutive_pairs,1,47,159,0.32786885245901637,0.29559748427672955,0.9015723270440252,-0.03227136818228682
25,0025,0,seed_trail_band,7-9,32,100,0.3540983606557377,0.32,0.9037037037037038,-0.03409836065573768
25,2205,2,seed_consecutive_pairs,0,28,97,0.3180327868852459,0.28865979381443296,0.9076416197257944,-0.029372993070812925
25,5502,5,seed_structure,ABCD,42,141,0.32786885245901637,0.2978723404255319,0.9085106382978724,-0.029996512033484468
25,5502,5,seed_unique_count,4,42,141,0.32786885245901637,0.2978723404255319,0.9085106382978724,-0.029996512033484468
25,5502,5,seed_repeat_digit,none,42,141,0.32786885245901637,0.2978723404255319,0.9085106382978724,-0.029996512033484468
25,0025,0,seed_sum_lastdigit,7,10,31,0.3540983606557377,0.3225806451612903,0.9109916367980885,-0.031517715494447374
25,0025,0,seed_prime_count,2,31,96,0.3540983606557377,0.3229166666666667,0.9119405864197532,-0.031181693989071002
25,5502,5,seed_even_count,2,33,110,0.32786885245901637,0.3,0.915,-0.02786885245901638
25,2205,2,seed_even_count,1,23,79,0.3180327868852459,0.2911392405063291,0.9154378180869112,-0.026893546378916777
25,0025,0,seed_even_count,2,36,110,0.3540983606557377,0.32727272727272727,0.9242424242424243,-0.026825633383010417
25,2205,2,seed_sum_mod3,2,32,108,0.3180327868852459,0.2962962962962963,0.9316533027873234,-0.02173649058894961
25,5502,5,seed_sum_lastdigit,3,11,36,0.32786885245901637,0.3055555555555556,0.9319444444444446,-0.02231329690346079
25,5502,5,seed_sum_mod3,1,35,114,0.32786885245901637,0.30701754385964913,0.9364035087719299,-0.020851308599367235
26,2206,2,seed_sum_lastdigit,9,6,30,0.32432432432432434,0.2,0.6166666666666667,-0.12432432432432433
26,6602,6,seed_trail_band,7-9,21,86,0.3277027027027027,0.2441860465116279,0.7451450491488851,-0.08351665619107479
26,0026,0,seed_sum_lastdigit,8,7,26,0.34797297297297297,0.2692307692307692,0.7737117251680358,-0.07874220374220375
26,0026,0,seed_sum_mod3,0,24,89,0.34797297297297297,0.2696629213483146,0.7749536380495254,-0.07831005162465837
26,0026,0,seed_even_count,3,22,81,0.34797297297297297,0.2716049382716049,0.7805345798873307,-0.07636803470136805
26,0026,0,seed_sum_lastdigit,2,8,29,0.34797297297297297,0.27586206896551724,0.7927686642115835,-0.07211090400745573
26,6602,6,seed_sum_lastdigit,3,10,38,0.3277027027027027,0.2631578947368421,0.8030385241454151,-0.0645448079658606
26,0026,0,seed_repeat_digit,6,7,25,0.34797297297297297,0.28,0.8046601941747573,-0.06797297297297294
26,0026,0,seed_trail_band,4-6,22,78,0.34797297297297297,0.28205128205128205,0.810555140652228,-0.06592169092169092
26,6602,6,seed_high_count,2,30,112,0.3277027027027027,0.26785714285714285,0.8173784977908689,-0.05984555984555984
26,2206,2,seed_trail_band,4-6,21,78,0.32432432432432434,0.2692307692307692,0.8301282051282051,-0.055093555093555124
26,0026,0,seed_prime_count,3,13,45,0.34797297297297297,0.28888888888888886,0.8302049622437971,-0.05908408408408411
26,0026,0,seed_lead_band,0-3,32,110,0.34797297297297297,0.2909090909090909,0.8360105913503971,-0.057063882063882077
26,0026,0,seed_structure,AABC,40,137,0.34797297297297297,0.291970802919708,0.8390617248954716,-0.056002170053264966
26,0026,0,seed_unique_count,3,40,137,0.34797297297297297,0.291970802919708,0.8390617248954716,-0.056002170053264966
26,6602,6,seed_sum_mod3,2,32,116,0.3277027027027027,0.27586206896551724,0.8418059011731248,-0.05184063373718545
26,0026,0,seed_high_count,3,22,75,0.34797297297297297,0.29333333333333333,0.8429773462783171,-0.05463963963963964
26,0026,0,seed_sum_lastdigit,7,10,34,0.34797297297297297,0.29411764705882354,0.845231296402056,-0.05385532591414943
26,0026,0,seed_prime_count,0,13,44,0.34797297297297297,0.29545454545454547,0.8490732568402471,-0.0525184275184275
26,0026,0,seed_high_count,1,21,71,0.34797297297297297,0.29577464788732394,0.8499931628606591,-0.05219832508564903
26,6602,6,seed_sum_lastdigit,6,9,32,0.3277027027027027,0.28125,0.8582474226804124,-0.046452702702702686
26,6602,6,seed_even_count,2,32,112,0.3277027027027027,0.2857142857142857,0.8718703976435935,-0.04198841698841699
26,6602,6,seed_even_count,1,19,66,0.3277027027027027,0.2878787878787879,0.8784754764136209,-0.039823914823914786
26,2206,2,seed_sum_mod3,1,26,91,0.32432432432432434,0.2857142857142857,0.8809523809523808,-0.038610038610038644
26,2206,2,seed_lead_band,4-6,26,91,0.32432432432432434,0.2857142857142857,0.8809523809523808,-0.038610038610038644
26,6602,6,seed_lead_band,7-9,28,95,0.3277027027027027,0.29473684210526313,0.8994031470428648,-0.032965860597439556
26,2206,2,seed_vtrac_unique,2,19,65,0.32432432432432434,0.2923076923076923,0.9012820512820513,-0.03201663201663202
26,6602,6,seed_structure,ABCD,42,142,0.3277027027027027,0.29577464788732394,0.9025700595324525,-0.03192805481537875
26,6602,6,seed_unique_count,4,42,142,0.3277027027027027,0.29577464788732394,0.9025700595324525,-0.03192805481537875
26,6602,6,seed_repeat_digit,none,42,142,0.3277027027027027,0.29577464788732394,0.9025700595324525,-0.03192805481537875
26,2206,2,seed_sum_lastdigit,0,10,34,0.32432432432432434,0.29411764705882354,0.9068627450980392,-0.030206677265500803
26,6602,6,seed_prime_count,2,29,97,0.3277027027027027,0.29896907216494845,0.9123179934105644,-0.02873363053775424
26,0026,0,seed_mirror_pairs_any,no,53,165,0.34797297297297297,0.3212121212121212,0.9230950279493969,-0.026760851760851745
26,0026,0,seed_consecutive_pairs,2,18,56,0.34797297297297297,0.32142857142857145,0.9237170596393898,-0.02654440154440152
26,6602,6,seed_consecutive_pairs,2,17,56,0.3277027027027027,0.30357142857142855,0.926362297496318,-0.02413127413127414
26,6602,6,seed_vtrac_unique,4,17,56,0.3277027027027027,0.30357142857142855,0.926362297496318,-0.02413127413127414
26,0026,0,seed_sum_lastdigit,0,11,34,0.34797297297297297,0.3235294117647059,0.9297544260422617,-0.024443561208267073
26,6602,6,seed_mirror_pairs_any,yes,40,131,0.3277027027027027,0.3053435114503817,0.9317698906114741,-0.022359191252320998
26,2206,2,seed_even_count,2,34,112,0.32432432432432434,0.30357142857142855,0.9360119047619047,-0.020752895752895795
26,0026,0,seed_sum_mod2,1,48,147,0.34797297297297297,0.32653061224489793,0.9383792351892213,-0.02144236072807504
27,2207,2,seed_repeat_digit,4,6,30,0.31438127090301005,0.2,0.6361702127659574,-0.11438127090301003
27,7702,7,seed_sum_lastdigit,9,8,38,0.3177257525083612,0.21052631578947367,0.6626038781163435,-0.10719943671888754
27,7702,7,seed_sum_lastdigit,0,6,28,0.3177257525083612,0.21428571428571427,0.6744360902255638,-0.10344003822264694
27,7702,7,seed_sum_lastdigit,7,6,28,0.3177257525083612,0.21428571428571427,0.6744360902255638,-0.10344003822264694
27,7702,7,seed_lead_band,7-9,18,76,0.3177257525083612,0.23684210526315788,0.7454293628808863,-0.08088364724520333
27,0027,0,seed_trail_band,7-9,23,81,0.36789297658862874,0.2839506172839506,0.7718294051627385,-0.08394235930467814
27,2207,2,seed_vtrac_unique,4,15,61,0.31438127090301005,0.2459016393442623,0.7821764911056853,-0.06847963155874776
27,2207,2,seed_prime_count,0,10,40,0.31438127090301005,0.25,0.7952127659574467,-0.06438127090301005
27,2207,2,seed_lead_band,4-6,23,91,0.31438127090301005,0.25274725274725274,0.803951367781155,-0.06163401815575731
27,7702,7,seed_prime_count,1,27,104,0.3177257525083612,0.25961538461538464,0.8171052631578948,-0.05811036789297658
27,2207,2,seed_sum_lastdigit,1,7,27,0.31438127090301005,0.25925925925925924,0.8246650906225373,-0.0551220116437508
27,2207,2,seed_sum_lastdigit,4,10,38,0.31438127090301005,0.2631578947368421,0.8370660694288913,-0.051223376166167955
27,0027,0,seed_sum_lastdigit,3,9,29,0.36789297658862874,0.3103448275862069,0.8435736677115988,-0.05754814900242183
27,7702,7,seed_spread_band,7-9,32,118,0.3177257525083612,0.2711864406779661,0.8535236396074933,-0.046539311830395114
27,0027,0,seed_vtrac_unique,2,23,73,0.36789297658862874,0.3150684931506849,0.8564134495641345,-0.052824483437943826
27,0027,0,seed_sum_lastdigit,4,12,38,0.36789297658862874,0.3157894736842105,0.8583732057416268,-0.05210350290441823
27,2207,2,seed_trail_band,4-6,29,107,0.31438127090301005,0.27102803738317754,0.8620998210379796,-0.0433532335198325
27,0027,0,seed_sum_lastdigit,5,10,31,0.36789297658862874,0.3225806451612903,0.8768328445747801,-0.045312331427338426
27,2207,2,seed_sum_lastdigit,3,8,29,0.31438127090301005,0.27586206896551724,0.8774761555392516,-0.03851920193749281
27,0027,0,seed_structure,AABC,43,133,0.36789297658862874,0.3233082706766917,0.8788106630211894,-0.04458470591193703
27,0027,0,seed_unique_count,3,43,133,0.36789297658862874,0.3233082706766917,0.8788106630211894,-0.04458470591193703
27,0027,0,seed_sum_lastdigit,2,12,37,0.36789297658862874,0.32432432432432434,0.8815724815724817,-0.0435686522643044
27,0027,0,seed_prime_count,0,13,40,0.36789297658862874,0.325,0.883409090909091,-0.04289297658862873
27,0027,0,seed_lead_band,0-3,43,132,0.36789297658862874,0.32575757575757575,0.8854683195592287,-0.042135400831052994
27,7702,7,seed_even_count,1,20,71,0.3177257525083612,0.28169014084507044,0.8865826538176427,-0.03603561166329078
27,2207,2,seed_structure,ABCD,41,145,0.31438127090301005,0.2827586206896552,0.899413059427733,-0.031622650213354864
27,2207,2,seed_unique_count,4,41,145,0.31438127090301005,0.2827586206896552,0.899413059427733,-0.031622650213354864
27,2207,2,seed_repeat_digit,none,41,145,0.31438127090301005,0.2827586206896552,0.899413059427733,-0.031622650213354864
27,0027,0,seed_sum_lastdigit,1,9,27,0.36789297658862874,0.3333333333333333,0.9060606060606061,-0.034559643255295425
27,0027,0,seed_spread_band,0-3,13,39,0.36789297658862874,0.3333333333333333,0.9060606060606061,-0.034559643255295425
27,2207,2,seed_sum_lastdigit,0,8,28,0.31438127090301005,0.2857142857142857,0.9088145896656534,-0.028666985188724348
27,2207,2,seed_high_count,1,22,77,0.31438127090301005,0.2857142857142857,0.9088145896656534,-0.028666985188724348
27,2207,2,seed_prime_count,2,28,98,0.31438127090301005,0.2857142857142857,0.9088145896656534,-0.028666985188724348
27,0027,0,seed_consecutive_pairs,1,42,125,0.36789297658862874,0.336,0.9133090909090911,-0.03189297658862872
27,2207,2,seed_trail_band,0-3,32,111,0.31438127090301005,0.2882882882882883,0.9170021084914701,-0.02609298261472176
27,2207,2,seed_sum_lastdigit,9,11,38,0.31438127090301005,0.2894736842105263,0.9207726763717805,-0.02490758669248372
27,7702,7,seed_high_count,2,33,112,0.3177257525083612,0.29464285714285715,0.9273496240601504,-0.023082895365504064
27,7702,7,seed_vtrac_unique,4,18,61,0.3177257525083612,0.29508196721311475,0.9287316652286454,-0.022643785295246466
27,7702,7,seed_sum_band,18-26,45,152,0.3177257525083612,0.29605263157894735,0.9317867036011079,-0.02167312092941387
27,7702,7,seed_high_count,3,24,81,0.3177257525083612,0.2962962962962963,0.9325536062378167,-0.021429456212064935
28,8802,8,seed_sum_lastdigit,3,5,25,0.34983498349834985,0.2,0.5716981132075472,-0.14983498349834984
28,8802,8,seed_sum_band,0-9,6,26,0.34983498349834985,0.23076923076923078,0.6596516690856313,-0.11906575272911907
28,2208,2,seed_sum_lastdigit,2,6,26,0.33993399339933994,0.23076923076923078,0.6788648244958925,-0.10916476263010916
28,2208,2,seed_sum_lastdigit,0,7,29,0.33993399339933994,0.2413793103448276,0.710077000334784,-0.09855468305451234
28,2208,2,seed_sum_lastdigit,1,7,29,0.33993399339933994,0.2413793103448276,0.710077000334784,-0.09855468305451234
28,0028,0,seed_lead_band,4-6,20,82,0.3102310231023102,0.24390243902439024,0.7861961598339388,-0.06632858407791997
28,2208,2,seed_prime_count,0,9,33,0.33993399339933994,0.2727272727272727,0.8022947925860546,-0.06720672067206723
28,0028,0,seed_sum_lastdigit,5,7,28,0.3102310231023102,0.25,0.8058510638297873,-0.06023102310231021
28,8802,8,seed_sum_lastdigit,7,10,35,0.34983498349834985,0.2857142857142857,0.8167115902964959,-0.06412069778406415
28,0028,0,seed_prime_count,3,13,51,0.3102310231023102,0.2549019607843137,0.8216520650813517,-0.0553290623179965
28,2208,2,seed_high_count,3,19,68,0.33993399339933994,0.27941176470588236,0.8219588806396345,-0.06052222869345758
28,0028,0,seed_sum_mod3,0,26,101,0.3102310231023102,0.25742574257425743,0.8297872340425533,-0.05280528052805278
28,8802,8,seed_lead_band,0-3,35,120,0.34983498349834985,0.2916666666666667,0.8337264150943396,-0.058168316831683164
28,8802,8,seed_consecutive_pairs,2,17,56,0.34983498349834985,0.30357142857142855,0.8677560646900269,-0.0462635549269213
28,2208,2,seed_vtrac_unique,3,50,169,0.33993399339933994,0.2958579881656805,0.8703395185844776,-0.044076005233659454
28,8802,8,seed_vtrac_unique,4,18,59,0.34983498349834985,0.3050847457627119,0.8720818676047329,-0.044750237735637965
28,8802,8,seed_high_count,1,23,75,0.34983498349834985,0.30666666666666664,0.8766037735849056,-0.04316831683168321
28,0028,0,seed_sum_lastdigit,4,9,33,0.3102310231023102,0.2727272727272727,0.879110251450677,-0.0375037503750375
28,0028,0,seed_sum_lastdigit,9,12,44,0.3102310231023102,0.2727272727272727,0.879110251450677,-0.0375037503750375
28,0028,0,seed_sum_lastdigit,0,8,29,0.3102310231023102,0.27586206896551724,0.8892149669845929,-0.03436895413679297
28,0028,0,seed_high_count,2,33,119,0.3102310231023102,0.2773109243697479,0.8938852136599321,-0.0329200987325623
28,8802,8,seed_trail_band,7-9,27,86,0.34983498349834985,0.313953488372093,0.8974330846862659,-0.035881495126256824
28,0028,0,seed_vtrac_unique,2,21,75,0.3102310231023102,0.28,0.9025531914893619,-0.030231023102310184
28,2208,2,seed_prime_count,2,31,101,0.33993399339933994,0.3069306930693069,0.9029126213592232,-0.033003300330033014
28,0028,0,seed_consecutive_pairs,0,32,114,0.3102310231023102,0.2807017543859649,0.9048152295632699,-0.029529268716345314
28,2208,2,seed_sum_band,18-26,44,143,0.33993399339933994,0.3076923076923077,0.9051530993278566,-0.03224168570703223
28,8802,8,seed_spread_band,0-3,13,41,0.34983498349834985,0.3170731707317073,0.9063506672802577,-0.03276181276664253
28,0028,0,seed_spread_band,4-6,35,124,0.3102310231023102,0.28225806451612906,0.9098318462594374,-0.02797295858618115
28,2208,2,seed_sum_mod2,0,44,142,0.33993399339933994,0.30985915492957744,0.9115274169287569,-0.0300748384697625
28,8802,8,seed_vtrac_unique,2,24,75,0.34983498349834985,0.32,0.9147169811320754,-0.029834983498349843
28,8802,8,seed_even_count,3,25,78,0.34983498349834985,0.32051282051282054,0.9161828737300436,-0.02932216298552931
28,8802,8,seed_sum_lastdigit,8,10,31,0.34983498349834985,0.3225806451612903,0.9220937309799148,-0.027254338337059536
28,2208,2,seed_sum_mod3,2,32,102,0.33993399339933994,0.3137254901960784,0.9229011993146773,-0.026208503203261513
28,8802,8,seed_sum_mod2,1,52,161,0.34983498349834985,0.32298136645962733,0.9232391890308215,-0.02685361703872252
28,0028,0,seed_trail_band,0-3,35,122,0.3102310231023102,0.28688524590163933,0.9247471224276247,-0.02334577720067088
28,0028,0,seed_sum_band,10-17,33,115,0.3102310231023102,0.28695652173913044,0.924976873265495,-0.023274501363179767
28,0028,0,seed_prime_count,1,31,108,0.3102310231023102,0.28703703703703703,0.9252364066193854,-0.023193986065273176
28,2208,2,seed_trail_band,4-6,30,95,0.33993399339933994,0.3157894736842105,0.9289729177312211,-0.02414451971512943
28,8802,8,seed_even_count,1,27,83,0.34983498349834985,0.3253012048192771,0.9298704250966128,-0.02453377867907275
28,2208,2,seed_even_count,2,33,104,0.33993399339933994,0.3173076923076923,0.933439133681852,-0.02262630109164765
29,0029,0,seed_vtrac_unique,2,11,74,0.2598684210526316,0.14864864864864866,0.5720150530277113,-0.11121977240398292
29,2209,2,seed_sum_lastdigit,9,6,28,0.35526315789473684,0.21428571428571427,0.6031746031746031,-0.14097744360902256
29,9902,9,seed_sum_lastdigit,1,7,29,0.3848684210526316,0.2413793103448276,0.6271735926908341,-0.14348911070780399
29,9902,9,seed_consecutive_pairs,2,16,59,0.3848684210526316,0.2711864406779661,0.7046211791974504,-0.11368198037466548
29,2209,2,seed_prime_count,3,12,47,0.35526315789473684,0.2553191489361702,0.718676122931442,-0.09994400895856664
29,0029,0,seed_consecutive_pairs,0,22,117,0.2598684210526316,0.18803418803418803,0.7235745969923185,-0.07183423301844355
29,2209,2,seed_even_count,1,17,66,0.35526315789473684,0.25757575757575757,0.7250280583613917,-0.09768740031897927
29,9902,9,seed_sum_lastdigit,5,7,25,0.3848684210526316,0.28,0.7275213675213675,-0.10486842105263156
29,9902,9,seed_spread_band,0-3,13,44,0.3848684210526316,0.29545454545454547,0.7676767676767677,-0.08941387559808611
29,0029,0,seed_sum_mod3,1,21,102,0.2598684210526316,0.20588235294117646,0.7922561429635144,-0.05398606811145512
29,0029,0,seed_sum_lastdigit,0,7,34,0.2598684210526316,0.20588235294117646,0.7922561429635144,-0.05398606811145512
29,0029,0,seed_high_count,2,20,96,0.2598684210526316,0.20833333333333334,0.8016877637130801,-0.05153508771929824
29,9902,9,seed_vtrac_unique,4,17,55,0.3848684210526316,0.3090909090909091,0.8031080031080031,-0.0757775119617225
29,2209,2,seed_sum_lastdigit,2,10,35,0.35526315789473684,0.2857142857142857,0.8042328042328042,-0.06954887218045114
29,2209,2,seed_sum_lastdigit,8,8,28,0.35526315789473684,0.2857142857142857,0.8042328042328042,-0.06954887218045114
29,9902,9,seed_even_count,3,24,77,0.3848684210526316,0.3116883116883117,0.8098568098568099,-0.0731801093643199
29,9902,9,seed_sum_mod3,0,27,86,0.3848684210526316,0.313953488372093,0.815742397137746,-0.07091493268053856
29,0029,0,seed_prime_count,1,20,93,0.2598684210526316,0.21505376344086022,0.8275486593167279,-0.044814657611771364
29,0029,0,seed_mirror_pairs_any,yes,29,134,0.2598684210526316,0.21641791044776118,0.8327980351407519,-0.0434505106048704
29,0029,0,seed_even_count,3,17,77,0.2598684210526316,0.22077922077922077,0.8495807989478875,-0.03908920027341081
29,0029,0,seed_prime_count,0,10,45,0.2598684210526316,0.2222222222222222,0.8551336146272854,-0.03764619883040937
29,0029,0,seed_trail_band,7-9,19,85,0.2598684210526316,0.2235294117647059,0.8601638123603872,-0.03633900928792569
29,9902,9,seed_structure,ABCD,47,141,0.3848684210526316,0.3333333333333333,0.8660968660968661,-0.05153508771929827
29,9902,9,seed_unique_count,4,47,141,0.3848684210526316,0.3333333333333333,0.8660968660968661,-0.05153508771929827
29,9902,9,seed_repeat_digit,none,47,141,0.3848684210526316,0.3333333333333333,0.8660968660968661,-0.05153508771929827
29,2209,2,seed_vtrac_unique,2,23,74,0.35526315789473684,0.3108108108108108,0.8748748748748748,-0.044452347083926036
29,2209,2,seed_lead_band,0-3,37,119,0.35526315789473684,0.31092436974789917,0.8751945222533458,-0.04433878814683767
29,0029,0,seed_sum_lastdigit,3,8,35,0.2598684210526316,0.22857142857142856,0.8795660036166365,-0.03129699248120302
29,0029,0,seed_sum_band,18-26,31,135,0.2598684210526316,0.22962962962962963,0.883638068448195,-0.030238791423001954
29,2209,2,seed_structure,AABC,45,142,0.35526315789473684,0.31690140845070425,0.8920187793427231,-0.03836174944403259
29,2209,2,seed_unique_count,3,45,142,0.35526315789473684,0.31690140845070425,0.8920187793427231,-0.03836174944403259
29,9902,9,seed_vtrac_unique,3,60,174,0.3848684210526316,0.3448275862068966,0.8959622752726202,-0.04004083484573501
29,9902,9,seed_sum_lastdigit,7,9,26,0.3848684210526316,0.34615384615384615,0.8994082840236686,-0.03871457489878544
29,9902,9,seed_sum_band,10-17,44,127,0.3848684210526316,0.3464566929133858,0.9001951679117033,-0.03841172813924576
29,9902,9,seed_trail_band,0-3,45,129,0.3848684210526316,0.3488372093023256,0.9063804412641622,-0.03603121175030599
29,2209,2,seed_trail_band,4-6,29,90,0.35526315789473684,0.32222222222222224,0.9069958847736627,-0.03304093567251459
29,0029,0,seed_spread_band,7-9,30,126,0.2598684210526316,0.23809523809523808,0.916214587100663,-0.0217731829573935
29,2209,2,seed_high_count,3,26,79,0.35526315789473684,0.3291139240506329,0.9263947491795592,-0.026149233844103947
29,9902,9,seed_sum_mod2,1,51,143,0.3848684210526316,0.35664335664335667,0.9266630805092344,-0.028225064409274914
29,0029,0,seed_sum_lastdigit,6,7,29,0.2598684210526316,0.2413793103448276,0.9288520296813619,-0.018489110707803985
34,3304,3,seed_sum_lastdigit,8,5,27,0.3063973063973064,0.18518518518518517,0.6043956043956044,-0.12121212121212122
34,3304,3,seed_consecutive_pairs,0,19,91,0.3063973063973064,0.2087912087912088,0.6814394396811979,-0.09760609760609759
34,3304,3,seed_sum_lastdigit,9,8,36,0.3063973063973064,0.2222222222222222,0.7252747252747253,-0.08417508417508418
34,0034,0,seed_consecutive_pairs,2,14,55,0.3501683501683502,0.2545454545454545,0.7269230769230768,-0.09562289562289567
34,4403,4,seed_vtrac_unique,2,20,80,0.3434343434343434,0.25,0.7279411764705882,-0.09343434343434343
34,4403,4,seed_sum_mod3,2,24,93,0.3434343434343434,0.25806451612903225,0.7514231499051234,-0.08536982730531117
34,3304,3,seed_spread_band,7-9,31,129,0.3063973063973064,0.24031007751937986,0.7843087145412727,-0.06608722887792653
34,4403,4,seed_prime_count,3,13,48,0.3434343434343434,0.2708333333333333,0.7886029411764706,-0.07260101010101011
34,0034,0,seed_sum_lastdigit,3,7,25,0.3501683501683502,0.28,0.7996153846153846,-0.07016835016835016
34,4403,4,seed_even_count,1,21,76,0.3434343434343434,0.27631578947368424,0.8045665634674923,-0.06711855396065919
34,0034,0,seed_even_count,2,34,120,0.3501683501683502,0.2833333333333333,0.8091346153846153,-0.06683501683501686
34,4403,4,seed_spread_band,4-6,36,129,0.3434343434343434,0.27906976744186046,0.8125854993160054,-0.06436457599248296
34,4403,4,seed_sum_lastdigit,3,7,25,0.3434343434343434,0.28,0.815294117647059,-0.0634343434343434
34,0034,0,seed_sum_lastdigit,4,10,35,0.3501683501683502,0.2857142857142857,0.8159340659340658,-0.06445406445406449
34,0034,0,seed_mirror_pairs_any,yes,37,126,0.3501683501683502,0.29365079365079366,0.8385989010989011,-0.05651755651755652
34,0034,0,seed_even_count,3,21,71,0.3501683501683502,0.29577464788732394,0.8446641386782231,-0.054393702281026246
34,4403,4,seed_structure,AABC,35,120,0.3434343434343434,0.2916666666666667,0.849264705882353,-0.05176767676767674
34,4403,4,seed_unique_count,3,35,120,0.3434343434343434,0.2916666666666667,0.849264705882353,-0.05176767676767674
34,3304,3,seed_prime_count,1,23,88,0.3063973063973064,0.26136363636363635,0.853021978021978,-0.04503367003367004
34,3304,3,seed_trail_band,7-9,23,88,0.3063973063973064,0.26136363636363635,0.853021978021978,-0.04503367003367004
34,0034,0,seed_sum_mod3,1,33,110,0.3501683501683502,0.3,0.8567307692307692,-0.050168350168350195
34,3304,3,seed_prime_count,0,9,34,0.3063973063973064,0.2647058823529412,0.8639301874595993,-0.04169142404436521
34,0034,0,seed_consecutive_pairs,1,44,145,0.3501683501683502,0.30344827586206896,0.86657824933687,-0.04672007430628122
34,3304,3,seed_vtrac_unique,4,20,75,0.3063973063973064,0.26666666666666666,0.8703296703296703,-0.03973063973063973
34,0034,0,seed_structure,ABCD,47,154,0.3501683501683502,0.3051948051948052,0.871565934065934,-0.044973544973545
34,0034,0,seed_unique_count,4,47,154,0.3501683501683502,0.3051948051948052,0.871565934065934,-0.044973544973545
34,0034,0,seed_repeat_digit,none,47,154,0.3501683501683502,0.3051948051948052,0.871565934065934,-0.044973544973545
34,3304,3,seed_vtrac_unique,3,38,142,0.3063973063973064,0.2676056338028169,0.8733942114223804,-0.03879167259448951
34,3304,3,seed_sum_lastdigit,2,10,37,0.3063973063973064,0.2702702702702703,0.8820908820908822,-0.036127036127036105
34,0034,0,seed_trail_band,4-6,26,84,0.3501683501683502,0.30952380952380953,0.8839285714285714,-0.04064454064454065
34,0034,0,seed_prime_count,3,15,48,0.3501683501683502,0.3125,0.8924278846153846,-0.037668350168350184
34,3304,3,seed_lead_band,4-6,26,95,0.3063973063973064,0.2736842105263158,0.893233082706767,-0.03271309587099058
34,3304,3,seed_high_count,3,20,73,0.3063973063973064,0.273972602739726,0.894174318831853,-0.03242470365758038
34,4403,4,seed_spread_band,0-3,12,39,0.3434343434343434,0.3076923076923077,0.8959276018099548,-0.035742035742035716
34,3304,3,seed_mirror_pairs_any,no,48,171,0.3063973063973064,0.2807017543859649,0.9161364950838635,-0.025695552011341494
34,3304,3,seed_sum_band,18-26,40,142,0.3063973063973064,0.28169014084507044,0.9193623278130321,-0.024707165552235955
34,3304,3,seed_spread_band,0-3,11,39,0.3063973063973064,0.28205128205128205,0.9205409974640744,-0.024346024346024342
34,0034,0,seed_sum_lastdigit,2,12,37,0.3501683501683502,0.32432432432432434,0.9261954261954262,-0.025844025844025842
34,3304,3,seed_lead_band,7-9,21,74,0.3063973063973064,0.28378378378378377,0.9261954261954262,-0.02261352261352262
34,4403,4,seed_sum_mod2,1,47,147,0.3434343434343434,0.3197278911564626,0.9309723889555823,-0.02370645227788082
35,0035,0,seed_lead_band,7-9,15,73,0.3088235294117647,0.2054794520547945,0.6653620352250489,-0.10334407735697021
35,0035,0,seed_sum_lastdigit,1,6,29,0.3088235294117647,0.20689655172413793,0.6699507389162561,-0.10192697768762679
35,3305,3,seed_sum_mod3,0,21,83,0.33455882352941174,0.25301204819277107,0.7562557924003707,-0.08154677533664068
35,5503,5,seed_sum_lastdigit,9,9,33,0.35661764705882354,0.2727272727272727,0.7647610121836925,-0.08389037433155083
35,3305,3,seed_sum_lastdigit,6,9,34,0.33455882352941174,0.2647058823529412,0.7912087912087913,-0.06985294117647056
35,5503,5,seed_lead_band,0-3,33,116,0.35661764705882354,0.28448275862068967,0.7977248489157484,-0.07213488843813387
35,0035,0,seed_consecutive_pairs,0,23,93,0.3088235294117647,0.24731182795698925,0.8008192524321557,-0.06151170145477547
35,5503,5,seed_sum_lastdigit,0,8,28,0.35661764705882354,0.2857142857142857,0.8011782032400588,-0.07090336134453784
35,3305,3,seed_sum_lastdigit,8,7,26,0.33455882352941174,0.2692307692307692,0.8047337278106509,-0.06532805429864252
35,3305,3,seed_sum_lastdigit,5,8,29,0.33455882352941174,0.27586206896551724,0.8245547555892384,-0.058696754563894504
35,0035,0,seed_prime_count,0,11,43,0.3088235294117647,0.2558139534883721,0.8283499446290143,-0.053009575923392616
35,0035,0,seed_spread_band,7-9,34,128,0.3088235294117647,0.265625,0.8601190476190476,-0.04319852941176472
35,0035,0,seed_high_count,3,17,64,0.3088235294117647,0.265625,0.8601190476190476,-0.04319852941176472
35,5503,5,seed_even_count,2,31,101,0.35661764705882354,0.3069306930693069,0.8606716341737266,-0.04968695398951661
35,5503,5,seed_sum_lastdigit,2,8,26,0.35661764705882354,0.3076923076923077,0.8628072957969866,-0.04892533936651583
35,0035,0,seed_sum_band,18-26,36,135,0.3088235294117647,0.26666666666666666,0.8634920634920634,-0.042156862745098056
35,3305,3,seed_high_count,1,20,69,0.33455882352941174,0.2898550724637681,0.8663799968147795,-0.044703751065643615
35,0035,0,seed_sum_lastdigit,3,7,26,0.3088235294117647,0.2692307692307692,0.8717948717948717,-0.0395927601809955
35,3305,3,seed_vtrac_unique,4,14,48,0.33455882352941174,0.2916666666666667,0.8717948717948719,-0.04289215686274506
35,0035,0,seed_mirror_pairs_any,yes,38,141,0.3088235294117647,0.2695035460992908,0.8726781492738939,-0.03931998331247394
35,0035,0,seed_even_count,3,17,63,0.3088235294117647,0.2698412698412698,0.8737717309145879,-0.03898225957049489
35,0035,0,seed_vtrac_unique,4,13,48,0.3088235294117647,0.2708333333333333,0.8769841269841269,-0.037990196078431404
35,0035,0,seed_high_count,2,32,118,0.3088235294117647,0.2711864406779661,0.8781275221953188,-0.03763708873379862
35,0035,0,seed_sum_lastdigit,9,9,33,0.3088235294117647,0.2727272727272727,0.883116883116883,-0.03609625668449201
35,3305,3,seed_prime_count,1,26,88,0.33455882352941174,0.29545454545454547,0.8831168831168832,-0.03910427807486627
35,5503,5,seed_prime_count,2,28,88,0.35661764705882354,0.3181818181818182,0.8922211808809747,-0.03843582887700536
35,5503,5,seed_prime_count,3,14,44,0.35661764705882354,0.3181818181818182,0.8922211808809747,-0.03843582887700536
35,0035,0,seed_sum_mod3,1,25,90,0.3088235294117647,0.2777777777777778,0.8994708994708994,-0.03104575163398693
35,5503,5,seed_vtrac_unique,3,53,165,0.35661764705882354,0.3212121212121212,0.9007185254607936,-0.03540552584670231
35,5503,5,seed_trail_band,7-9,29,90,0.35661764705882354,0.32222222222222224,0.9035509736540664,-0.034395424836601296
35,3305,3,seed_prime_count,0,13,43,0.33455882352941174,0.3023255813953488,0.9036544850498339,-0.03223324213406292
35,3305,3,seed_trail_band,0-3,34,112,0.33455882352941174,0.30357142857142855,0.9073783359497645,-0.030987394957983194
35,0035,0,seed_sum_mod2,1,39,139,0.3088235294117647,0.2805755395683453,0.908530318602261,-0.02824798984341942
35,0035,0,seed_vtrac_unique,2,16,57,0.3088235294117647,0.2807017543859649,0.908939014202172,-0.028121775025799822
35,3305,3,seed_mirror_pairs_any,no,40,131,0.33455882352941174,0.3053435114503817,0.9126751111483937,-0.029215312079030054
35,0035,0,seed_sum_mod3,2,28,99,0.3088235294117647,0.2828282828282828,0.9158249158249158,-0.0259952465834819
35,3305,3,seed_sum_lastdigit,3,8,26,0.33455882352941174,0.3076923076923077,0.9196956889264583,-0.026866515837104032
35,5503,5,seed_consecutive_pairs,1,41,125,0.35661764705882354,0.328,0.9197525773195876,-0.028617647058823525
35,0035,0,seed_trail_band,4-6,20,70,0.3088235294117647,0.2857142857142857,0.9251700680272108,-0.02310924369747902
35,3305,3,seed_high_count,3,20,64,0.33455882352941174,0.3125,0.9340659340659341,-0.022058823529411742
36,0036,0,seed_sum_lastdigit,5,5,27,0.3062730627306273,0.18518518518518517,0.6046407853636768,-0.12108787754544215
36,3306,3,seed_sum_lastdigit,3,8,40,0.3210332103321033,0.2,0.6229885057471265,-0.12103321033210329
36,6603,6,seed_sum_lastdigit,2,7,30,0.3726937269372694,0.23333333333333334,0.6260726072607261,-0.13936039360393604
36,3306,3,seed_sum_lastdigit,0,6,29,0.3210332103321033,0.20689655172413793,0.6444708680142688,-0.11413665860796537
36,0036,0,seed_prime_count,0,8,39,0.3062730627306273,0.20512820512820512,0.6697559468643806,-0.1011448576024222
36,0036,0,seed_even_count,3,13,62,0.3062730627306273,0.20967741935483872,0.684609405363389,-0.0965956433757886
36,6603,6,seed_consecutive_pairs,2,13,49,0.3726937269372694,0.2653061224489796,0.711860982016569,-0.10738760448828977
36,0036,0,seed_prime_count,3,7,32,0.3062730627306273,0.21875,0.7142319277108433,-0.08752306273062732
36,6603,6,seed_spread_band,0-3,11,40,0.3726937269372694,0.275,0.737871287128713,-0.09769372693726935
36,0036,0,seed_sum_mod2,1,33,144,0.3062730627306273,0.22916666666666666,0.7482429718875502,-0.07710639606396066
36,3306,3,seed_lead_band,7-9,19,78,0.3210332103321033,0.24358974358974358,0.7587680518715002,-0.07744346674235972
36,3306,3,seed_sum_band,18-26,30,123,0.3210332103321033,0.24390243902439024,0.7597420801794225,-0.07713077130771306
36,6603,6,seed_even_count,2,31,109,0.3726937269372694,0.28440366972477066,0.7631029157961668,-0.08829005721249872
36,0036,0,seed_even_count,1,20,82,0.3062730627306273,0.24390243902439024,0.7963561563326476,-0.06237062370623708
36,6603,6,seed_sum_mod2,0,38,127,0.3726937269372694,0.2992125984251969,0.8028377640913699,-0.0734811285120725
36,3306,3,seed_vtrac_unique,4,12,46,0.3210332103321033,0.2608695652173913,0.8125937031484258,-0.060163645114712005
36,0036,0,seed_sum_lastdigit,9,8,31,0.3062730627306273,0.25806451612903225,0.8425961912164788,-0.04820854660159507
36,0036,0,seed_spread_band,7-9,28,107,0.3062730627306273,0.2616822429906542,0.8544082873550275,-0.04459081973997314
36,6603,6,seed_high_count,1,19,59,0.3726937269372694,0.3220338983050847,0.8640711528779996,-0.050659828632184656
36,0036,0,seed_structure,AABC,30,113,0.3062730627306273,0.26548672566371684,0.8668301524682802,-0.04078633706691048
36,0036,0,seed_unique_count,3,30,113,0.3062730627306273,0.26548672566371684,0.8668301524682802,-0.04078633706691048
36,3306,3,seed_trail_band,7-9,19,68,0.3210332103321033,0.27941176470588236,0.8703515889114267,-0.04162144562622094
36,0036,0,seed_vtrac_unique,2,15,56,0.3062730627306273,0.26785714285714285,0.8745697074010327,-0.03841591987348447
36,6603,6,seed_prime_count,2,35,107,0.3726937269372694,0.32710280373831774,0.8776718793374664,-0.04559092319895164
36,6603,6,seed_lead_band,0-3,37,112,0.3726937269372694,0.33035714285714285,0.8864038189533239,-0.04233658408012653
36,3306,3,seed_high_count,2,30,105,0.3210332103321033,0.2857142857142857,0.8899835796387521,-0.035318924617817604
36,0036,0,seed_trail_band,0-3,29,106,0.3062730627306273,0.27358490566037735,0.8932711979995452,-0.03268815707024997
36,0036,0,seed_consecutive_pairs,0,20,73,0.3062730627306273,0.273972602739726,0.8945370523188644,-0.03230045999090131
36,3306,3,seed_sum_mod3,2,27,93,0.3210332103321033,0.2903225806451613,0.9043381535038933,-0.030710629686941993
36,3306,3,seed_even_count,3,18,62,0.3210332103321033,0.2903225806451613,0.9043381535038933,-0.030710629686941993
36,3306,3,seed_structure,ABCD,41,140,0.3210332103321033,0.29285714285714287,0.912233169129721,-0.02817606747496043
36,3306,3,seed_unique_count,4,41,140,0.3210332103321033,0.29285714285714287,0.912233169129721,-0.02817606747496043
36,3306,3,seed_repeat_digit,none,41,140,0.3210332103321033,0.29285714285714287,0.912233169129721,-0.02817606747496043
36,0036,0,seed_sum_band,10-17,30,107,0.3062730627306273,0.2803738317757009,0.9154374507375295,-0.02589923095492641
36,0036,0,seed_consecutive_pairs,1,40,142,0.3062730627306273,0.28169014084507044,0.919735279144748,-0.024582921885556885
36,6603,6,seed_prime_count,3,11,32,0.3726937269372694,0.34375,0.9223391089108911,-0.028943726937269376
36,6603,6,seed_vtrac_unique,3,57,165,0.3726937269372694,0.34545454545454546,0.9269126912691269,-0.027239181482723918
36,6603,6,seed_sum_band,10-17,37,107,0.3726937269372694,0.34579439252336447,0.9278245581567502,-0.026899334413904907
36,3306,3,seed_trail_band,4-6,29,97,0.3210332103321033,0.29896907216494845,0.9312714776632303,-0.022064138167154856
36,3306,3,seed_prime_count,2,32,107,0.3210332103321033,0.29906542056074764,0.9315715973788806,-0.02196778977135566
37,3307,3,seed_sum_lastdigit,3,6,26,0.36964980544747084,0.23076923076923078,0.6242914979757085,-0.13888057467824005
37,0037,0,seed_prime_count,0,7,36,0.30739299610894943,0.19444444444444445,0.6325597749648383,-0.11294855166450499
37,0037,0,seed_sum_lastdigit,4,5,25,0.30739299610894943,0.2,0.6506329113924051,-0.10739299610894942
37,0037,0,seed_even_count,2,19,92,0.30739299610894943,0.20652173913043478,0.6718492019812878,-0.10087125697851465
37,0037,0,seed_sum_lastdigit,8,6,29,0.30739299610894943,0.20689655172413793,0.6730685290266258,-0.1004964443848115
37,3307,3,seed_vtrac_unique,4,14,54,0.36964980544747084,0.25925925925925924,0.701364522417154,-0.11039054618821159
37,0037,0,seed_sum_mod2,0,27,125,0.30739299610894943,0.216,0.7026835443037974,-0.09139299610894944
37,7703,7,seed_even_count,1,15,64,0.3229571984435798,0.234375,0.7257153614457831,-0.08858219844357978
37,7703,7,seed_high_count,3,16,68,0.3229571984435798,0.23529411764705882,0.7285613040396881,-0.08766308079652096
37,3307,3,seed_spread_band,0-3,12,44,0.36964980544747084,0.2727272727272727,0.7377990430622009,-0.09692253272019813
37,3307,3,seed_sum_lastdigit,1,7,25,0.36964980544747084,0.28,0.7574736842105263,-0.08964980544747081
37,0037,0,seed_high_count,2,21,90,0.30739299610894943,0.23333333333333334,0.7590717299578059,-0.0740596627756161
37,7703,7,seed_trail_band,7-9,21,84,0.3229571984435798,0.25,0.7740963855421686,-0.07295719844357978
37,7703,7,seed_spread_band,4-6,25,99,0.3229571984435798,0.25252525252525254,0.7819155409516856,-0.07043194591832724
37,3307,3,seed_even_count,3,20,68,0.36964980544747084,0.29411764705882354,0.7956656346749226,-0.0755321583886473
37,7703,7,seed_prime_count,2,22,85,0.3229571984435798,0.25882352941176473,0.801417434443657,-0.06413366903181505
37,3307,3,seed_consecutive_pairs,2,15,50,0.36964980544747084,0.3,0.811578947368421,-0.06964980544747085
37,3307,3,seed_sum_mod2,1,40,132,0.36964980544747084,0.30303030303030304,0.8197767145135566,-0.0666195024171678
37,0037,0,seed_sum_mod3,1,22,86,0.30739299610894943,0.2558139534883721,0.8322048866647042,-0.05157904262057733
37,0037,0,seed_trail_band,4-6,20,78,0.30739299610894943,0.2564102564102564,0.834144758195391,-0.05098273969869305
37,3307,3,seed_even_count,1,20,64,0.36964980544747084,0.3125,0.8453947368421052,-0.057149805447470836
37,0037,0,seed_prime_count,1,23,88,0.30739299610894943,0.26136363636363635,0.8502589182968929,-0.04602935974531308
37,7703,7,seed_consecutive_pairs,1,30,109,0.3229571984435798,0.27522935779816515,0.8522162042666077,-0.04772784064541463
37,3307,3,seed_high_count,1,19,60,0.36964980544747084,0.31666666666666665,0.8566666666666666,-0.052983138780804184
37,7703,7,seed_sum_lastdigit,1,7,25,0.3229571984435798,0.28,0.866987951807229,-0.04295719844357976
37,3307,3,seed_sum_mod3,2,27,84,0.36964980544747084,0.32142857142857145,0.8695488721804512,-0.048221234018899384
37,7703,7,seed_structure,AABC,27,96,0.3229571984435798,0.28125,0.8708584337349398,-0.041707198443579785
37,7703,7,seed_unique_count,3,27,96,0.3229571984435798,0.28125,0.8708584337349398,-0.041707198443579785
37,0037,0,seed_mirror_pairs_any,yes,32,119,0.30739299610894943,0.2689075630252101,0.8748005531326454,-0.03848543308373936
37,0037,0,seed_unique_count,2,7,26,0.30739299610894943,0.2692307692307692,0.8758519961051606,-0.038162226878180217
37,3307,3,seed_sum_band,10-17,32,98,0.36964980544747084,0.32653061224489793,0.8833512352309344,-0.0431191932025729
37,0037,0,seed_lead_band,7-9,21,77,0.30739299610894943,0.2727272727272727,0.8872266973532795,-0.03466572338167673
37,3307,3,seed_prime_count,2,28,85,0.36964980544747084,0.32941176470588235,0.8911455108359132,-0.04023804074158849
37,0037,0,seed_consecutive_pairs,0,25,91,0.30739299610894943,0.27472527472527475,0.8937265266379191,-0.032667721383674686
37,3307,3,seed_spread_band,7-9,38,114,0.36964980544747084,0.3333333333333333,0.9017543859649122,-0.03631647211413752
37,7703,7,seed_sum_band,18-26,36,123,0.3229571984435798,0.2926829268292683,0.9062591830737583,-0.03027427161431151
37,0037,0,seed_vtrac_unique,3,38,136,0.30739299610894943,0.27941176470588236,0.9089724497393894,-0.027981231403067075
37,0037,0,seed_sum_lastdigit,0,7,25,0.30739299610894943,0.28,0.9108860759493671,-0.027392996108949408
37,0037,0,seed_spread_band,7-9,32,114,0.30739299610894943,0.2807017543859649,0.9131689984454807,-0.026691241722984538
37,3307,3,seed_mirror_pairs_any,no,47,138,0.36964980544747084,0.34057971014492755,0.9213577421815408,-0.029070095302543286
38,8803,8,seed_sum_lastdigit,0,5,28,0.3230769230769231,0.17857142857142858,0.5527210884353742,-0.14450549450549452
38,8803,8,seed_sum_lastdigit,2,6,32,0.3230769230769231,0.1875,0.5803571428571428,-0.1355769230769231
38,8803,8,seed_sum_lastdigit,9,8,37,0.3230769230769231,0.21621621621621623,0.6692406692406693,-0.10686070686070687
38,0038,0,seed_vtrac_unique,2,15,67,0.3261538461538461,0.22388059701492538,0.686426358772177,-0.10227324913892075
38,0038,0,seed_prime_count,0,9,39,0.3261538461538461,0.23076923076923078,0.7075471698113208,-0.09538461538461535
38,0038,0,seed_sum_mod3,0,27,110,0.3261538461538461,0.24545454545454545,0.752572898799314,-0.08069930069930067
38,3308,3,seed_vtrac_unique,4,18,67,0.3507692307692308,0.26865671641791045,0.7659073055773763,-0.08211251435132033
38,8803,8,seed_sum_mod3,1,27,104,0.3230769230769231,0.25961538461538464,0.8035714285714286,-0.06346153846153846
38,3308,3,seed_sum_mod3,2,32,111,0.3507692307692308,0.2882882882882883,0.8218745060850323,-0.06248094248094249
38,8803,8,seed_prime_count,3,16,60,0.3230769230769231,0.26666666666666666,0.8253968253968254,-0.05641025641025643
38,0038,0,seed_spread_band,4-6,43,156,0.3261538461538461,0.27564102564102566,0.8451257861635222,-0.05051282051282047
38,8803,8,seed_sum_band,18-26,45,164,0.3230769230769231,0.27439024390243905,0.8493031358885018,-0.04868667917448405
38,8803,8,seed_vtrac_unique,3,52,186,0.3230769230769231,0.27956989247311825,0.8653353814644136,-0.04350703060380484
38,8803,8,seed_spread_band,7-9,36,128,0.3230769230769231,0.28125,0.8705357142857142,-0.041826923076923095
38,3308,3,seed_even_count,3,26,85,0.3507692307692308,0.3058823529411765,0.8720330237358102,-0.044886877828054284
38,8803,8,seed_high_count,1,22,77,0.3230769230769231,0.2857142857142857,0.8843537414965985,-0.037362637362637396
38,3308,3,seed_sum_lastdigit,1,14,45,0.3507692307692308,0.3111111111111111,0.8869395711500975,-0.03965811965811966
38,3308,3,seed_sum_lastdigit,3,10,32,0.3507692307692308,0.3125,0.8908991228070176,-0.03826923076923078
38,3308,3,seed_high_count,3,25,80,0.3507692307692308,0.3125,0.8908991228070176,-0.03826923076923078
38,3308,3,seed_sum_mod2,1,55,175,0.3507692307692308,0.3142857142857143,0.8959899749373433,-0.0364835164835165
38,8803,8,seed_high_count,2,36,124,0.3230769230769231,0.2903225806451613,0.8986175115207373,-0.032754342431761785
38,3308,3,seed_prime_count,1,36,114,0.3507692307692308,0.3157894736842105,0.9002770083102493,-0.03497975708502027
38,8803,8,seed_trail_band,0-3,33,113,0.3230769230769231,0.2920353982300885,0.9039190897597977,-0.03104152484683459
38,3308,3,seed_prime_count,2,34,107,0.3507692307692308,0.3177570093457944,0.9058862108542384,-0.033012221423436405
38,0038,0,seed_even_count,2,34,115,0.3261538461538461,0.2956521739130435,0.9064807219031995,-0.030501672240802635
38,8803,8,seed_sum_mod2,0,44,150,0.3230769230769231,0.29333333333333333,0.9079365079365079,-0.02974358974358976
38,3308,3,seed_structure,ABCD,54,169,0.3507692307692308,0.31952662721893493,0.9109311740890689,-0.031242603550295844
38,3308,3,seed_unique_count,4,54,169,0.3507692307692308,0.31952662721893493,0.9109311740890689,-0.031242603550295844
38,3308,3,seed_repeat_digit,none,54,169,0.3507692307692308,0.31952662721893493,0.9109311740890689,-0.031242603550295844
38,0038,0,seed_sum_lastdigit,6,11,37,0.3261538461538461,0.2972972972972973,0.9115247322794494,-0.028856548856548814
38,3308,3,seed_consecutive_pairs,1,48,150,0.3507692307692308,0.32,0.9122807017543859,-0.03076923076923077
38,0038,0,seed_consecutive_pairs,0,31,104,0.3261538461538461,0.2980769230769231,0.9139150943396227,-0.028076923076923055
38,3308,3,seed_even_count,1,29,90,0.3507692307692308,0.32222222222222224,0.9186159844054581,-0.028547008547008534
38,0038,0,seed_prime_count,3,18,60,0.3261538461538461,0.3,0.919811320754717,-0.02615384615384614
38,8803,8,seed_sum_mod3,2,33,111,0.3230769230769231,0.2972972972972973,0.9202059202059202,-0.02577962577962578
38,3308,3,seed_trail_band,7-9,31,96,0.3507692307692308,0.3229166666666667,0.9205957602339182,-0.027852564102564092
38,8803,8,seed_consecutive_pairs,0,31,104,0.3230769230769231,0.2980769230769231,0.9226190476190476,-0.025000000000000022
38,3308,3,seed_sum_lastdigit,6,12,37,0.3507692307692308,0.32432432432432434,0.9246088193456615,-0.026444906444906435
38,8803,8,seed_structure,AABC,39,130,0.3230769230769231,0.3,0.9285714285714285,-0.023076923076923106
38,8803,8,seed_unique_count,3,39,130,0.3230769230769231,0.3,0.9285714285714285,-0.023076923076923106
39,0039,0,seed_prime_count,0,7,36,0.30716723549488056,0.19444444444444445,0.6330246913580246,-0.11272279105043612
39,0039,0,seed_sum_lastdigit,8,5,25,0.30716723549488056,0.2,0.6511111111111111,-0.10716723549488055
39,9903,9,seed_lead_band,0-3,23,111,0.30716723549488056,0.2072072072072072,0.6745745745745745,-0.09996002828767336
39,0039,0,seed_lead_band,4-6,19,89,0.30716723549488056,0.21348314606741572,0.6950062421972534,-0.09368408942746484
39,9903,9,seed_sum_lastdigit,1,7,32,0.30716723549488056,0.21875,0.7121527777777777,-0.08841723549488056
39,0039,0,seed_high_count,3,17,76,0.30716723549488056,0.2236842105263158,0.7282163742690058,-0.08348302496856477
39,0039,0,seed_prime_count,3,9,39,0.30716723549488056,0.23076923076923078,0.7512820512820513,-0.07639800472564978
39,9903,9,seed_sum_lastdigit,4,7,29,0.30716723549488056,0.2413793103448276,0.785823754789272,-0.06578792515005297
39,0039,0,seed_sum_lastdigit,7,8,32,0.30716723549488056,0.25,0.8138888888888889,-0.057167235494880564
39,0039,0,seed_sum_mod3,2,27,106,0.30716723549488056,0.25471698113207547,0.8292452830188679,-0.05245025436280509
39,9903,9,seed_sum_lastdigit,5,9,35,0.30716723549488056,0.2571428571428571,0.837142857142857,-0.050024378352023446
39,0039,0,seed_lead_band,7-9,24,93,0.30716723549488056,0.25806451612903225,0.8401433691756272,-0.04910271936584831
39,0039,0,seed_sum_lastdigit,0,7,27,0.30716723549488056,0.25925925925925924,0.8440329218106994,-0.04790797623562132
39,9903,9,seed_sum_mod3,0,23,87,0.30716723549488056,0.26436781609195403,0.8606641123882504,-0.04279941940292653
39,3309,3,seed_even_count,2,33,99,0.3856655290102389,0.3333333333333333,0.8643067846607668,-0.05233219567690561
39,9903,9,seed_sum_lastdigit,9,8,30,0.30716723549488056,0.26666666666666666,0.8681481481481481,-0.0405005688282139
39,0039,0,seed_vtrac_unique,4,12,45,0.30716723549488056,0.26666666666666666,0.8681481481481481,-0.0405005688282139
39,9903,9,seed_trail_band,7-9,21,78,0.30716723549488056,0.2692307692307692,0.8764957264957264,-0.037936466264111346
39,9903,9,seed_sum_mod3,1,27,100,0.30716723549488056,0.27,0.879,-0.037167235494880546
39,0039,0,seed_sum_band,18-26,36,132,0.30716723549488056,0.2727272727272727,0.8878787878787877,-0.03443996276760786
39,3309,3,seed_sum_lastdigit,3,12,35,0.3856655290102389,0.34285714285714286,0.8890012642225031,-0.04280838615309607
39,3309,3,seed_spread_band,0-3,11,32,0.3856655290102389,0.34375,0.8913163716814159,-0.04191552901023893
39,3309,3,seed_sum_lastdigit,4,10,29,0.3856655290102389,0.3448275862068966,0.8941104668904486,-0.04083794280334235
39,9903,9,seed_consecutive_pairs,0,27,98,0.30716723549488056,0.2755102040816326,0.896938775510204,-0.03165703141324794
39,3309,3,seed_sum_mod2,0,45,129,0.3856655290102389,0.3488372093023256,0.904507100226384,-0.03682831970791334
39,9903,9,seed_even_count,1,22,79,0.30716723549488056,0.27848101265822783,0.9066104078762306,-0.02868622283665273
39,3309,3,seed_high_count,1,26,74,0.3856655290102389,0.35135135135135137,0.9110260703181057,-0.03431417765888756
39,9903,9,seed_sum_band,0-9,7,25,0.30716723549488056,0.28,0.9115555555555556,-0.027167235494880537
39,9903,9,seed_spread_band,0-3,9,32,0.30716723549488056,0.28125,0.9156249999999999,-0.025917235494880564
39,9903,9,seed_prime_count,3,11,39,0.30716723549488056,0.28205128205128205,0.9182336182336182,-0.025115953443598515
39,3309,3,seed_prime_count,1,40,112,0.3856655290102389,0.35714285714285715,0.9260429835651074,-0.028522671867381777
39,0039,0,seed_spread_band,4-6,39,137,0.30716723549488056,0.2846715328467153,0.9267639902676398,-0.02249570264816525
39,9903,9,seed_sum_band,10-17,34,119,0.30716723549488056,0.2857142857142857,0.9301587301587301,-0.021452949780594865
39,0039,0,seed_sum_lastdigit,3,10,35,0.30716723549488056,0.2857142857142857,0.9301587301587301,-0.021452949780594865
39,9903,9,seed_sum_mod2,1,47,164,0.30716723549488056,0.2865853658536585,0.9329945799457994,-0.02058186964122205
39,3309,3,seed_repeat_digit,0,9,25,0.3856655290102389,0.36,0.9334513274336282,-0.02566552901023894
39,3309,3,seed_sum_lastdigit,8,9,25,0.3856655290102389,0.36,0.9334513274336282,-0.02566552901023894
39,0039,0,seed_vtrac_unique,2,23,80,0.30716723549488056,0.2875,0.9359722222222221,-0.019667235494880586
39,3309,3,seed_sum_band,10-17,43,119,0.3856655290102389,0.36134453781512604,0.9369376069011675,-0.024320991195112884
39,9903,9,seed_prime_count,2,28,97,0.30716723549488056,0.28865979381443296,0.9397479954180984,-0.0185074416804476
45,5504,5,seed_sum_lastdigit,9,5,28,0.35906040268456374,0.17857142857142858,0.49732977303070763,-0.18048897411313516
45,4405,4,seed_sum_lastdigit,7,5,31,0.3187919463087248,0.16129032258064516,0.5059422750424448,-0.15750162372807966
45,0045,0,seed_sum_lastdigit,2,6,36,0.3221476510067114,0.16666666666666666,0.5173611111111112,-0.15548098434004473
45,4405,4,seed_sum_lastdigit,0,7,33,0.3187919463087248,0.21212121212121213,0.665390749601276,-0.10667073418751269
45,0045,0,seed_even_count,4,6,25,0.3221476510067114,0.24,0.745,-0.0821476510067114
45,0045,0,seed_sum_lastdigit,4,7,29,0.3221476510067114,0.2413793103448276,0.7492816091954024,-0.08076834066188379
45,0045,0,seed_high_count,1,17,69,0.3221476510067114,0.2463768115942029,0.7647946859903383,-0.07577083941250848
45,4405,4,seed_spread_band,0-3,10,41,0.3187919463087248,0.24390243902439024,0.7650834403080873,-0.07488950728433458
45,5504,5,seed_high_count,2,33,119,0.35906040268456374,0.2773109243697479,0.7723238828241578,-0.08174947831481583
45,0045,0,seed_sum_lastdigit,6,8,32,0.3221476510067114,0.25,0.7760416666666667,-0.07214765100671139
45,5504,5,seed_vtrac_unique,2,17,60,0.35906040268456374,0.2833333333333333,0.7890965732087227,-0.07572706935123041
45,5504,5,seed_even_count,1,16,56,0.35906040268456374,0.2857142857142857,0.7957276368491322,-0.07334611697027804
45,4405,4,seed_consecutive_pairs,2,15,59,0.3187919463087248,0.2542372881355932,0.7975022301516503,-0.06455465817313161
45,5504,5,seed_trail_band,0-3,31,108,0.35906040268456374,0.28703703703703703,0.7994115610938041,-0.0720233656475267
45,5504,5,seed_sum_lastdigit,8,13,45,0.35906040268456374,0.28888888888888886,0.8045690550363447,-0.07017151379567488
45,0045,0,seed_trail_band,4-6,24,92,0.3221476510067114,0.2608695652173913,0.8097826086956522,-0.06127808578932009
45,5504,5,seed_prime_count,3,14,48,0.35906040268456374,0.2916666666666667,0.8123052959501559,-0.06739373601789705
45,5504,5,seed_sum_mod2,1,36,123,0.35906040268456374,0.2926829268292683,0.815135627991794,-0.06637747585529546
45,4405,4,seed_vtrac_unique,4,17,65,0.3187919463087248,0.26153846153846155,0.8204048582995952,-0.05725348477026326
45,0045,0,seed_high_count,3,20,75,0.3221476510067114,0.26666666666666666,0.8277777777777778,-0.055480984340044726
45,4405,4,seed_sum_mod3,2,23,87,0.3187919463087248,0.26436781609195403,0.8292800967937085,-0.05442413021677078
45,5504,5,seed_even_count,3,20,67,0.35906040268456374,0.29850746268656714,0.831357232528944,-0.0605529399979966
45,0045,0,seed_consecutive_pairs,0,26,97,0.3221476510067114,0.26804123711340205,0.8320446735395189,-0.054106413893309335
45,5504,5,seed_mirror_pairs_any,yes,39,129,0.35906040268456374,0.3023255813953488,0.8419908715496631,-0.05673482128921492
45,0045,0,seed_prime_count,1,26,95,0.3221476510067114,0.2736842105263158,0.8495614035087721,-0.04846344048039558
45,5504,5,seed_spread_band,7-9,39,126,0.35906040268456374,0.30952380952380953,0.8620382732532266,-0.049536593160754205
45,0045,0,seed_spread_band,4-6,37,131,0.3221476510067114,0.2824427480916031,0.8767493638676847,-0.03970490291510831
45,4405,4,seed_even_count,4,7,25,0.3187919463087248,0.28,0.8783157894736844,-0.03879194630872479
45,0045,0,seed_mirror_pairs_any,no,48,169,0.3221476510067114,0.28402366863905326,0.8816568047337279,-0.03812398236765813
45,0045,0,seed_sum_mod2,0,50,175,0.3221476510067114,0.2857142857142857,0.8869047619047619,-0.03643336529242569
45,0045,0,seed_lead_band,7-9,26,91,0.3221476510067114,0.2857142857142857,0.8869047619047619,-0.03643336529242569
45,4405,4,seed_vtrac_unique,2,17,60,0.3187919463087248,0.2833333333333333,0.8887719298245614,-0.03545861297539149
45,5504,5,seed_sum_mod3,1,32,100,0.35906040268456374,0.32,0.8912149532710281,-0.03906040268456373
45,4405,4,seed_sum_lastdigit,9,8,28,0.3187919463087248,0.2857142857142857,0.8962406015037594,-0.03307766059443912
45,4405,4,seed_even_count,1,16,56,0.3187919463087248,0.2857142857142857,0.8962406015037594,-0.03307766059443912
45,4405,4,seed_lead_band,7-9,26,91,0.3187919463087248,0.2857142857142857,0.8962406015037594,-0.03307766059443912
45,5504,5,seed_lead_band,0-3,39,120,0.35906040268456374,0.325,0.9051401869158879,-0.03406040268456373
45,0045,0,seed_vtrac_unique,4,19,65,0.3221476510067114,0.2923076923076923,0.907371794871795,-0.029839958699019065
45,4405,4,seed_prime_count,3,14,48,0.3187919463087248,0.2916666666666667,0.9149122807017545,-0.02712527964205813
45,4405,4,seed_trail_band,4-6,27,92,0.3187919463087248,0.29347826086956524,0.9205949656750574,-0.025313685439159572
46,0046,0,seed_prime_count,0,6,40,0.31560283687943264,0.15,0.47528089887640446,-0.16560283687943264
46,0046,0,seed_vtrac_unique,2,10,56,0.31560283687943264,0.17857142857142858,0.5658105939004815,-0.13703140830800406
46,0046,0,seed_spread_band,0-3,7,36,0.31560283687943264,0.19444444444444445,0.6161048689138576,-0.12115839243498819
46,6604,6,seed_sum_lastdigit,3,6,25,0.34397163120567376,0.24,0.6977319587628866,-0.10397163120567376
46,4406,4,seed_sum_lastdigit,4,7,29,0.3404255319148936,0.2413793103448276,0.709051724137931,-0.09904622157006601
46,0046,0,seed_prime_count,3,10,43,0.31560283687943264,0.23255813953488372,0.7368696106610922,-0.08304469734454892
46,0046,0,seed_structure,AABC,27,112,0.31560283687943264,0.24107142857142858,0.7638443017656501,-0.07453140830800406
46,0046,0,seed_unique_count,3,27,112,0.31560283687943264,0.24107142857142858,0.7638443017656501,-0.07453140830800406
46,4406,4,seed_high_count,1,18,68,0.3404255319148936,0.2647058823529412,0.7775735294117647,-0.07571964956195243
46,4406,4,seed_vtrac_unique,4,16,60,0.3404255319148936,0.26666666666666666,0.7833333333333333,-0.07375886524822695
46,6604,6,seed_sum_lastdigit,9,10,37,0.34397163120567376,0.2702702702702703,0.7857341877960435,-0.07370136093540347
46,4406,4,seed_prime_count,2,25,93,0.3404255319148936,0.26881720430107525,0.7896505376344086,-0.07160832761381836
46,0046,0,seed_sum_mod3,0,19,76,0.31560283687943264,0.25,0.7921348314606741,-0.06560283687943264
46,6604,6,seed_prime_count,2,26,93,0.34397163120567376,0.27956989247311825,0.8127702028599932,-0.0644017387325555
46,6604,6,seed_mirror_pairs_any,yes,37,132,0.34397163120567376,0.2803030303030303,0.8149015932521086,-0.06366860090264348
46,4406,4,seed_consecutive_pairs,2,15,54,0.3404255319148936,0.2777777777777778,0.8159722222222223,-0.06264775413711582
46,6604,6,seed_sum_mod3,1,29,103,0.34397163120567376,0.2815533980582524,0.8185366830147132,-0.06241823314742134
46,4406,4,seed_high_count,3,17,61,0.3404255319148936,0.2786885245901639,0.8186475409836065,-0.0617370073247297
46,6604,6,seed_even_count,2,31,110,0.34397163120567376,0.2818181818181818,0.8193064667291471,-0.062153449387491955
46,6604,6,seed_sum_lastdigit,8,8,28,0.34397163120567376,0.2857142857142857,0.8306332842415316,-0.05825734549138806
46,6604,6,seed_consecutive_pairs,1,38,131,0.34397163120567376,0.2900763358778626,0.8433147084284253,-0.05389529532781118
46,0046,0,seed_sum_lastdigit,6,7,26,0.31560283687943264,0.2692307692307692,0.8530682800345721,-0.04637206764866342
46,4406,4,seed_sum_mod3,2,30,103,0.3404255319148936,0.2912621359223301,0.8555825242718447,-0.04916339599256353
46,6604,6,seed_even_count,3,22,74,0.34397163120567376,0.2972972972972973,0.8643076065756479,-0.04667433390837644
46,4406,4,seed_sum_band,10-17,33,112,0.3404255319148936,0.29464285714285715,0.8655133928571429,-0.04578267477203646
46,0046,0,seed_high_count,2,32,117,0.31560283687943264,0.27350427350427353,0.8666090463843273,-0.042098563375159104
46,6604,6,seed_structure,ABCD,46,154,0.34397163120567376,0.2987012987012987,0.8683893426161468,-0.045270332504375066
46,6604,6,seed_unique_count,4,46,154,0.34397163120567376,0.2987012987012987,0.8683893426161468,-0.045270332504375066
46,6604,6,seed_repeat_digit,none,46,154,0.34397163120567376,0.2987012987012987,0.8683893426161468,-0.045270332504375066
46,4406,4,seed_consecutive_pairs,0,27,91,0.3404255319148936,0.2967032967032967,0.8715659340659341,-0.043722235211596905
46,0046,0,seed_mirror_pairs_any,no,42,150,0.31560283687943264,0.28,0.8871910112359551,-0.03560283687943261
46,6604,6,seed_sum_lastdigit,6,8,26,0.34397163120567376,0.3076923076923077,0.8945281522601111,-0.036279323513366046
46,4406,4,seed_structure,ABCD,47,154,0.3404255319148936,0.3051948051948052,0.8965097402597403,-0.03523072672008842
46,4406,4,seed_unique_count,4,47,154,0.3404255319148936,0.3051948051948052,0.8965097402597403,-0.03523072672008842
46,4406,4,seed_repeat_digit,none,47,154,0.3404255319148936,0.3051948051948052,0.8965097402597403,-0.03523072672008842
46,0046,0,seed_trail_band,0-3,30,106,0.31560283687943264,0.2830188679245283,0.896756412974348,-0.03258396895490434
46,4406,4,seed_spread_band,7-9,40,131,0.3404255319148936,0.3053435114503817,0.8969465648854962,-0.03508202046451192
46,4406,4,seed_sum_lastdigit,0,11,36,0.3404255319148936,0.3055555555555556,0.8975694444444445,-0.03486997635933803
46,4406,4,seed_even_count,1,20,65,0.3404255319148936,0.3076923076923077,0.903846153846154,-0.0327332242225859
46,0046,0,seed_sum_lastdigit,8,8,28,0.31560283687943264,0.2857142857142857,0.9052969502407704,-0.029888551165146937
47,0047,0,seed_prime_count,3,10,52,0.3150684931506849,0.19230769230769232,0.6103678929765887,-0.1227608008429926
47,7704,7,seed_sum_mod3,1,18,82,0.3253424657534247,0.21951219512195122,0.6747111681643132,-0.10583027063147346
47,0047,0,seed_spread_band,0-3,9,41,0.3150684931506849,0.21951219512195122,0.6967126193001061,-0.0955562980287337
47,4407,4,seed_lead_band,4-6,22,86,0.3595890410958904,0.2558139534883721,0.7114064230343301,-0.1037750876075183
47,4407,4,seed_even_count,0,7,26,0.3595890410958904,0.2692307692307692,0.7487179487179487,-0.09035827186512119
47,7704,7,seed_even_count,3,14,57,0.3253424657534247,0.24561403508771928,0.7549399815327792,-0.0797284306657054
47,0047,0,seed_lead_band,7-9,20,83,0.3150684931506849,0.24096385542168675,0.7647983237297015,-0.07410463772899817
47,0047,0,seed_vtrac_unique,2,15,62,0.3150684931506849,0.24193548387096775,0.767882187938289,-0.07313300927971716
47,0047,0,seed_even_count,1,20,81,0.3150684931506849,0.24691358024691357,0.7836822329575953,-0.06815491290377135
47,7704,7,seed_sum_lastdigit,6,8,31,0.3253424657534247,0.25806451612903225,0.7932088285229201,-0.06727794962439243
47,4407,4,seed_sum_lastdigit,5,8,28,0.3595890410958904,0.2857142857142857,0.7945578231292517,-0.0738747553816047
47,7704,7,seed_sum_lastdigit,7,7,27,0.3253424657534247,0.25925925925925924,0.7968810916179336,-0.06608320649416544
47,4407,4,seed_sum_band,18-26,38,129,0.3595890410958904,0.29457364341085274,0.8191952750092286,-0.06501539768503767
47,7704,7,seed_prime_count,0,8,30,0.3253424657534247,0.26666666666666666,0.8196491228070175,-0.05867579908675802
47,0047,0,seed_structure,AABC,32,123,0.3150684931506849,0.2601626016260163,0.8257334747260517,-0.054905891524668626
47,0047,0,seed_unique_count,3,32,123,0.3150684931506849,0.2601626016260163,0.8257334747260517,-0.054905891524668626
47,7704,7,seed_high_count,2,30,111,0.3253424657534247,0.2702702702702703,0.8307254623044097,-0.055072195483154396
47,4407,4,seed_sum_lastdigit,0,9,30,0.3595890410958904,0.3,0.8342857142857143,-0.059589041095890416
47,4407,4,seed_sum_lastdigit,3,12,40,0.3595890410958904,0.3,0.8342857142857143,-0.059589041095890416
47,4407,4,seed_sum_lastdigit,4,9,30,0.3595890410958904,0.3,0.8342857142857143,-0.059589041095890416
47,7704,7,seed_vtrac_unique,4,17,62,0.3253424657534247,0.27419354838709675,0.8427843803056025,-0.05114891736632793
47,7704,7,seed_structure,ABCD,42,152,0.3253424657534247,0.27631578947368424,0.8493074792243768,-0.049026676279740444
47,7704,7,seed_unique_count,4,42,152,0.3253424657534247,0.27631578947368424,0.8493074792243768,-0.049026676279740444
47,7704,7,seed_repeat_digit,none,42,152,0.3253424657534247,0.27631578947368424,0.8493074792243768,-0.049026676279740444
47,7704,7,seed_spread_band,7-9,38,135,0.3253424657534247,0.2814814814814815,0.8651851851851852,-0.04386098427194318
47,7704,7,seed_prime_count,1,31,109,0.3253424657534247,0.28440366972477066,0.8741670690487687,-0.04093879602865402
47,7704,7,seed_lead_band,0-3,35,123,0.3253424657534247,0.2845528455284553,0.8746255883611467,-0.0407896202249694
47,7704,7,seed_sum_lastdigit,1,8,28,0.3253424657534247,0.2857142857142857,0.8781954887218044,-0.03962818003913898
47,4407,4,seed_even_count,3,18,57,0.3595890410958904,0.3157894736842105,0.8781954887218045,-0.043799567411679896
47,4407,4,seed_sum_mod3,2,35,110,0.3595890410958904,0.3181818181818182,0.8848484848484849,-0.04140722291407223
47,4407,4,seed_high_count,1,21,66,0.3595890410958904,0.3181818181818182,0.8848484848484849,-0.04140722291407223
47,0047,0,seed_trail_band,0-3,31,111,0.3150684931506849,0.27927927927927926,0.8864081472777124,-0.035789213871405656
47,7704,7,seed_sum_band,10-17,35,120,0.3253424657534247,0.2916666666666667,0.8964912280701754,-0.033675799086757996
47,4407,4,seed_sum_lastdigit,8,14,43,0.3595890410958904,0.32558139534883723,0.9054263565891474,-0.03400764574705317
47,4407,4,seed_sum_mod3,0,33,100,0.3595890410958904,0.33,0.9177142857142858,-0.02958904109589039
47,7704,7,seed_trail_band,7-9,29,97,0.3253424657534247,0.29896907216494845,0.9189365165491046,-0.026373393588476235
47,0047,0,seed_sum_lastdigit,6,9,31,0.3150684931506849,0.2903225806451613,0.9214586255259468,-0.024745912505523604
47,0047,0,seed_sum_band,10-17,35,120,0.3150684931506849,0.2916666666666667,0.9257246376811595,-0.02340182648401823
47,4407,4,seed_prime_count,0,10,30,0.3595890410958904,0.3333333333333333,0.9269841269841269,-0.02625570776255709
47,7704,7,seed_high_count,3,23,76,0.3253424657534247,0.3026315789473684,0.9301939058171744,-0.022710886806056263
48,4408,4,seed_consecutive_pairs,2,10,54,0.3230240549828179,0.18518518518518517,0.5732860520094561,-0.1378388697976327
48,8804,8,seed_sum_lastdigit,1,7,29,0.38144329896907214,0.2413793103448276,0.6328052190121156,-0.14006398862424455
48,4408,4,seed_sum_lastdigit,8,6,29,0.3230240549828179,0.20689655172413793,0.6404988994864269,-0.11612750325867996
48,0048,0,seed_high_count,1,14,70,0.29553264604810997,0.2,0.6767441860465117,-0.09553264604810996
48,8804,8,seed_high_count,3,19,67,0.38144329896907214,0.2835820895522388,0.7434449374747882,-0.09786120941683335
48,8804,8,seed_sum_lastdigit,2,8,28,0.38144329896907214,0.2857142857142857,0.7490347490347491,-0.09572901325478644
48,4408,4,seed_sum_lastdigit,3,8,33,0.3230240549828179,0.24242424242424243,0.7504835589941973,-0.08059981255857546
48,4408,4,seed_sum_lastdigit,7,8,33,0.3230240549828179,0.24242424242424243,0.7504835589941973,-0.08059981255857546
48,4408,4,seed_vtrac_unique,4,14,57,0.3230240549828179,0.24561403508771928,0.7603583426651734,-0.0774100198950986
48,0048,0,seed_even_count,3,15,65,0.29553264604810997,0.23076923076923078,0.7808586762075135,-0.06476341527887919
48,4408,4,seed_prime_count,3,11,43,0.3230240549828179,0.2558139534883721,0.7919346857991093,-0.06721010149444578
48,0048,0,seed_prime_count,0,7,29,0.29553264604810997,0.2413793103448276,0.8167602245388934,-0.054153335703282374
48,0048,0,seed_spread_band,0-3,9,37,0.29553264604810997,0.24324324324324326,0.8230672532998115,-0.052289402804866714
48,0048,0,seed_lead_band,4-6,20,82,0.29553264604810997,0.24390243902439024,0.8252977878615995,-0.05163020702371973
48,0048,0,seed_structure,AABC,28,114,0.29553264604810997,0.24561403508771928,0.8310893512851897,-0.049918610960390686
48,0048,0,seed_unique_count,3,28,114,0.29553264604810997,0.24561403508771928,0.8310893512851897,-0.049918610960390686
48,4408,4,seed_sum_mod3,1,24,89,0.3230240549828179,0.2696629213483146,0.8348075543868037,-0.05336113363450329
48,0048,0,seed_sum_lastdigit,0,10,40,0.29553264604810997,0.25,0.8459302325581395,-0.04553264604810997
48,0048,0,seed_vtrac_unique,2,16,62,0.29553264604810997,0.25806451612903225,0.873218304576144,-0.03746812991907772
48,4408,4,seed_lead_band,7-9,26,92,0.3230240549828179,0.2826086956521739,0.8748843663274745,-0.040415359330643996
48,8804,8,seed_sum_band,18-26,46,137,0.38144329896907214,0.3357664233576642,0.8802525152890116,-0.04567687561140793
48,0048,0,seed_prime_count,1,31,116,0.29553264604810997,0.2672413793103448,0.9042702485966319,-0.028291266737765164
48,4408,4,seed_high_count,2,34,116,0.3230240549828179,0.29310344827586204,0.9073734409391048,-0.029920606706955843
48,0048,0,seed_sum_mod3,2,33,123,0.29553264604810997,0.2682926829268293,0.9078275666477595,-0.027239963121280686
48,8804,8,seed_consecutive_pairs,0,34,98,0.38144329896907214,0.3469387755102041,0.9095421952564811,-0.034504523458868064
48,8804,8,seed_prime_count,3,15,43,0.38144329896907214,0.3488372093023256,0.9145191703331239,-0.03260608966674655
48,4408,4,seed_prime_count,2,27,91,0.3230240549828179,0.2967032967032967,0.9185176525602057,-0.026320758279521184
48,4408,4,seed_trail_band,7-9,25,84,0.3230240549828179,0.2976190476190476,0.9213525835866261,-0.02540500736377027
48,0048,0,seed_sum_lastdigit,4,9,33,0.29553264604810997,0.2727272727272727,0.9228329809725158,-0.022805373320837263
48,0048,0,seed_sum_lastdigit,7,9,33,0.29553264604810997,0.2727272727272727,0.9228329809725158,-0.022805373320837263
48,4408,4,seed_structure,ABCD,46,154,0.3230240549828179,0.2987012987012987,0.9247029566178502,-0.024322756281519198
48,4408,4,seed_unique_count,4,46,154,0.3230240549828179,0.2987012987012987,0.9247029566178502,-0.024322756281519198
48,4408,4,seed_repeat_digit,none,46,154,0.3230240549828179,0.2987012987012987,0.9247029566178502,-0.024322756281519198
48,8804,8,seed_consecutive_pairs,1,48,136,0.38144329896907214,0.35294117647058826,0.9252782193958665,-0.028502122498483884
48,0048,0,seed_trail_band,7-9,23,84,0.29553264604810997,0.27380952380952384,0.9264950166112957,-0.021723122238586134
48,8804,8,seed_spread_band,7-9,40,113,0.38144329896907214,0.35398230088495575,0.9280076536713705,-0.027460998084116395
48,4408,4,seed_even_count,2,33,110,0.3230240549828179,0.3,0.9287234042553191,-0.0230240549828179
48,8804,8,seed_sum_mod3,0,28,79,0.38144329896907214,0.35443037974683544,0.9291823469038659,-0.027012919222236698
48,8804,8,seed_even_count,2,39,110,0.38144329896907214,0.35454545454545455,0.9294840294840295,-0.02689784442361759
48,8804,8,seed_trail_band,4-6,27,76,0.38144329896907214,0.35526315789473684,0.9313655761024182,-0.026180141074335306
49,4409,4,seed_sum_lastdigit,0,5,28,0.3161290322580645,0.17857142857142858,0.5648688046647231,-0.13755760368663592
49,0049,0,seed_spread_band,0-3,7,40,0.2967741935483871,0.175,0.5896739130434783,-0.12177419354838709
49,4409,4,seed_sum_lastdigit,9,6,31,0.3161290322580645,0.1935483870967742,0.6122448979591837,-0.1225806451612903
49,9904,9,seed_prime_count,0,10,38,0.3870967741935484,0.2631578947368421,0.6798245614035088,-0.12393887945670629
49,0049,0,seed_consecutive_pairs,2,12,57,0.2967741935483871,0.21052631578947367,0.7093821510297483,-0.0862478777589134
49,0049,0,seed_sum_band,0-9,6,27,0.2967741935483871,0.2222222222222222,0.748792270531401,-0.07455197132616487
49,0049,0,seed_sum_lastdigit,7,8,35,0.2967741935483871,0.22857142857142856,0.7701863354037267,-0.06820276497695851
49,4409,4,seed_sum_band,18-26,35,143,0.3161290322580645,0.24475524475524477,0.7742257742257743,-0.07137378750281972
49,0049,0,seed_sum_lastdigit,4,8,34,0.2967741935483871,0.23529411764705882,0.7928388746803069,-0.06148007590132826
49,0049,0,seed_trail_band,0-3,30,126,0.2967741935483871,0.23809523809523808,0.8022774327122153,-0.058678955453148995
49,4409,4,seed_sum_lastdigit,2,10,39,0.3161290322580645,0.2564102564102564,0.8110936682365254,-0.0597187758478081
49,9904,9,seed_sum_lastdigit,7,11,35,0.3870967741935484,0.3142857142857143,0.8119047619047619,-0.0728110599078341
49,4409,4,seed_sum_band,0-9,7,27,0.3161290322580645,0.25925925925925924,0.8201058201058201,-0.056869772998805246
49,4409,4,seed_high_count,1,21,81,0.3161290322580645,0.25925925925925924,0.8201058201058201,-0.056869772998805246
49,9904,9,seed_sum_band,10-17,40,125,0.3870967741935484,0.32,0.8266666666666667,-0.06709677419354837
49,0049,0,seed_vtrac_unique,4,17,69,0.2967741935483871,0.2463768115942029,0.8301827347195968,-0.05039738195418417
49,9904,9,seed_sum_lastdigit,6,10,31,0.3870967741935484,0.3225806451612903,0.8333333333333334,-0.06451612903225806
49,0049,0,seed_prime_count,2,25,101,0.2967741935483871,0.24752475247524752,0.8340507963839863,-0.049249441073139555
49,9904,9,seed_lead_band,4-6,26,79,0.3870967741935484,0.3291139240506329,0.850210970464135,-0.05798285014291549
49,0049,0,seed_sum_mod3,2,26,102,0.2967741935483871,0.2549019607843137,0.8589087809036658,-0.04187223276407337
49,9904,9,seed_spread_band,4-6,44,132,0.3870967741935484,0.3333333333333333,0.861111111111111,-0.05376344086021506
49,4409,4,seed_lead_band,7-9,26,95,0.3161290322580645,0.2736842105263158,0.8657357679914072,-0.04244482173174868
49,9904,9,seed_sum_mod3,1,34,101,0.3870967741935484,0.33663366336633666,0.8696369636963697,-0.05046311082721172
49,4409,4,seed_sum_lastdigit,5,8,29,0.3161290322580645,0.27586206896551724,0.8726249120337791,-0.04026696329254725
49,4409,4,seed_prime_count,3,13,47,0.3161290322580645,0.2765957446808511,0.8749457229700391,-0.039533287577213416
49,9904,9,seed_mirror_pairs_any,yes,50,147,0.3870967741935484,0.3401360544217687,0.8786848072562359,-0.04696071977177968
49,9904,9,seed_consecutive_pairs,1,47,138,0.3870967741935484,0.34057971014492755,0.8798309178743962,-0.046517064048620826
49,9904,9,seed_high_count,2,45,132,0.3870967741935484,0.3409090909090909,0.8806818181818181,-0.04618768328445749
49,9904,9,seed_trail_band,4-6,35,102,0.3870967741935484,0.3431372549019608,0.8864379084967321,-0.04395951929158759
49,4409,4,seed_sum_mod3,0,30,107,0.3161290322580645,0.2803738317757009,0.8868968148006866,-0.03575520048236358
49,4409,4,seed_trail_band,7-9,23,82,0.3161290322580645,0.2804878048780488,0.8872573419611749,-0.03564122738001568
49,0049,0,seed_mirror_pairs_any,no,43,163,0.2967741935483871,0.26380368098159507,0.8889037076553747,-0.03297051256679201
49,9904,9,seed_vtrac_unique,2,22,63,0.3870967741935484,0.3492063492063492,0.9021164021164021,-0.03789042498719919
49,9904,9,seed_sum_lastdigit,4,12,34,0.3870967741935484,0.35294117647058826,0.911764705882353,-0.03415559772296012
49,0049,0,seed_sum_mod3,0,29,107,0.2967741935483871,0.27102803738317754,0.9132466477041853,-0.025746156165209533
49,9904,9,seed_trail_band,7-9,29,82,0.3870967741935484,0.35365853658536583,0.9136178861788617,-0.03343823760818254
49,4409,4,seed_sum_lastdigit,1,11,38,0.3161290322580645,0.2894736842105263,0.9156820622986037,-0.026655348047538163
49,4409,4,seed_prime_count,0,11,38,0.3161290322580645,0.2894736842105263,0.9156820622986037,-0.026655348047538163
49,4409,4,seed_vtrac_unique,4,20,69,0.3161290322580645,0.2898550724637681,0.9168884945282462,-0.026273959794296364
49,0049,0,seed_sum_lastdigit,5,8,29,0.2967741935483871,0.27586206896551724,0.9295352323838082,-0.02091212458286984
56,0056,0,seed_sum_lastdigit,8,7,36,0.3401360544217687,0.19444444444444445,0.5716666666666667,-0.14569160997732425
56,6605,6,seed_sum_lastdigit,6,6,29,0.32653061224489793,0.20689655172413793,0.6336206896551725,-0.11963406052076
56,6605,6,seed_sum_lastdigit,0,7,33,0.32653061224489793,0.21212121212121213,0.6496212121212122,-0.1144094001236858
56,6605,6,seed_sum_lastdigit,7,7,33,0.32653061224489793,0.21212121212121213,0.6496212121212122,-0.1144094001236858
56,5506,5,seed_sum_lastdigit,3,6,27,0.3333333333333333,0.2222222222222222,0.6666666666666666,-0.1111111111111111
56,5506,5,seed_structure,AABC,28,122,0.3333333333333333,0.22950819672131148,0.6885245901639345,-0.10382513661202183
56,5506,5,seed_unique_count,3,28,122,0.3333333333333333,0.22950819672131148,0.6885245901639345,-0.10382513661202183
56,5506,5,seed_sum_lastdigit,5,7,30,0.3333333333333333,0.23333333333333334,0.7000000000000001,-0.09999999999999998
56,0056,0,seed_vtrac_unique,4,15,61,0.3401360544217687,0.2459016393442623,0.7229508196721312,-0.0942344150775064
56,5506,5,seed_sum_lastdigit,6,7,29,0.3333333333333333,0.2413793103448276,0.7241379310344829,-0.09195402298850572
56,6605,6,seed_consecutive_pairs,0,25,105,0.32653061224489793,0.23809523809523808,0.7291666666666666,-0.08843537414965985
56,0056,0,seed_consecutive_pairs,2,13,52,0.3401360544217687,0.25,0.735,-0.0901360544217687
56,6605,6,seed_lead_band,4-6,19,77,0.32653061224489793,0.24675324675324675,0.7556818181818182,-0.07977736549165118
56,0056,0,seed_sum_lastdigit,2,8,31,0.3401360544217687,0.25806451612903225,0.7587096774193548,-0.08207153829273645
56,0056,0,seed_lead_band,7-9,24,93,0.3401360544217687,0.25806451612903225,0.7587096774193548,-0.08207153829273645
56,5506,5,seed_lead_band,0-3,32,124,0.3333333333333333,0.25806451612903225,0.7741935483870968,-0.07526881720430106
56,0056,0,seed_structure,ABCD,40,149,0.3401360544217687,0.2684563758389262,0.789261744966443,-0.07167967858284252
56,0056,0,seed_unique_count,4,40,149,0.3401360544217687,0.2684563758389262,0.789261744966443,-0.07167967858284252
56,0056,0,seed_repeat_digit,none,40,149,0.3401360544217687,0.2684563758389262,0.789261744966443,-0.07167967858284252
56,5506,5,seed_even_count,3,20,73,0.3333333333333333,0.273972602739726,0.821917808219178,-0.0593607305936073
56,6605,6,seed_sum_lastdigit,4,7,26,0.32653061224489793,0.2692307692307692,0.8245192307692308,-0.057299843014128715
56,5506,5,seed_consecutive_pairs,1,37,134,0.3333333333333333,0.27611940298507465,0.8283582089552239,-0.05721393034825867
56,5506,5,seed_sum_lastdigit,9,7,25,0.3333333333333333,0.28,0.8400000000000001,-0.05333333333333329
56,6605,6,seed_sum_mod3,2,29,103,0.32653061224489793,0.2815533980582524,0.8622572815533981,-0.04497721418664552
56,5506,5,seed_sum_mod2,1,40,139,0.3333333333333333,0.28776978417266186,0.8633093525179856,-0.04556354916067146
56,0056,0,seed_sum_mod3,0,31,105,0.3401360544217687,0.29523809523809524,0.868,-0.04489795918367345
56,5506,5,seed_vtrac_unique,2,20,69,0.3333333333333333,0.2898550724637681,0.8695652173913044,-0.04347826086956519
56,5506,5,seed_sum_mod3,1,25,86,0.3333333333333333,0.29069767441860467,0.8720930232558141,-0.04263565891472865
56,0056,0,seed_prime_count,1,28,94,0.3401360544217687,0.2978723404255319,0.8757446808510638,-0.042263713996236796
56,5506,5,seed_sum_band,10-17,33,113,0.3333333333333333,0.2920353982300885,0.8761061946902655,-0.04129793510324481
56,5506,5,seed_spread_band,0-3,12,41,0.3333333333333333,0.2926829268292683,0.8780487804878049,-0.04065040650406504
56,0056,0,seed_high_count,2,35,116,0.3401360544217687,0.3017241379310345,0.8870689655172413,-0.03841191649073422
56,6605,6,seed_prime_count,2,31,107,0.32653061224489793,0.2897196261682243,0.8872663551401869,-0.03681098607667366
56,6605,6,seed_sum_mod2,0,45,155,0.32653061224489793,0.2903225806451613,0.8891129032258066,-0.03620803159973662
56,6605,6,seed_sum_lastdigit,2,9,31,0.32653061224489793,0.2903225806451613,0.8891129032258066,-0.03620803159973662
56,6605,6,seed_prime_count,0,14,48,0.32653061224489793,0.2916666666666667,0.8932291666666667,-0.03486394557823125
56,0056,0,seed_spread_band,7-9,42,137,0.3401360544217687,0.30656934306569344,0.9013138686131388,-0.03356671135607525
56,0056,0,seed_mirror_pairs_any,yes,39,127,0.3401360544217687,0.30708661417322836,0.9028346456692914,-0.03304944024854034
56,0056,0,seed_sum_lastdigit,4,8,26,0.3401360544217687,0.3076923076923077,0.9046153846153847,-0.03244374672946099
56,0056,0,seed_sum_band,18-26,42,136,0.3401360544217687,0.3088235294117647,0.9079411764705883,-0.03131252501000398
57,7705,7,seed_sum_lastdigit,7,7,31,0.3333333333333333,0.22580645161290322,0.6774193548387097,-0.1075268817204301
57,5507,5,seed_vtrac_unique,2,21,83,0.34285714285714286,0.25301204819277107,0.7379518072289156,-0.0898450946643718
57,0057,0,seed_lead_band,7-9,22,92,0.3238095238095238,0.2391304347826087,0.7384910485933504,-0.08467908902691512
57,5507,5,seed_sum_lastdigit,3,9,35,0.34285714285714286,0.2571428571428571,0.7499999999999999,-0.08571428571428574
57,7705,7,seed_sum_band,0-9,7,28,0.3333333333333333,0.25,0.75,-0.08333333333333331
57,7705,7,seed_sum_lastdigit,5,9,34,0.3333333333333333,0.2647058823529412,0.7941176470588236,-0.06862745098039214
57,7705,7,seed_even_count,1,22,83,0.3333333333333333,0.26506024096385544,0.7951807228915664,-0.06827309236947787
57,7705,7,seed_prime_count,3,12,45,0.3333333333333333,0.26666666666666666,0.8,-0.06666666666666665
57,0057,0,seed_vtrac_unique,4,16,61,0.3238095238095238,0.26229508196721313,0.8100289296046287,-0.061514441842310696
57,5507,5,seed_sum_band,27-36,7,25,0.34285714285714286,0.28,0.8166666666666668,-0.06285714285714283
57,5507,5,seed_even_count,3,20,70,0.34285714285714286,0.2857142857142857,0.8333333333333333,-0.05714285714285716
57,0057,0,seed_prime_count,0,10,37,0.3238095238095238,0.2702702702702703,0.834658187599364,-0.05353925353925354
57,5507,5,seed_spread_band,0-3,14,48,0.34285714285714286,0.2916666666666667,0.8506944444444445,-0.051190476190476175
57,7705,7,seed_high_count,1,22,77,0.3333333333333333,0.2857142857142857,0.8571428571428571,-0.047619047619047616
57,0057,0,seed_sum_lastdigit,6,9,32,0.3238095238095238,0.28125,0.8685661764705882,-0.042559523809523825
57,0057,0,seed_high_count,2,33,117,0.3238095238095238,0.28205128205128205,0.8710407239819004,-0.041758241758241776
57,5507,5,seed_high_count,1,23,77,0.34285714285714286,0.2987012987012987,0.8712121212121212,-0.04415584415584417
57,5507,5,seed_sum_mod3,1,32,107,0.34285714285714286,0.29906542056074764,0.8722741433021806,-0.04379172229639522
57,0057,0,seed_structure,ABCD,41,145,0.3238095238095238,0.2827586206896552,0.8732251521298174,-0.04105090311986864
57,0057,0,seed_unique_count,4,41,145,0.3238095238095238,0.2827586206896552,0.8732251521298174,-0.04105090311986864
57,0057,0,seed_repeat_digit,none,41,145,0.3238095238095238,0.2827586206896552,0.8732251521298174,-0.04105090311986864
57,0057,0,seed_trail_band,4-6,29,102,0.3238095238095238,0.28431372549019607,0.8780276816608996,-0.03949579831932776
57,7705,7,seed_vtrac_unique,3,50,170,0.3333333333333333,0.29411764705882354,0.8823529411764707,-0.039215686274509776
57,5507,5,seed_sum_lastdigit,0,10,33,0.34285714285714286,0.30303030303030304,0.8838383838383839,-0.03982683982683982
57,0057,0,seed_sum_band,18-26,39,136,0.3238095238095238,0.2867647058823529,0.8855968858131487,-0.0370448179271709
57,7705,7,seed_prime_count,0,11,37,0.3333333333333333,0.2972972972972973,0.891891891891892,-0.036036036036036
57,0057,0,seed_sum_lastdigit,7,9,31,0.3238095238095238,0.2903225806451613,0.896584440227704,-0.033486943164362515
57,5507,5,seed_consecutive_pairs,0,37,120,0.34285714285714286,0.30833333333333335,0.8993055555555556,-0.03452380952380951
57,0057,0,seed_consecutive_pairs,1,40,137,0.3238095238095238,0.291970802919708,0.90167453842851,-0.03183872088981582
57,7705,7,seed_sum_mod3,2,34,113,0.3333333333333333,0.3008849557522124,0.9026548672566372,-0.0324483775811209
57,5507,5,seed_lead_band,0-3,42,135,0.34285714285714286,0.3111111111111111,0.9074074074074074,-0.031746031746031744
57,5507,5,seed_trail_band,7-9,33,106,0.34285714285714286,0.3113207547169811,0.9080188679245282,-0.03153638814016174
57,5507,5,seed_prime_count,1,37,118,0.34285714285714286,0.3135593220338983,0.91454802259887,-0.029297820823244558
57,7705,7,seed_mirror_pairs_any,yes,43,141,0.3333333333333333,0.3049645390070922,0.9148936170212766,-0.02836879432624112
57,0057,0,seed_even_count,4,8,27,0.3238095238095238,0.2962962962962963,0.915032679738562,-0.027513227513227545
57,0057,0,seed_high_count,0,8,27,0.3238095238095238,0.2962962962962963,0.915032679738562,-0.027513227513227545
57,7705,7,seed_sum_lastdigit,8,15,49,0.3333333333333333,0.30612244897959184,0.9183673469387755,-0.02721088435374147
57,7705,7,seed_lead_band,4-6,27,88,0.3333333333333333,0.3068181818181818,0.9204545454545455,-0.02651515151515149
57,7705,7,seed_sum_mod2,1,47,153,0.3333333333333333,0.30718954248366015,0.9215686274509804,-0.026143790849673165
57,7705,7,seed_high_count,3,22,71,0.3333333333333333,0.30985915492957744,0.9295774647887324,-0.023474178403755874
58,5508,5,seed_prime_count,3,9,47,0.2918149466192171,0.19148936170212766,0.656201349247535,-0.10032558491708943
58,5508,5,seed_vtrac_unique,4,11,51,0.2918149466192171,0.21568627450980393,0.7391200382592061,-0.07612867210941315
58,0058,0,seed_sum_lastdigit,1,8,31,0.34519572953736655,0.25806451612903225,0.747588959095444,-0.0871312134083343
58,8805,8,seed_sum_lastdigit,4,10,36,0.36298932384341637,0.2777777777777778,0.7652505446623095,-0.08521154606563858
58,5508,5,seed_lead_band,4-6,21,92,0.2918149466192171,0.22826086956521738,0.7822110286320254,-0.06355407705399971
58,0058,0,seed_sum_lastdigit,9,9,32,0.34519572953736655,0.28125,0.8147551546391752,-0.06394572953736655
58,5508,5,seed_spread_band,0-3,10,42,0.2918149466192171,0.23809523809523808,0.8159117305458768,-0.053719708523979004
58,8805,8,seed_sum_mod3,0,27,91,0.36298932384341637,0.2967032967032967,0.8173884938590821,-0.06628602714011966
58,8805,8,seed_prime_count,0,11,37,0.36298932384341637,0.2972972972972973,0.8190249072602014,-0.06569202654611905
58,0058,0,seed_spread_band,0-3,12,42,0.34519572953736655,0.2857142857142857,0.8276877761413843,-0.05948144382308085
58,8805,8,seed_lead_band,7-9,24,79,0.36298932384341637,0.3037974683544304,0.8369322412509308,-0.05919185548898598
58,8805,8,seed_spread_band,4-6,41,131,0.36298932384341637,0.31297709923664124,0.8622212243676097,-0.050012224606775124
58,5508,5,seed_even_count,3,20,79,0.2918149466192171,0.25316455696202533,0.8675517134918185,-0.03865038965719175
58,0058,0,seed_prime_count,1,24,80,0.34519572953736655,0.3,0.8690721649484536,-0.04519572953736656
58,5508,5,seed_sum_band,10-17,29,114,0.2918149466192171,0.2543859649122807,0.871737270004279,-0.03742898170693637
58,8805,8,seed_vtrac_unique,3,50,157,0.36298932384341637,0.3184713375796178,0.8773573123516922,-0.04451798626379855
58,8805,8,seed_prime_count,3,15,47,0.36298932384341637,0.3191489361702128,0.879224030037547,-0.043840387673203585
58,5508,5,seed_high_count,1,18,70,0.2918149466192171,0.2571428571428571,0.881184668989547,-0.03467208947635997
58,5508,5,seed_sum_lastdigit,7,8,31,0.2918149466192171,0.25806451612903225,0.8843430369787568,-0.033750430490184835
58,8805,8,seed_sum_mod2,0,44,137,0.36298932384341637,0.32116788321167883,0.8847860312008015,-0.04182144063173754
58,0058,0,seed_spread_band,7-9,33,108,0.34519572953736655,0.3055555555555556,0.8851660939289806,-0.03964017398181097
58,0058,0,seed_prime_count,2,33,108,0.34519572953736655,0.3055555555555556,0.8851660939289806,-0.03964017398181097
58,8805,8,seed_consecutive_pairs,2,18,56,0.36298932384341637,0.32142857142857145,0.8855042016806723,-0.041560752414844915
58,8805,8,seed_even_count,2,33,102,0.36298932384341637,0.3235294117647059,0.891291810841984,-0.03945991207871047
58,8805,8,seed_trail_band,7-9,27,83,0.36298932384341637,0.3253012048192771,0.8961729270021261,-0.037688119024139266
58,0058,0,seed_vtrac_unique,2,23,73,0.34519572953736655,0.3150684931506849,0.9127241914983759,-0.030127236386681633
58,0058,0,seed_even_count,3,25,79,0.34519572953736655,0.31645569620253167,0.9167427900300145,-0.02874003333483488
58,0058,0,seed_lead_band,7-9,25,79,0.34519572953736655,0.31645569620253167,0.9167427900300145,-0.02874003333483488
58,5508,5,seed_high_count,2,26,97,0.2918149466192171,0.26804123711340205,0.9185315564495851,-0.023773709505815033
58,5508,5,seed_sum_lastdigit,5,7,26,0.2918149466192171,0.2692307692307692,0.9226078799249531,-0.022584177388447868
58,5508,5,seed_sum_mod3,2,27,100,0.2918149466192171,0.27,0.9252439024390244,-0.021814946619217068
58,0058,0,seed_sum_mod2,1,46,144,0.34519572953736655,0.3194444444444444,0.9254009163802978,-0.025751285092922127
58,0058,0,seed_sum_mod3,2,32,100,0.34519572953736655,0.32,0.9270103092783505,-0.02519572953736654
58,8805,8,seed_consecutive_pairs,0,33,98,0.36298932384341637,0.336734693877551,0.9276710684273709,-0.02625462996586536
58,0058,0,seed_trail_band,4-6,27,84,0.34519572953736655,0.32142857142857145,0.9311487481590575,-0.023767158108795094
58,0058,0,seed_sum_band,18-26,40,124,0.34519572953736655,0.3225806451612903,0.934486198869305,-0.022615084376076233
58,5508,5,seed_sum_lastdigit,0,9,33,0.2918149466192171,0.2727272727272727,0.9345898004434589,-0.01908767389194438
58,0058,0,seed_even_count,1,21,65,0.34519572953736655,0.3230769230769231,0.9359238699444885,-0.022118806460443452
58,5508,5,seed_vtrac_unique,2,20,73,0.2918149466192171,0.273972602739726,0.9388573337788172,-0.017842343879491074
58,0058,0,seed_prime_count,0,12,37,0.34519572953736655,0.32432432432432434,0.9395374756199499,-0.020871405213042205
59,9905,9,seed_sum_lastdigit,3,6,27,0.35986159169550175,0.2222222222222222,0.6175213675213674,-0.13763936947327954
59,5509,5,seed_sum_lastdigit,1,6,30,0.3217993079584775,0.2,0.6215053763440861,-0.12179930795847749
59,5509,5,seed_sum_lastdigit,6,7,32,0.3217993079584775,0.21875,0.6797715053763441,-0.1030493079584775
59,0059,0,seed_sum_lastdigit,1,7,30,0.31833910034602075,0.23333333333333334,0.7329710144927537,-0.08500576701268742
59,5509,5,seed_sum_lastdigit,9,7,29,0.3217993079584775,0.2413793103448276,0.7500926955876901,-0.0804199976136499
59,9905,9,seed_prime_count,3,10,37,0.35986159169550175,0.2702702702702703,0.751039501039501,-0.08959132142523146
59,5509,5,seed_lead_band,4-6,20,82,0.3217993079584775,0.24390243902439024,0.7579333857854708,-0.07789686893408726
59,5509,5,seed_spread_band,0-3,9,36,0.3217993079584775,0.25,0.7768817204301075,-0.0717993079584775
59,5509,5,seed_even_count,3,20,78,0.3217993079584775,0.2564102564102564,0.7968017645437,-0.06538905154822111
59,5509,5,seed_high_count,1,20,77,0.3217993079584775,0.2597402597402597,0.8071498394079039,-0.06205904821821778
59,5509,5,seed_sum_mod3,0,24,91,0.3217993079584775,0.26373626373626374,0.8195675292449487,-0.058063044222213755
59,9905,9,seed_high_count,2,32,108,0.35986159169550175,0.2962962962962963,0.8233618233618233,-0.06356529539920547
59,0059,0,seed_prime_count,2,26,99,0.31833910034602075,0.26262626262626265,0.8249890206411946,-0.0557128377197581
59,0059,0,seed_trail_band,4-6,22,83,0.31833910034602075,0.26506024096385544,0.8326348873755894,-0.05327885938216531
59,0059,0,seed_high_count,3,19,71,0.31833910034602075,0.2676056338028169,0.8406307409675443,-0.050733466543203876
59,9905,9,seed_sum_band,10-17,35,115,0.35986159169550175,0.30434782608695654,0.8457357859531772,-0.05551376560854521
59,0059,0,seed_consecutive_pairs,0,31,115,0.31833910034602075,0.26956521739130435,0.8467863894139886,-0.04877388295471641
59,0059,0,seed_even_count,1,17,63,0.31833910034602075,0.2698412698412698,0.8476535541752933,-0.04849783050475093
59,0059,0,seed_lead_band,0-3,31,114,0.31833910034602075,0.2719298245614035,0.854214340198322,-0.04640927578461723
59,9905,9,seed_sum_mod3,1,30,97,0.35986159169550175,0.30927835051546393,0.8594369547977795,-0.05058324118003782
59,9905,9,seed_sum_lastdigit,4,9,29,0.35986159169550175,0.3103448275862069,0.8624005305039788,-0.04951676410929484
59,9905,9,seed_sum_lastdigit,9,9,29,0.35986159169550175,0.3103448275862069,0.8624005305039788,-0.04951676410929484
59,9905,9,seed_prime_count,1,35,112,0.35986159169550175,0.3125,0.868389423076923,-0.04736159169550175
59,5509,5,seed_consecutive_pairs,2,13,46,0.3217993079584775,0.2826086956521739,0.878214118747078,-0.03919061230630361
59,5509,5,seed_structure,AABC,38,134,0.3217993079584775,0.2835820895522388,0.8812389664580325,-0.03821721840623871
59,5509,5,seed_unique_count,3,38,134,0.3217993079584775,0.2835820895522388,0.8812389664580325,-0.03821721840623871
59,5509,5,seed_sum_lastdigit,5,8,28,0.3217993079584775,0.2857142857142857,0.8878648233486943,-0.0360850222441918
59,5509,5,seed_vtrac_unique,4,18,63,0.3217993079584775,0.2857142857142857,0.8878648233486943,-0.0360850222441918
59,9905,9,seed_structure,ABCD,46,143,0.35986159169550175,0.32167832167832167,0.89389456697149,-0.03818327001718008
59,9905,9,seed_unique_count,4,46,143,0.35986159169550175,0.32167832167832167,0.89389456697149,-0.03818327001718008
59,9905,9,seed_repeat_digit,none,46,143,0.35986159169550175,0.32167832167832167,0.89389456697149,-0.03818327001718008
59,9905,9,seed_mirror_pairs_any,yes,41,127,0.35986159169550175,0.3228346456692913,0.897107813446396,-0.03702694602621043
59,9905,9,seed_sum_lastdigit,0,12,37,0.35986159169550175,0.32432432432432434,0.9012474012474012,-0.035537267371177406
59,5509,5,seed_prime_count,2,29,99,0.3217993079584775,0.29292929292929293,0.9102856522211361,-0.02887001502918457
59,5509,5,seed_sum_lastdigit,8,8,27,0.3217993079584775,0.2962962962962963,0.9207487056949423,-0.02550301166218122
59,5509,5,seed_vtrac_unique,2,19,64,0.3217993079584775,0.296875,0.9225470430107527,-0.0249243079584775
59,5509,5,seed_sum_lastdigit,0,11,37,0.3217993079584775,0.2972972972972973,0.923859343214182,-0.024502010661180185
59,9905,9,seed_sum_lastdigit,7,9,27,0.35986159169550175,0.3333333333333333,0.9262820512820512,-0.026528258362168433
59,9905,9,seed_spread_band,4-6,41,123,0.35986159169550175,0.3333333333333333,0.9262820512820512,-0.026528258362168433
59,9905,9,seed_even_count,1,21,63,0.35986159169550175,0.3333333333333333,0.9262820512820512,-0.026528258362168433
67,7706,7,seed_sum_lastdigit,1,6,34,0.3333333333333333,0.17647058823529413,0.5294117647058825,-0.15686274509803919
67,7706,7,seed_consecutive_pairs,2,12,56,0.3333333333333333,0.21428571428571427,0.6428571428571429,-0.11904761904761904
67,7706,7,seed_even_count,3,16,71,0.3333333333333333,0.22535211267605634,0.6760563380281691,-0.10798122065727697
67,0067,0,seed_sum_lastdigit,4,8,35,0.3333333333333333,0.22857142857142856,0.6857142857142857,-0.10476190476190475
67,0067,0,seed_trail_band,4-6,20,87,0.3333333333333333,0.22988505747126436,0.6896551724137931,-0.10344827586206895
67,0067,0,seed_vtrac_unique,2,16,64,0.3333333333333333,0.25,0.75,-0.08333333333333331
67,6607,6,seed_sum_lastdigit,4,9,35,0.3333333333333333,0.2571428571428571,0.7714285714285714,-0.0761904761904762
67,6607,6,seed_prime_count,0,9,34,0.3333333333333333,0.2647058823529412,0.7941176470588236,-0.06862745098039214
67,7706,7,seed_prime_count,3,12,45,0.3333333333333333,0.26666666666666666,0.8,-0.06666666666666665
67,7706,7,seed_trail_band,7-9,24,90,0.3333333333333333,0.26666666666666666,0.8,-0.06666666666666665
67,6607,6,seed_structure,AABC,30,112,0.3333333333333333,0.26785714285714285,0.8035714285714286,-0.06547619047619047
67,6607,6,seed_unique_count,3,30,112,0.3333333333333333,0.26785714285714285,0.8035714285714286,-0.06547619047619047
67,7706,7,seed_sum_mod3,1,25,93,0.3333333333333333,0.26881720430107525,0.8064516129032258,-0.06451612903225806
67,7706,7,seed_sum_lastdigit,8,7,26,0.3333333333333333,0.2692307692307692,0.8076923076923077,-0.0641025641025641
67,6607,6,seed_consecutive_pairs,1,38,140,0.3333333333333333,0.2714285714285714,0.8142857142857143,-0.06190476190476191
67,0067,0,seed_sum_lastdigit,7,9,33,0.3333333333333333,0.2727272727272727,0.8181818181818181,-0.06060606060606061
67,0067,0,seed_prime_count,1,27,99,0.3333333333333333,0.2727272727272727,0.8181818181818181,-0.06060606060606061
67,7706,7,seed_mirror_pairs_any,no,38,139,0.3333333333333333,0.2733812949640288,0.8201438848920864,-0.05995203836930452
67,7706,7,seed_lead_band,0-3,31,112,0.3333333333333333,0.2767857142857143,0.8303571428571429,-0.05654761904761901
67,6607,6,seed_lead_band,7-9,24,86,0.3333333333333333,0.27906976744186046,0.8372093023255814,-0.054263565891472854
67,6607,6,seed_trail_band,0-3,31,111,0.3333333333333333,0.27927927927927926,0.8378378378378378,-0.05405405405405406
67,0067,0,seed_high_count,1,16,57,0.3333333333333333,0.2807017543859649,0.8421052631578947,-0.05263157894736842
67,7706,7,seed_high_count,1,16,57,0.3333333333333333,0.2807017543859649,0.8421052631578947,-0.05263157894736842
67,0067,0,seed_vtrac_unique,4,18,64,0.3333333333333333,0.28125,0.84375,-0.052083333333333315
67,7706,7,seed_vtrac_unique,4,18,64,0.3333333333333333,0.28125,0.84375,-0.052083333333333315
67,6607,6,seed_sum_lastdigit,9,11,39,0.3333333333333333,0.28205128205128205,0.8461538461538461,-0.051282051282051266
67,0067,0,seed_sum_band,10-17,31,109,0.3333333333333333,0.28440366972477066,0.853211009174312,-0.04892966360856266
67,0067,0,seed_sum_lastdigit,3,8,28,0.3333333333333333,0.2857142857142857,0.8571428571428571,-0.047619047619047616
67,0067,0,seed_lead_band,4-6,26,90,0.3333333333333333,0.28888888888888886,0.8666666666666666,-0.04444444444444445
67,6607,6,seed_high_count,2,33,113,0.3333333333333333,0.2920353982300885,0.8761061946902655,-0.04129793510324481
67,0067,0,seed_sum_mod3,2,27,92,0.3333333333333333,0.29347826086956524,0.8804347826086958,-0.03985507246376807
67,6607,6,seed_sum_mod3,2,27,92,0.3333333333333333,0.29347826086956524,0.8804347826086958,-0.03985507246376807
67,7706,7,seed_prime_count,0,10,34,0.3333333333333333,0.29411764705882354,0.8823529411764707,-0.039215686274509776
67,0067,0,seed_even_count,2,31,105,0.3333333333333333,0.29523809523809524,0.8857142857142858,-0.03809523809523807
67,0067,0,seed_even_count,1,24,81,0.3333333333333333,0.2962962962962963,0.8888888888888888,-0.037037037037037035
67,6607,6,seed_even_count,1,24,81,0.3333333333333333,0.2962962962962963,0.8888888888888888,-0.037037037037037035
67,6607,6,seed_vtrac_unique,2,19,64,0.3333333333333333,0.296875,0.890625,-0.036458333333333315
67,6607,6,seed_vtrac_unique,3,47,157,0.3333333333333333,0.29936305732484075,0.8980891719745223,-0.03397027600849256
67,0067,0,seed_mirror_pairs_any,yes,45,149,0.3333333333333333,0.30201342281879195,0.9060402684563759,-0.03131991051454136
67,0067,0,seed_sum_lastdigit,6,10,33,0.3333333333333333,0.30303030303030304,0.9090909090909092,-0.030303030303030276
68,0068,0,seed_sum_lastdigit,7,7,36,0.3685897435897436,0.19444444444444445,0.527536231884058,-0.17414529914529916
68,0068,0,seed_sum_band,0-9,6,28,0.3685897435897436,0.21428571428571427,0.5813664596273291,-0.15430402930402934
68,0068,0,seed_sum_lastdigit,0,9,40,0.3685897435897436,0.225,0.6104347826086957,-0.1435897435897436
68,6608,6,seed_trail_band,4-6,16,78,0.30448717948717946,0.20512820512820512,0.6736842105263158,-0.09935897435897434
68,6608,6,seed_sum_lastdigit,1,6,27,0.30448717948717946,0.2222222222222222,0.7298245614035088,-0.08226495726495725
68,6608,6,seed_prime_count,0,8,36,0.30448717948717946,0.2222222222222222,0.7298245614035088,-0.08226495726495725
68,6608,6,seed_vtrac_unique,2,17,72,0.30448717948717946,0.2361111111111111,0.7754385964912281,-0.06837606837606836
68,6608,6,seed_sum_mod3,1,27,114,0.30448717948717946,0.23684210526315788,0.7778393351800554,-0.06764507422402158
68,8806,8,seed_sum_mod3,0,25,97,0.3269230769230769,0.25773195876288657,0.7883565797453,-0.06919111816019036
68,6608,6,seed_sum_lastdigit,4,7,29,0.30448717948717946,0.2413793103448276,0.7927404718693286,-0.06310786914235186
68,6608,6,seed_sum_lastdigit,6,7,29,0.30448717948717946,0.2413793103448276,0.7927404718693286,-0.06310786914235186
68,8806,8,seed_spread_band,7-9,37,138,0.3269230769230769,0.26811594202898553,0.8201193520886616,-0.058807134894091395
68,6608,6,seed_spread_band,0-3,10,40,0.30448717948717946,0.25,0.8210526315789475,-0.05448717948717946
68,0068,0,seed_sum_mod3,2,31,101,0.3685897435897436,0.3069306930693069,0.8327163151097717,-0.06165905052043669
68,0068,0,seed_even_count,0,10,32,0.3685897435897436,0.3125,0.8478260869565217,-0.05608974358974361
68,6608,6,seed_structure,AABC,36,139,0.30448717948717946,0.2589928057553957,0.8505868989019312,-0.04549437373178378
68,6608,6,seed_unique_count,3,36,139,0.30448717948717946,0.2589928057553957,0.8505868989019312,-0.04549437373178378
68,6608,6,seed_consecutive_pairs,2,12,46,0.30448717948717946,0.2608695652173913,0.8567505720823799,-0.04361761426978816
68,8806,8,seed_lead_band,4-6,25,89,0.3269230769230769,0.2808988764044944,0.8592200925313946,-0.046024200518582525
68,8806,8,seed_trail_band,0-3,40,141,0.3269230769230769,0.28368794326241137,0.8677513558614935,-0.04323513366066556
68,0068,0,seed_prime_count,3,15,46,0.3685897435897436,0.32608695652173914,0.8846880907372401,-0.04250278706800448
68,0068,0,seed_lead_band,7-9,33,101,0.3685897435897436,0.32673267326732675,0.8864399483426604,-0.04185707032241687
68,8806,8,seed_sum_lastdigit,9,9,31,0.3269230769230769,0.2903225806451613,0.888045540796964,-0.03660049627791562
68,6608,6,seed_lead_band,0-3,33,122,0.30448717948717946,0.27049180327868855,0.8883520276100088,-0.03399537620849091
68,8806,8,seed_sum_band,18-26,42,143,0.3269230769230769,0.2937062937062937,0.8983957219251336,-0.03321678321678323
68,0068,0,seed_trail_band,7-9,31,93,0.3685897435897436,0.3333333333333333,0.9043478260869564,-0.0352564102564103
68,8806,8,seed_vtrac_unique,4,19,64,0.3269230769230769,0.296875,0.9080882352941176,-0.030048076923076927
68,8806,8,seed_sum_mod3,2,30,101,0.3269230769230769,0.297029702970297,0.9085614443797321,-0.02989337395277991
68,0068,0,seed_structure,ABCD,51,152,0.3685897435897436,0.3355263157894737,0.9102974828375285,-0.03306342780026994
68,0068,0,seed_unique_count,4,51,152,0.3685897435897436,0.3355263157894737,0.9102974828375285,-0.03306342780026994
68,0068,0,seed_repeat_digit,none,51,152,0.3685897435897436,0.3355263157894737,0.9102974828375285,-0.03306342780026994
68,0068,0,seed_spread_band,4-6,45,134,0.3685897435897436,0.3358208955223881,0.9110966904607398,-0.03276884806735553
68,8806,8,seed_high_count,2,34,114,0.3269230769230769,0.2982456140350877,0.9122807017543859,-0.028677462887989225
68,0068,0,seed_mirror_pairs_any,yes,46,136,0.3685897435897436,0.3382352941176471,0.9176470588235294,-0.030354449472096534
68,6608,6,seed_sum_lastdigit,8,9,32,0.30448717948717946,0.28125,0.9236842105263159,-0.02323717948717946
68,0068,0,seed_sum_mod2,0,57,167,0.3685897435897436,0.3413173652694611,0.9260088518614944,-0.02727237832028251
68,0068,0,seed_even_count,2,39,114,0.3685897435897436,0.34210526315789475,0.9281464530892448,-0.026484480431848867
68,6608,6,seed_high_count,3,21,74,0.30448717948717946,0.28378378378378377,0.9320056899004268,-0.02070339570339569
68,8806,8,seed_prime_count,0,11,36,0.3269230769230769,0.3055555555555556,0.934640522875817,-0.021367521367521347
68,0068,0,seed_sum_lastdigit,6,10,29,0.3685897435897436,0.3448275862068966,0.9355322338830585,-0.023762157382847038
69,0069,0,seed_sum_lastdigit,8,5,26,0.33088235294117646,0.19230769230769232,0.5811965811965812,-0.13857466063348414
69,9906,9,seed_even_count,3,14,64,0.3272058823529412,0.21875,0.6685393258426966,-0.10845588235294118
69,0069,0,seed_lead_band,7-9,20,83,0.33088235294117646,0.24096385542168675,0.7282463186077645,-0.08991849751948972
69,9906,9,seed_vtrac_unique,4,12,50,0.3272058823529412,0.24,0.7334831460674157,-0.08720588235294119
69,0069,0,seed_prime_count,0,7,28,0.33088235294117646,0.25,0.7555555555555555,-0.08088235294117646
69,9906,9,seed_prime_count,0,7,28,0.3272058823529412,0.25,0.7640449438202247,-0.07720588235294118
69,6609,6,seed_even_count,2,27,98,0.34191176470588236,0.2755102040816326,0.8057932850559578,-0.06640156062424973
69,0069,0,seed_sum_lastdigit,3,7,26,0.33088235294117646,0.2692307692307692,0.8136752136752137,-0.06165158371040724
69,9906,9,seed_lead_band,4-6,24,89,0.3272058823529412,0.2696629213483146,0.8241383663678828,-0.05754296100462658
69,0069,0,seed_spread_band,7-9,32,116,0.33088235294117646,0.27586206896551724,0.8337164750957855,-0.05502028397565922
69,0069,0,seed_high_count,3,21,76,0.33088235294117646,0.27631578947368424,0.8350877192982458,-0.054566563467492224
69,9906,9,seed_sum_lastdigit,0,8,29,0.3272058823529412,0.27586206896551724,0.8430840759395583,-0.05134381338742394
69,6609,6,seed_prime_count,3,15,52,0.34191176470588236,0.28846153846153844,0.8436724565756822,-0.053450226244343924
69,0069,0,seed_sum_lastdigit,9,7,25,0.33088235294117646,0.28,0.8462222222222223,-0.050882352941176434
69,6609,6,seed_lead_band,0-3,29,100,0.34191176470588236,0.29,0.8481720430107527,-0.05191176470588238
69,9906,9,seed_sum_lastdigit,5,10,36,0.3272058823529412,0.2777777777777778,0.8489388264669164,-0.04942810457516339
69,6609,6,seed_sum_lastdigit,2,9,31,0.34191176470588236,0.2903225806451613,0.8491155046826223,-0.05158918406072105
69,9906,9,seed_consecutive_pairs,2,14,50,0.3272058823529412,0.28,0.8557303370786518,-0.04720588235294115
69,9906,9,seed_mirror_pairs_any,no,42,150,0.3272058823529412,0.28,0.8557303370786518,-0.04720588235294115
69,9906,9,seed_trail_band,4-6,23,82,0.3272058823529412,0.2804878048780488,0.8572211564812278,-0.04671807747489237
69,0069,0,seed_sum_lastdigit,1,8,28,0.33088235294117646,0.2857142857142857,0.8634920634920634,-0.04516806722689076
69,6609,6,seed_sum_lastdigit,4,8,27,0.34191176470588236,0.2962962962962963,0.8665870171246515,-0.04561546840958608
69,6609,6,seed_prime_count,2,24,81,0.34191176470588236,0.2962962962962963,0.8665870171246515,-0.04561546840958608
69,6609,6,seed_consecutive_pairs,2,15,50,0.34191176470588236,0.3,0.8774193548387096,-0.04191176470588237
69,6609,6,seed_even_count,1,22,73,0.34191176470588236,0.3013698630136986,0.8814258359110325,-0.040541901692183746
69,9906,9,seed_sum_mod3,1,24,83,0.3272058823529412,0.2891566265060241,0.8837146338161634,-0.038049255846917096
69,6609,6,seed_mirror_pairs_any,yes,37,122,0.34191176470588236,0.30327868852459017,0.8870086374052529,-0.03863307618129219
69,9906,9,seed_spread_band,0-3,9,31,0.3272058823529412,0.2903225806451613,0.8872779992750998,-0.03688330170777987
69,6609,6,seed_spread_band,4-6,38,125,0.34191176470588236,0.304,0.8891182795698924,-0.03791176470588237
69,6609,6,seed_sum_lastdigit,0,9,29,0.34191176470588236,0.3103448275862069,0.9076751946607342,-0.03156693711967545
69,6609,6,seed_sum_mod2,0,42,135,0.34191176470588236,0.3111111111111111,0.9099163679808842,-0.030800653594771243
69,6609,6,seed_high_count,2,29,93,0.34191176470588236,0.3118279569892473,0.9120129494739276,-0.030083807716635047
69,6609,6,seed_sum_band,10-17,34,109,0.34191176470588236,0.3119266055045872,0.9123014698628786,-0.029985159201295186
69,0069,0,seed_consecutive_pairs,1,39,129,0.33088235294117646,0.3023255813953488,0.9136950904392764,-0.02855677154582764
69,6609,6,seed_trail_band,0-3,35,112,0.34191176470588236,0.3125,0.9139784946236559,-0.02941176470588236
69,0069,0,seed_prime_count,1,31,102,0.33088235294117646,0.30392156862745096,0.9185185185185185,-0.026960784313725505
69,9906,9,seed_high_count,2,28,93,0.3272058823529412,0.3010752688172043,0.9201401473963997,-0.02613061353573687
69,0069,0,seed_vtrac_unique,2,15,49,0.33088235294117646,0.30612244897959184,0.9251700680272109,-0.024759903961584617
69,6609,6,seed_sum_mod3,0,31,97,0.34191176470588236,0.31958762886597936,0.9347079037800686,-0.022324135839903003
69,9906,9,seed_sum_mod2,1,42,137,0.3272058823529412,0.30656934306569344,0.9369310259985237,-0.020636539287247735
78,0078,0,seed_sum_lastdigit,1,5,28,0.375968992248062,0.17857142857142858,0.4749631811487482,-0.19739756367663344
78,0078,0,seed_sum_lastdigit,0,6,26,0.375968992248062,0.23076923076923078,0.6137985725614592,-0.14519976147883124
78,8807,8,seed_trail_band,7-9,18,82,0.3372093023255814,0.21951219512195122,0.6509671993271657,-0.11769710720363016
78,7708,7,seed_sum_lastdigit,5,6,31,0.2868217054263566,0.1935483870967742,0.6748038360941586,-0.09327331832958241
78,8807,8,seed_sum_lastdigit,7,8,35,0.3372093023255814,0.22857142857142856,0.677832512315271,-0.10863787375415282
78,7708,7,seed_prime_count,1,16,81,0.2868217054263566,0.19753086419753085,0.6886886886886886,-0.08929084122882575
78,7708,7,seed_spread_band,7-9,23,113,0.2868217054263566,0.20353982300884957,0.7096388423822052,-0.08328188241750703
78,7708,7,seed_sum_lastdigit,6,6,29,0.2868217054263566,0.20689655172413793,0.7213420316868593,-0.07992515370221867
78,7708,7,seed_sum_band,10-17,23,111,0.2868217054263566,0.2072072072072072,0.7224251278305331,-0.0796144982191494
78,0078,0,seed_sum_lastdigit,3,8,29,0.375968992248062,0.27586206896551724,0.7337362246711695,-0.10010692328254478
78,7708,7,seed_sum_lastdigit,8,6,28,0.2868217054263566,0.21428571428571427,0.747104247104247,-0.07253599114064233
78,7708,7,seed_vtrac_unique,4,9,42,0.2868217054263566,0.21428571428571427,0.747104247104247,-0.07253599114064233
78,0078,0,seed_spread_band,0-3,9,32,0.375968992248062,0.28125,0.7480670103092784,-0.09471899224806202
78,0078,0,seed_lead_band,7-9,22,78,0.375968992248062,0.28205128205128205,0.7501982553528945,-0.09391771019677997
78,8807,8,seed_lead_band,4-6,21,82,0.3372093023255814,0.25609756097560976,0.75946173254836,-0.08111174134997162
78,0078,0,seed_trail_band,4-6,21,73,0.375968992248062,0.2876712328767123,0.7651461657957915,-0.0882977593713497
78,7708,7,seed_trail_band,0-3,23,103,0.2868217054263566,0.22330097087378642,0.7785358173707688,-0.06352073455257018
78,7708,7,seed_consecutive_pairs,2,10,44,0.2868217054263566,0.22727272727272727,0.7923832923832923,-0.059548978153629334
78,7708,7,seed_high_count,1,14,60,0.2868217054263566,0.23333333333333334,0.8135135135135135,-0.05348837209302326
78,8807,8,seed_prime_count,0,11,40,0.3372093023255814,0.275,0.8155172413793105,-0.06220930232558136
78,0078,0,seed_mirror_pairs_any,yes,39,122,0.375968992248062,0.319672131147541,0.850261957072841,-0.05629686110052101
78,0078,0,seed_vtrac_unique,3,50,156,0.375968992248062,0.32051282051282054,0.8524980174464711,-0.05545617173524148
78,8807,8,seed_vtrac_unique,2,17,59,0.3372093023255814,0.288135593220339,0.8544710695499709,-0.04907370910524239
78,7708,7,seed_sum_mod3,0,19,76,0.2868217054263566,0.25,0.8716216216216216,-0.0368217054263566
78,8807,8,seed_mirror_pairs_any,no,40,136,0.3372093023255814,0.29411764705882354,0.872210953346856,-0.043091655266757845
78,0078,0,seed_sum_band,18-26,38,115,0.375968992248062,0.33043478260869563,0.8788883908561183,-0.045534209639366385
78,0078,0,seed_high_count,3,24,72,0.375968992248062,0.3333333333333333,0.8865979381443299,-0.0426356589147287
78,0078,0,seed_prime_count,3,13,39,0.375968992248062,0.3333333333333333,0.8865979381443299,-0.0426356589147287
78,7708,7,seed_lead_band,0-3,25,98,0.2868217054263566,0.25510204081632654,0.8894098179812465,-0.03171966461003006
78,7708,7,seed_consecutive_pairs,0,23,90,0.2868217054263566,0.25555555555555554,0.8909909909909909,-0.03126614987080106
78,8807,8,seed_spread_band,4-6,34,113,0.3372093023255814,0.3008849557522124,0.8922795239548369,-0.03632434657336897
78,0078,0,seed_consecutive_pairs,1,41,122,0.375968992248062,0.3360655737704918,0.8938651343586277,-0.03990341847757023
78,7708,7,seed_sum_lastdigit,7,9,35,0.2868217054263566,0.2571428571428571,0.8965250965250964,-0.02967884828349948
78,7708,7,seed_high_count,2,26,101,0.2868217054263566,0.25742574257425743,0.8975113727588975,-0.029395962852099167
78,8807,8,seed_sum_lastdigit,0,8,26,0.3372093023255814,0.3076923076923077,0.9124668435013263,-0.029516994633273674
78,8807,8,seed_vtrac_unique,4,13,42,0.3372093023255814,0.30952380952380953,0.9178981937602628,-0.02768549280177185
78,8807,8,seed_sum_lastdigit,6,9,29,0.3372093023255814,0.3103448275862069,0.920332936979786,-0.026864474739374478
78,7708,7,seed_structure,ABCD,33,125,0.2868217054263566,0.264,0.9204324324324324,-0.022821705426356587
78,7708,7,seed_unique_count,4,33,125,0.2868217054263566,0.264,0.9204324324324324,-0.022821705426356587
78,7708,7,seed_repeat_digit,none,33,125,0.2868217054263566,0.264,0.9204324324324324,-0.022821705426356587
79,7709,7,seed_sum_lastdigit,2,5,30,0.3014705882352941,0.16666666666666666,0.5528455284552846,-0.13480392156862744
79,9907,9,seed_sum_lastdigit,7,7,33,0.3602941176470588,0.21212121212121213,0.5887445887445888,-0.1481729055258467
79,7709,7,seed_high_count,1,14,75,0.3014705882352941,0.18666666666666668,0.6191869918699188,-0.11480392156862743
79,0079,0,seed_sum_lastdigit,1,7,32,0.3382352941176471,0.21875,0.6467391304347826,-0.11948529411764708
79,7709,7,seed_sum_band,10-17,26,118,0.3014705882352941,0.22033898305084745,0.7308805291442745,-0.08113160518444665
79,7709,7,seed_sum_lastdigit,5,6,27,0.3014705882352941,0.2222222222222222,0.7371273712737128,-0.07924836601307189
79,0079,0,seed_sum_lastdigit,0,7,28,0.3382352941176471,0.25,0.7391304347826086,-0.08823529411764708
79,9907,9,seed_vtrac_unique,2,15,56,0.3602941176470588,0.26785714285714285,0.7434402332361516,-0.09243697478991597
79,7709,7,seed_spread_band,0-3,7,31,0.3014705882352941,0.22580645161290322,0.7490165224232888,-0.07566413662239088
79,9907,9,seed_high_count,3,22,79,0.3602941176470588,0.27848101265822783,0.7729268922758976,-0.08181310498883099
79,9907,9,seed_lead_band,4-6,25,87,0.3602941176470588,0.28735632183908044,0.7975604034717335,-0.07293779580797838
79,9907,9,seed_sum_mod3,2,25,85,0.3602941176470588,0.29411764705882354,0.8163265306122449,-0.06617647058823528
79,9907,9,seed_mirror_pairs_any,yes,37,125,0.3602941176470588,0.296,0.8215510204081632,-0.06429411764705883
79,9907,9,seed_sum_lastdigit,4,11,37,0.3602941176470588,0.2972972972972973,0.8251516822945395,-0.0629968203497615
79,9907,9,seed_spread_band,4-6,34,114,0.3602941176470588,0.2982456140350877,0.8277837450769782,-0.06204850361197112
79,0079,0,seed_vtrac_unique,4,18,64,0.3382352941176471,0.28125,0.8315217391304347,-0.05698529411764708
79,7709,7,seed_even_count,3,16,63,0.3014705882352941,0.25396825396825395,0.8424312814556717,-0.04750233426704015
79,7709,7,seed_prime_count,3,10,39,0.3014705882352941,0.2564102564102564,0.8505315822388992,-0.045060331825037714
79,7709,7,seed_lead_band,0-3,29,113,0.3014705882352941,0.25663716814159293,0.85128426505504,-0.04483342009370117
79,7709,7,seed_sum_lastdigit,3,9,35,0.3014705882352941,0.2571428571428571,0.8529616724738676,-0.044327731092436984
79,0079,0,seed_sum_mod3,0,28,96,0.3382352941176471,0.2916666666666667,0.8623188405797102,-0.04656862745098039
79,0079,0,seed_trail_band,7-9,24,82,0.3382352941176471,0.2926829268292683,0.8653234358430539,-0.0455523672883788
79,7709,7,seed_mirror_pairs_any,no,39,147,0.3014705882352941,0.2653061224489796,0.8800398208063714,-0.03616446578631449
79,0079,0,seed_prime_count,2,29,97,0.3382352941176471,0.29896907216494845,0.8839085611833258,-0.03926622195269863
79,7709,7,seed_vtrac_unique,3,40,150,0.3014705882352941,0.26666666666666666,0.8845528455284554,-0.03480392156862744
79,9907,9,seed_sum_lastdigit,0,9,28,0.3602941176470588,0.32142857142857145,0.892128279883382,-0.03886554621848737
79,0079,0,seed_even_count,2,29,96,0.3382352941176471,0.3020833333333333,0.8931159420289854,-0.036151960784313764
79,0079,0,seed_sum_band,18-26,37,122,0.3382352941176471,0.30327868852459017,0.8966500356379187,-0.03495660559305691
79,9907,9,seed_prime_count,0,12,37,0.3602941176470588,0.32432432432432434,0.900165471594043,-0.03596979332273448
79,9907,9,seed_even_count,1,26,80,0.3602941176470588,0.325,0.9020408163265307,-0.03529411764705881
79,9907,9,seed_trail_band,4-6,26,80,0.3602941176470588,0.325,0.9020408163265307,-0.03529411764705881
79,7709,7,seed_trail_band,0-3,30,110,0.3014705882352941,0.2727272727272727,0.9046563192904656,-0.028743315508021394
79,7709,7,seed_spread_band,7-9,35,127,0.3014705882352941,0.2755905511811024,0.9141540234299982,-0.02588003705419173
79,0079,0,seed_sum_mod2,0,40,129,0.3382352941176471,0.31007751937984496,0.9167509268621502,-0.02815777473780212
79,9907,9,seed_structure,AABC,38,115,0.3602941176470588,0.33043478260869563,0.9171251109139308,-0.02985933503836319
79,9907,9,seed_unique_count,3,38,115,0.3602941176470588,0.33043478260869563,0.9171251109139308,-0.02985933503836319
79,0079,0,seed_structure,ABCD,45,145,0.3382352941176471,0.3103448275862069,0.9175412293853074,-0.027890466531440172
79,0079,0,seed_unique_count,4,45,145,0.3382352941176471,0.3103448275862069,0.9175412293853074,-0.027890466531440172
79,0079,0,seed_repeat_digit,none,45,145,0.3382352941176471,0.3103448275862069,0.9175412293853074,-0.027890466531440172
79,7709,7,seed_prime_count,1,25,90,0.3014705882352941,0.2777777777777778,0.921409214092141,-0.02369281045751631
89,0089,0,seed_sum_lastdigit,4,5,25,0.32616487455197135,0.2,0.6131868131868132,-0.12616487455197134
89,9908,9,seed_sum_lastdigit,3,7,33,0.32974910394265233,0.21212121212121213,0.6432806324110673,-0.1176278918214402
89,9908,9,seed_high_count,1,16,75,0.32974910394265233,0.21333333333333335,0.6469565217391304,-0.11641577060931899
89,0089,0,seed_even_count,3,17,76,0.32616487455197135,0.2236842105263158,0.6858010410641989,-0.10248066402565556
89,0089,0,seed_prime_count,0,7,31,0.32616487455197135,0.22580645161290322,0.6923076923076923,-0.10035842293906813
89,9908,9,seed_prime_count,3,9,37,0.32974910394265233,0.24324324324324326,0.7376615746180963,-0.08650586069940908
89,8809,8,seed_spread_band,4-6,31,121,0.34408602150537637,0.256198347107438,0.7445764462809916,-0.08788767439793838
89,8809,8,seed_sum_band,18-26,36,139,0.34408602150537637,0.2589928057553957,0.7526978417266187,-0.08509321574998069
89,9908,9,seed_sum_band,10-17,25,100,0.32974910394265233,0.25,0.7581521739130435,-0.07974910394265233
89,0089,0,seed_spread_band,0-3,10,40,0.32616487455197135,0.25,0.7664835164835164,-0.07616487455197135
89,8809,8,seed_even_count,1,19,72,0.34408602150537637,0.2638888888888889,0.7669270833333333,-0.08019713261648748
89,0089,0,seed_sum_mod3,2,25,99,0.32616487455197135,0.25252525252525254,0.7742257742257742,-0.07363962202671881
89,8809,8,seed_high_count,2,24,90,0.34408602150537637,0.26666666666666666,0.7749999999999999,-0.07741935483870971
89,8809,8,seed_sum_lastdigit,9,9,33,0.34408602150537637,0.2727272727272727,0.7926136363636362,-0.07135874877810366
89,8809,8,seed_consecutive_pairs,1,35,128,0.34408602150537637,0.2734375,0.7946777343749999,-0.07064852150537637
89,9908,9,seed_spread_band,7-9,31,118,0.32974910394265233,0.2627118644067797,0.7967022844509949,-0.06703723953587265
89,8809,8,seed_sum_lastdigit,2,8,29,0.34408602150537637,0.27586206896551724,0.8017241379310344,-0.06822395253985913
89,8809,8,seed_vtrac_unique,4,15,54,0.34408602150537637,0.2777777777777778,0.8072916666666666,-0.06630824372759858
89,8809,8,seed_high_count,3,22,79,0.34408602150537637,0.27848101265822783,0.8093354430379746,-0.06560500884714854
89,0089,0,seed_trail_band,0-3,27,102,0.32616487455197135,0.2647058823529412,0.8115707821590175,-0.06145899219903017
89,8809,8,seed_sum_lastdigit,4,7,25,0.34408602150537637,0.28,0.81375,-0.06408602150537634
89,9908,9,seed_sum_lastdigit,0,7,26,0.32974910394265233,0.2692307692307692,0.8164715719063544,-0.060518334711883115
89,0089,0,seed_high_count,1,20,75,0.32616487455197135,0.26666666666666666,0.8175824175824175,-0.05949820788530469
89,8809,8,seed_sum_mod3,1,26,92,0.34408602150537637,0.2826086956521739,0.8213315217391303,-0.06147732585320248
89,0089,0,seed_sum_lastdigit,0,7,26,0.32616487455197135,0.2692307692307692,0.8254437869822484,-0.05693410532120213
89,8809,8,seed_structure,ABCD,43,150,0.34408602150537637,0.2866666666666667,0.833125,-0.05741935483870969
89,8809,8,seed_unique_count,4,43,150,0.34408602150537637,0.2866666666666667,0.833125,-0.05741935483870969
89,8809,8,seed_repeat_digit,none,43,150,0.34408602150537637,0.2866666666666667,0.833125,-0.05741935483870969
89,0089,0,seed_vtrac_unique,2,18,66,0.32616487455197135,0.2727272727272727,0.836163836163836,-0.053437601824698644
89,9908,9,seed_sum_lastdigit,2,8,29,0.32974910394265233,0.27586206896551724,0.8365817091454273,-0.053887034977135095
89,8809,8,seed_lead_band,4-6,22,76,0.34408602150537637,0.2894736842105263,0.841282894736842,-0.054612337294850044
89,9908,9,seed_structure,AABC,30,108,0.32974910394265233,0.2777777777777778,0.8423913043478262,-0.05197132616487454
89,9908,9,seed_unique_count,3,30,108,0.32974910394265233,0.2777777777777778,0.8423913043478262,-0.05197132616487454
89,9908,9,seed_even_count,1,20,72,0.32974910394265233,0.2777777777777778,0.8423913043478262,-0.05197132616487454
89,9908,9,seed_consecutive_pairs,2,13,46,0.32974910394265233,0.2826086956521739,0.8570415879017013,-0.04714040829047844
89,9908,9,seed_consecutive_pairs,0,27,95,0.32974910394265233,0.28421052631578947,0.8618993135011441,-0.045538577626862864
89,8809,8,seed_trail_band,4-6,27,89,0.34408602150537637,0.30337078651685395,0.8816713483146067,-0.04071523498852242
89,0089,0,seed_sum_band,10-17,29,100,0.32616487455197135,0.29,0.889120879120879,-0.03616487455197137
89,9908,9,seed_trail_band,7-9,26,88,0.32974910394265233,0.29545454545454547,0.895998023715415,-0.03429455848810686
89,9908,9,seed_sum_lastdigit,8,8,27,0.32974910394265233,0.2962962962962963,0.8985507246376812,-0.03345280764635605
123,2213,2,seed_sum_lastdigit,1,5,29,0.33753943217665616,0.1724137931034483,0.5107960038672252,-0.16512563907320787
123,3312,3,seed_sum_lastdigit,3,6,33,0.34069400630914826,0.18181818181818182,0.5336700336700337,-0.15887582449096643
123,1123,1,seed_sum_lastdigit,5,6,31,0.3217665615141956,0.1935483870967742,0.6015180265654649,-0.1282181744174214
123,1123,1,seed_sum_lastdigit,7,6,31,0.3217665615141956,0.1935483870967742,0.6015180265654649,-0.1282181744174214
123,2213,2,seed_sum_lastdigit,4,7,31,0.33753943217665616,0.22580645161290322,0.6689779921615917,-0.11173298056375294
123,1123,1,seed_spread_band,0-3,8,35,0.3217665615141956,0.22857142857142856,0.7103641456582633,-0.09319513294276702
123,1123,1,seed_sum_lastdigit,0,9,39,0.3217665615141956,0.23076923076923078,0.7171945701357466,-0.0909973307449648
123,1123,1,seed_trail_band,4-6,23,99,0.3217665615141956,0.23232323232323232,0.7220241632006338,-0.08944332919096326
123,2213,2,seed_sum_lastdigit,2,9,35,0.33753943217665616,0.2571428571428571,0.7618157543391187,-0.08039657503379904
123,1123,1,seed_consecutive_pairs,1,40,158,0.3217665615141956,0.25316455696202533,0.7867957309506082,-0.06860200455217025
123,2213,2,seed_lead_band,7-9,25,94,0.33753943217665616,0.26595744680851063,0.7879300059654006,-0.07158198536814553
123,3312,3,seed_sum_band,10-17,41,147,0.34069400630914826,0.2789115646258503,0.8186570924666162,-0.06178244168329794
123,2213,2,seed_consecutive_pairs,2,15,54,0.33753943217665616,0.2777777777777778,0.8229491173416407,-0.05976165439887837
123,1123,1,seed_lead_band,0-3,36,135,0.3217665615141956,0.26666666666666666,0.8287581699346405,-0.05509989484752892
123,2213,2,seed_high_count,3,22,78,0.33753943217665616,0.28205128205128205,0.8356098729930506,-0.055488150125374114
123,2213,2,seed_sum_lastdigit,9,8,28,0.33753943217665616,0.2857142857142857,0.8464619492656875,-0.051825146462370464
123,2213,2,seed_spread_band,0-3,10,35,0.33753943217665616,0.2857142857142857,0.8464619492656875,-0.051825146462370464
123,3312,3,seed_sum_lastdigit,4,9,31,0.34069400630914826,0.2903225806451613,0.8521505376344087,-0.050371425663986946
123,1123,1,seed_vtrac_unique,4,19,69,0.3217665615141956,0.2753623188405797,0.8557828928672918,-0.04640424267361587
123,3312,3,seed_high_count,2,33,113,0.34069400630914826,0.2920353982300885,0.8571779744346116,-0.04865860807905975
123,2213,2,seed_vtrac_unique,2,20,69,0.33753943217665616,0.2898550724637681,0.858729513747799,-0.047684359712888036
123,3312,3,seed_high_count,1,27,92,0.34069400630914826,0.29347826086956524,0.861413043478261,-0.04721574543958301
123,2213,2,seed_trail_band,7-9,27,92,0.33753943217665616,0.29347826086956524,0.8694636326696465,-0.04406117130709092
123,3312,3,seed_spread_band,7-9,38,128,0.34069400630914826,0.296875,0.8713831018518519,-0.043819006309148256
123,2213,2,seed_consecutive_pairs,0,29,98,0.33753943217665616,0.29591836734693877,0.8766927331680335,-0.04162106482971739
123,3312,3,seed_trail_band,0-3,38,126,0.34069400630914826,0.30158730158730157,0.8852145796590241,-0.039106704721846686
123,3312,3,seed_even_count,3,23,76,0.34069400630914826,0.3026315789473684,0.8882797270955166,-0.03806242736177984
123,2213,2,seed_prime_count,3,15,50,0.33753943217665616,0.3,0.8887850467289719,-0.03753943217665617
123,3312,3,seed_sum_mod3,1,34,112,0.34069400630914826,0.30357142857142855,0.8910383597883598,-0.03712257773771971
123,1123,1,seed_sum_mod3,0,27,94,0.3217665615141956,0.2872340425531915,0.8926783479349187,-0.034532518961004066
123,2213,2,seed_prime_count,1,29,96,0.33753943217665616,0.3020833333333333,0.8949571651090342,-0.03545609884332285
123,2213,2,seed_sum_band,18-26,40,132,0.33753943217665616,0.30303030303030304,0.897762673463608,-0.034509129146353124
123,2213,2,seed_structure,AABC,40,129,0.33753943217665616,0.31007751937984496,0.918640875172064,-0.027461912796811205
123,2213,2,seed_unique_count,3,40,129,0.33753943217665616,0.31007751937984496,0.918640875172064,-0.027461912796811205
123,3312,3,seed_prime_count,0,11,35,0.34069400630914826,0.3142857142857143,0.9224867724867725,-0.026408292023433977
123,3312,3,seed_consecutive_pairs,2,17,54,0.34069400630914826,0.3148148148148148,0.924039780521262,-0.02587919149433343
123,3312,3,seed_consecutive_pairs,0,31,98,0.34069400630914826,0.3163265306122449,0.9284769463340893,-0.02436747569690334
123,1123,1,seed_structure,ABCD,52,174,0.3217665615141956,0.2988505747126437,0.9287807076853731,-0.02291598680155188
123,1123,1,seed_unique_count,4,52,174,0.3217665615141956,0.2988505747126437,0.9287807076853731,-0.02291598680155188
123,1123,1,seed_repeat_digit,none,52,174,0.3217665615141956,0.2988505747126437,0.9287807076853731,-0.02291598680155188
124,4412,4,seed_sum_lastdigit,3,5,29,0.33214285714285713,0.1724137931034483,0.5190952910641454,-0.15972906403940884
124,1124,1,seed_sum_lastdigit,7,5,26,0.31785714285714284,0.19230769230769232,0.6050129645635264,-0.12554945054945052
124,2214,2,seed_high_count,3,16,75,0.35,0.21333333333333335,0.6095238095238096,-0.13666666666666663
124,4412,4,seed_consecutive_pairs,2,12,55,0.33214285714285713,0.21818181818181817,0.656891495601173,-0.11396103896103896
124,2214,2,seed_sum_lastdigit,4,6,25,0.35,0.24,0.6857142857142857,-0.10999999999999999
124,1124,1,seed_sum_lastdigit,8,7,31,0.31785714285714284,0.22580645161290322,0.7104023196810438,-0.09205069124423962
124,2214,2,seed_structure,AABC,28,112,0.35,0.25,0.7142857142857143,-0.09999999999999998
124,2214,2,seed_unique_count,3,28,112,0.35,0.25,0.7142857142857143,-0.09999999999999998
124,4412,4,seed_sum_lastdigit,0,7,28,0.33214285714285713,0.25,0.7526881720430108,-0.08214285714285713
124,1124,1,seed_high_count,2,25,102,0.31785714285714284,0.24509803921568626,0.771094954835867,-0.07275910364145657
124,4412,4,seed_sum_lastdigit,8,8,31,0.33214285714285713,0.25806451612903225,0.7769684356573014,-0.07407834101382488
124,1124,1,seed_sum_band,10-17,25,101,0.31785714285714284,0.24752475247524752,0.7787295583490934,-0.07033239038189532
124,4412,4,seed_even_count,1,20,76,0.33214285714285713,0.2631578947368421,0.7923033389926429,-0.06898496240601504
124,2214,2,seed_vtrac_unique,4,19,68,0.35,0.27941176470588236,0.7983193277310925,-0.07058823529411762
124,4412,4,seed_sum_mod3,2,21,79,0.33214285714285713,0.26582278481012656,0.800326663944467,-0.06632007233273057
124,2214,2,seed_sum_lastdigit,9,11,39,0.35,0.28205128205128205,0.8058608058608059,-0.06794871794871793
124,1124,1,seed_prime_count,0,9,35,0.31785714285714284,0.2571428571428571,0.8089887640449438,-0.06071428571428572
124,4412,4,seed_sum_lastdigit,7,7,26,0.33214285714285713,0.2692307692307692,0.8105872622001654,-0.06291208791208791
124,4412,4,seed_high_count,1,17,63,0.33214285714285713,0.2698412698412698,0.8124253285543608,-0.0623015873015873
124,2214,2,seed_prime_count,0,10,35,0.35,0.2857142857142857,0.8163265306122449,-0.06428571428571428
124,4412,4,seed_prime_count,1,27,97,0.33214285714285713,0.27835051546391754,0.8380445626870636,-0.05379234167893959
124,2214,2,seed_mirror_pairs_any,no,46,156,0.35,0.2948717948717949,0.8424908424908426,-0.0551282051282051
124,1124,1,seed_even_count,3,17,63,0.31785714285714284,0.2698412698412698,0.8489388264669163,-0.04801587301587301
124,4412,4,seed_mirror_pairs_any,yes,35,124,0.33214285714285713,0.28225806451612906,0.8498092265001735,-0.04988479262672807
124,1124,1,seed_sum_lastdigit,2,9,33,0.31785714285714284,0.2727272727272727,0.8580183861082737,-0.04512987012987013
124,2214,2,seed_even_count,1,23,76,0.35,0.3026315789473684,0.8646616541353384,-0.04736842105263156
124,4412,4,seed_sum_mod2,1,40,139,0.33214285714285713,0.28776978417266186,0.8664036512725304,-0.04437307297019527
124,1124,1,seed_sum_mod2,0,39,141,0.31785714285714284,0.2765957446808511,0.8701888596700933,-0.041261398176291764
124,4412,4,seed_lead_band,7-9,27,93,0.33214285714285713,0.2903225806451613,0.8740894901144642,-0.04182027649769582
124,2214,2,seed_sum_mod3,1,34,111,0.35,0.3063063063063063,0.8751608751608752,-0.04369369369369369
124,1124,1,seed_even_count,2,29,104,0.31785714285714284,0.27884615384615385,0.8772687986171133,-0.03901098901098898
124,2214,2,seed_sum_lastdigit,1,9,29,0.35,0.3103448275862069,0.8866995073891627,-0.03965517241379307
124,2214,2,seed_spread_band,0-3,9,29,0.35,0.3103448275862069,0.8866995073891627,-0.03965517241379307
124,2214,2,seed_sum_band,18-26,43,138,0.35,0.3115942028985507,0.8902691511387164,-0.03840579710144926
124,1124,1,seed_trail_band,7-9,19,67,0.31785714285714284,0.2835820895522388,0.8921683716250209,-0.034275053304904046
124,1124,1,seed_lead_band,0-3,30,105,0.31785714285714284,0.2857142857142857,0.898876404494382,-0.03214285714285714
124,2214,2,seed_prime_count,2,30,95,0.35,0.3157894736842105,0.9022556390977444,-0.03421052631578947
124,1124,1,seed_consecutive_pairs,1,35,122,0.31785714285714284,0.28688524590163933,0.9025603241849328,-0.03097189695550351
124,1124,1,seed_structure,ABCD,43,149,0.31785714285714284,0.28859060402684567,0.9079254958147954,-0.029266538830297173
124,1124,1,seed_unique_count,4,43,149,0.31785714285714284,0.28859060402684567,0.9079254958147954,-0.029266538830297173
125,1125,1,seed_sum_lastdigit,2,8,38,0.35135135135135137,0.21052631578947367,0.5991902834008096,-0.1408250355618777
125,5512,5,seed_prime_count,0,6,35,0.27702702702702703,0.17142857142857143,0.6188153310104529,-0.1055984555984556
125,2215,2,seed_sum_lastdigit,4,8,31,0.3716216216216216,0.25806451612903225,0.6944281524926686,-0.11355710549258935
125,1125,1,seed_sum_lastdigit,3,8,32,0.35135135135135137,0.25,0.7115384615384615,-0.10135135135135137
125,2215,2,seed_even_count,0,7,25,0.3716216216216216,0.28,0.7534545454545456,-0.09162162162162157
125,2215,2,seed_sum_mod3,2,27,92,0.3716216216216216,0.29347826086956524,0.7897233201581029,-0.07814336075205636
125,2215,2,seed_repeat_digit,6,8,27,0.3716216216216216,0.2962962962962963,0.7973063973063973,-0.07532532532532532
125,5512,5,seed_repeat_digit,6,6,27,0.27702702702702703,0.2222222222222222,0.8021680216802167,-0.05480480480480482
125,1125,1,seed_even_count,1,19,67,0.35135135135135137,0.2835820895522388,0.8071182548794488,-0.06776926179911258
125,2215,2,seed_prime_count,1,28,93,0.3716216216216216,0.3010752688172043,0.8101661779081135,-0.07054635280441729
125,5512,5,seed_vtrac_unique,2,15,66,0.27702702702702703,0.22727272727272727,0.8203991130820398,-0.04975429975429976
125,2215,2,seed_high_count,4,8,26,0.3716216216216216,0.3076923076923077,0.8279720279720281,-0.06392931392931389
125,1125,1,seed_sum_lastdigit,7,10,34,0.35135135135135137,0.29411764705882354,0.8371040723981901,-0.05723370429252783
125,1125,1,seed_trail_band,4-6,27,91,0.35135135135135137,0.2967032967032967,0.8444632290786136,-0.05464805464805467
125,5512,5,seed_consecutive_pairs,0,25,104,0.27702702702702703,0.2403846153846154,0.8677298311444653,-0.03664241164241164
125,1125,1,seed_sum_mod3,1,36,118,0.35135135135135137,0.3050847457627119,0.8683181225554107,-0.04626660558863949
125,2215,2,seed_vtrac_unique,3,61,185,0.3716216216216216,0.32972972972972975,0.8872727272727273,-0.04189189189189185
125,5512,5,seed_high_count,3,16,65,0.27702702702702703,0.24615384615384617,0.8885553470919325,-0.03087318087318086
125,1125,1,seed_prime_count,3,15,48,0.35135135135135137,0.3125,0.8894230769230769,-0.03885135135135137
125,2215,2,seed_spread_band,0-3,17,51,0.3716216216216216,0.3333333333333333,0.896969696969697,-0.038288288288288286
125,5512,5,seed_even_count,3,17,68,0.27702702702702703,0.25,0.9024390243902439,-0.02702702702702703
125,5512,5,seed_vtrac_unique,4,11,44,0.27702702702702703,0.25,0.9024390243902439,-0.02702702702702703
125,1125,1,seed_vtrac_unique,4,14,44,0.35135135135135137,0.3181818181818182,0.9055944055944055,-0.033169533169533194
125,2215,2,seed_trail_band,7-9,28,83,0.3716216216216216,0.3373493975903614,0.907776560788609,-0.03427222403126018
125,1125,1,seed_lead_band,7-9,30,94,0.35135135135135137,0.3191489361702128,0.9083469721767594,-0.03220241518113859
125,1125,1,seed_sum_lastdigit,5,8,25,0.35135135135135137,0.32,0.9107692307692308,-0.031351351351351364
125,5512,5,seed_trail_band,7-9,21,83,0.27702702702702703,0.25301204819277107,0.9133117837202468,-0.024014978834255962
125,1125,1,seed_sum_band,10-17,43,134,0.35135135135135137,0.3208955223880597,0.9133180252583236,-0.030455828963291687
125,5512,5,seed_spread_band,0-3,13,51,0.27702702702702703,0.2549019607843137,0.9201339072214251,-0.02212506624271332
125,5512,5,seed_sum_mod3,0,22,86,0.27702702702702703,0.2558139534883721,0.923425978445831,-0.021213073538654925
125,5512,5,seed_consecutive_pairs,2,10,39,0.27702702702702703,0.2564102564102564,0.9255784865540962,-0.02061677061677064
125,1125,1,seed_high_count,1,27,83,0.35135135135135137,0.3253012048192771,0.9258572752548655,-0.02605014653207427
125,1125,1,seed_structure,ABCD,41,126,0.35135135135135137,0.3253968253968254,0.9261294261294261,-0.025954525954525964
125,1125,1,seed_unique_count,4,41,126,0.35135135135135137,0.3253968253968254,0.9261294261294261,-0.025954525954525964
125,1125,1,seed_repeat_digit,none,41,126,0.35135135135135137,0.3253968253968254,0.9261294261294261,-0.025954525954525964
125,1125,1,seed_mirror_pairs_any,yes,41,126,0.35135135135135137,0.3253968253968254,0.9261294261294261,-0.025954525954525964
125,5512,5,seed_prime_count,2,29,113,0.27702702702702703,0.25663716814159293,0.9263975825598965,-0.020389858885434098
125,5512,5,seed_sum_lastdigit,4,8,31,0.27702702702702703,0.25806451612903225,0.9315499606608969,-0.018962510897994778
125,2215,2,seed_structure,AABC,53,153,0.3716216216216216,0.3464052287581699,0.9321449792038028,-0.025216392863451675
125,2215,2,seed_unique_count,3,53,153,0.3716216216216216,0.3464052287581699,0.9321449792038028,-0.025216392863451675
126,6612,6,seed_spread_band,0-3,6,32,0.33211678832116787,0.1875,0.5645604395604396,-0.14461678832116787
126,1126,1,seed_sum_lastdigit,2,9,38,0.36496350364963503,0.23684210526315788,0.6489473684210526,-0.12812139838647715
126,1126,1,seed_sum_lastdigit,3,7,27,0.36496350364963503,0.25925925925925924,0.7103703703703703,-0.10570424439037579
126,6612,6,seed_vtrac_unique,2,14,59,0.33211678832116787,0.23728813559322035,0.7144719687092569,-0.09482865272794752
126,6612,6,seed_sum_lastdigit,1,7,29,0.33211678832116787,0.2413793103448276,0.726790450928382,-0.09073747797634027
126,6612,6,seed_sum_lastdigit,9,7,28,0.33211678832116787,0.25,0.7527472527472527,-0.08211678832116787
126,6612,6,seed_trail_band,7-9,22,83,0.33211678832116787,0.26506024096385544,0.798093472792268,-0.06705654735731242
126,1126,1,seed_consecutive_pairs,2,14,47,0.36496350364963503,0.2978723404255319,0.8161702127659574,-0.06709116322410313
126,2216,2,seed_trail_band,4-6,21,84,0.3029197080291971,0.25,0.825301204819277,-0.0529197080291971
126,1126,1,seed_even_count,1,22,72,0.36496350364963503,0.3055555555555556,0.8372222222222223,-0.059407948094079455
126,1126,1,seed_mirror_pairs_any,yes,39,125,0.36496350364963503,0.312,0.85488,-0.052963503649635035
126,6612,6,seed_sum_mod3,0,27,94,0.33211678832116787,0.2872340425531915,0.8648585457096096,-0.04488274576797635
126,2216,2,seed_even_count,2,23,87,0.3029197080291971,0.26436781609195403,0.8727323085445229,-0.038551891937243066
126,1126,1,seed_structure,ABCD,46,144,0.36496350364963503,0.3194444444444444,0.8752777777777777,-0.045519059205190615
126,1126,1,seed_unique_count,4,46,144,0.36496350364963503,0.3194444444444444,0.8752777777777777,-0.045519059205190615
126,1126,1,seed_repeat_digit,none,46,144,0.36496350364963503,0.3194444444444444,0.8752777777777777,-0.045519059205190615
126,2216,2,seed_sum_mod3,2,22,82,0.3029197080291971,0.2682926829268293,0.885689097854834,-0.034627025102367814
126,2216,2,seed_prime_count,0,10,37,0.3029197080291971,0.2702702702702703,0.8922175187235428,-0.032649437758926814
126,1126,1,seed_sum_mod3,1,32,98,0.36496350364963503,0.32653061224489793,0.8946938775510204,-0.0384328914047371
126,1126,1,seed_lead_band,0-3,34,104,0.36496350364963503,0.3269230769230769,0.8957692307692308,-0.03804042672655811
126,2216,2,seed_consecutive_pairs,1,35,128,0.3029197080291971,0.2734375,0.9026731927710843,-0.0294822080291971
126,6612,6,seed_sum_band,18-26,38,126,0.33211678832116787,0.30158730158730157,0.9080760509331938,-0.030529486733866296
126,2216,2,seed_sum_lastdigit,4,8,29,0.3029197080291971,0.27586206896551724,0.9106771915247195,-0.02705763906367986
126,1126,1,seed_sum_band,10-17,36,108,0.36496350364963503,0.3333333333333333,0.9133333333333333,-0.03163017031630172
126,1126,1,seed_consecutive_pairs,0,31,93,0.36496350364963503,0.3333333333333333,0.9133333333333333,-0.03163017031630172
126,1126,1,seed_prime_count,3,17,51,0.36496350364963503,0.3333333333333333,0.9133333333333333,-0.03163017031630172
126,2216,2,seed_lead_band,4-6,22,79,0.3029197080291971,0.27848101265822783,0.9193228610645111,-0.024438695370969266
126,2216,2,seed_vtrac_unique,4,17,61,0.3029197080291971,0.2786885245901639,0.9200079004542759,-0.024231183439033188
126,1126,1,seed_spread_band,7-9,37,110,0.36496350364963503,0.33636363636363636,0.9216363636363637,-0.02859986728599867
126,2216,2,seed_even_count,3,21,75,0.3029197080291971,0.28,0.9243373493975904,-0.022919708029197072
126,6612,6,seed_mirror_pairs_any,no,46,149,0.33211678832116787,0.3087248322147651,0.929567077218084,-0.023391956106402767
126,2216,2,seed_mirror_pairs_any,no,42,149,0.3029197080291971,0.28187919463087246,0.9305409557693861,-0.021040513398324634
126,6612,6,seed_structure,AABC,36,116,0.33211678832116787,0.3103448275862069,0.9344448654793484,-0.02177196073496096
126,6612,6,seed_unique_count,3,36,116,0.33211678832116787,0.3103448275862069,0.9344448654793484,-0.02177196073496096
126,2216,2,seed_high_count,1,17,60,0.3029197080291971,0.2833333333333333,0.9353413654618473,-0.019586374695863773
126,2216,2,seed_sum_mod2,0,36,127,0.3029197080291971,0.28346456692913385,0.9357745944407551,-0.019455141100063245
126,2216,2,seed_structure,AABC,33,116,0.3029197080291971,0.28448275862068967,0.9391358537598671,-0.01843694940850743
126,2216,2,seed_unique_count,3,33,116,0.3029197080291971,0.28448275862068967,0.9391358537598671,-0.01843694940850743
126,2216,2,seed_lead_band,7-9,26,91,0.3029197080291971,0.2857142857142857,0.9432013769363166,-0.0172054223149114
126,1126,1,seed_sum_lastdigit,1,10,29,0.36496350364963503,0.3448275862068966,0.9448275862068967,-0.02013591744273846
127,1127,1,seed_sum_lastdigit,7,5,39,0.31756756756756754,0.1282051282051282,0.4037097654118931,-0.18936243936243935
127,1127,1,seed_sum_lastdigit,4,5,27,0.31756756756756754,0.18518518518518517,0.583136327817179,-0.13238238238238237
127,2217,2,seed_sum_lastdigit,0,8,35,0.3783783783783784,0.22857142857142856,0.6040816326530611,-0.14980694980694984
127,7712,7,seed_sum_lastdigit,5,6,31,0.30405405405405406,0.1935483870967742,0.6365591397849462,-0.11050566695727987
127,2217,2,seed_sum_lastdigit,1,8,30,0.3783783783783784,0.26666666666666666,0.7047619047619047,-0.11171171171171174
127,1127,1,seed_high_count,3,15,65,0.31756756756756754,0.23076923076923078,0.7266775777414076,-0.08679833679833676
127,2217,2,seed_high_count,1,22,80,0.3783783783783784,0.275,0.7267857142857143,-0.10337837837837838
127,1127,1,seed_spread_band,0-3,9,37,0.31756756756756754,0.24324324324324326,0.7659574468085107,-0.07432432432432429
127,2217,2,seed_sum_lastdigit,8,9,31,0.3783783783783784,0.2903225806451613,0.7672811059907835,-0.08805579773321709
127,7712,7,seed_sum_lastdigit,6,7,30,0.30405405405405406,0.23333333333333334,0.7674074074074074,-0.07072072072072072
127,1127,1,seed_sum_mod3,2,26,106,0.31756756756756754,0.24528301886792453,0.772380570052188,-0.07228454869964301
127,7712,7,seed_prime_count,3,11,44,0.30405405405405406,0.25,0.8222222222222222,-0.05405405405405406
127,1127,1,seed_prime_count,0,10,38,0.31756756756756754,0.2631578947368421,0.8286674132138858,-0.05440967283072545
127,7712,7,seed_prime_count,2,23,91,0.30405405405405406,0.25274725274725274,0.8312576312576312,-0.05130680130680132
127,1127,1,seed_sum_lastdigit,6,8,30,0.31756756756756754,0.26666666666666666,0.8397163120567377,-0.05090090090090088
127,7712,7,seed_vtrac_unique,4,17,66,0.30405405405405406,0.25757575757575757,0.8471380471380471,-0.04647829647829649
127,2217,2,seed_sum_lastdigit,5,10,31,0.3783783783783784,0.3225806451612903,0.8525345622119815,-0.055797733217088086
127,7712,7,seed_sum_band,18-26,34,131,0.30405405405405406,0.2595419847328244,0.8536047497879559,-0.04451206932122964
127,7712,7,seed_consecutive_pairs,2,14,53,0.30405405405405406,0.2641509433962264,0.8687631027253668,-0.039903110657827645
127,7712,7,seed_sum_mod3,0,28,105,0.30405405405405406,0.26666666666666666,0.8770370370370371,-0.037387387387387394
127,1127,1,seed_vtrac_unique,2,17,61,0.31756756756756754,0.2786885245901639,0.877572375305197,-0.03887904297740363
127,2217,2,seed_sum_mod3,0,35,105,0.3783783783783784,0.3333333333333333,0.8809523809523808,-0.045045045045045085
127,1127,1,seed_sum_lastdigit,3,9,32,0.31756756756756754,0.28125,0.8856382978723405,-0.036317567567567544
127,7712,7,seed_spread_band,7-9,36,133,0.30405405405405406,0.2706766917293233,0.8902255639097744,-0.033377362324730764
127,2217,2,seed_mirror_pairs_any,yes,44,130,0.3783783783783784,0.3384615384615385,0.8945054945054945,-0.03991683991683992
127,1127,1,seed_trail_band,4-6,25,88,0.31756756756756754,0.2840909090909091,0.8945841392649905,-0.03347665847665843
127,7712,7,seed_lead_band,0-3,33,121,0.30405405405405406,0.2727272727272727,0.8969696969696969,-0.03132678132678135
127,2217,2,seed_spread_band,4-6,43,126,0.3783783783783784,0.3412698412698413,0.9019274376417233,-0.03710853710853712
127,7712,7,seed_sum_mod2,0,39,142,0.30405405405405406,0.2746478873239437,0.9032863849765259,-0.029406166730110372
127,1127,1,seed_prime_count,1,33,115,0.31756756756756754,0.28695652173913044,0.9036077705827938,-0.0306110458284371
127,1127,1,seed_consecutive_pairs,0,27,94,0.31756756756756754,0.2872340425531915,0.9044816659121776,-0.030333525014376028
127,7712,7,seed_high_count,2,30,109,0.30405405405405406,0.27522935779816515,0.9051987767584099,-0.028824696255888904
127,1127,1,seed_mirror_pairs_any,no,48,166,0.31756756756756754,0.2891566265060241,0.9105357600615227,-0.02841094106154346
127,7712,7,seed_trail_band,7-9,23,83,0.30405405405405406,0.27710843373493976,0.9113788487282464,-0.026945620319114294
127,2217,2,seed_lead_band,4-6,28,81,0.3783783783783784,0.345679012345679,0.9135802469135802,-0.032699366032699406
127,7712,7,seed_even_count,2,29,103,0.30405405405405406,0.2815533980582524,0.9259978425026968,-0.022500655995801644
127,1127,1,seed_even_count,1,23,78,0.31756756756756754,0.2948717948717949,0.9285324604473542,-0.022695772695772665
127,2217,2,seed_trail_band,0-3,44,125,0.3783783783783784,0.352,0.9302857142857142,-0.02637837837837842
127,2217,2,seed_sum_mod3,1,30,85,0.3783783783783784,0.35294117647058826,0.9327731092436975,-0.02543720190779014
127,1127,1,seed_lead_band,7-9,28,94,0.31756756756756754,0.2978723404255319,0.9379809868718878,-0.019695227142035643
128,2218,2,seed_sum_lastdigit,2,6,36,0.3238434163701068,0.16666666666666666,0.5146520146520146,-0.15717674970344012
128,8812,8,seed_consecutive_pairs,0,18,81,0.3096085409252669,0.2222222222222222,0.7177522349936143,-0.0873863187030447
128,1128,1,seed_sum_band,0-9,7,26,0.3665480427046263,0.2692307692307692,0.734503360716953,-0.0973172734738571
128,2218,2,seed_high_count,3,15,63,0.3238434163701068,0.23809523809523808,0.7352171637885923,-0.08574817827486869
128,8812,8,seed_vtrac_unique,2,15,65,0.3096085409252669,0.23076923076923078,0.7453580901856764,-0.07883931015603612
128,1128,1,seed_vtrac_unique,4,13,47,0.3665480427046263,0.2765957446808511,0.7545961578186325,-0.08995229802377525
128,8812,8,seed_sum_lastdigit,7,8,33,0.3096085409252669,0.24242424242424243,0.7830024381748519,-0.06718429850102448
128,1128,1,seed_high_count,2,31,105,0.3665480427046263,0.29523809523809524,0.8054553860379103,-0.07130994746653108
128,1128,1,seed_sum_lastdigit,9,11,37,0.3665480427046263,0.2972972972972973,0.8110732091314616,-0.069250745407329
128,1128,1,seed_sum_lastdigit,4,9,30,0.3665480427046263,0.3,0.8184466019417476,-0.06654804270462633
128,8812,8,seed_high_count,3,16,63,0.3096085409252669,0.25396825396825395,0.8202882685641306,-0.05564028695701295
128,2218,2,seed_sum_mod3,1,25,94,0.3238434163701068,0.26595744680851063,0.8212532148702361,-0.05788596956159614
128,2218,2,seed_even_count,3,18,67,0.3238434163701068,0.26865671641791045,0.8295883221256355,-0.05518669995219633
128,8812,8,seed_trail_band,7-9,20,76,0.3096085409252669,0.2631578947368421,0.8499697519661221,-0.046450646188424816
128,1128,1,seed_prime_count,0,10,32,0.3665480427046263,0.3125,0.8525485436893204,-0.05404804270462632
128,2218,2,seed_prime_count,1,28,101,0.3238434163701068,0.27722772277227725,0.856054836252856,-0.04661569359782952
128,1128,1,seed_sum_mod3,2,30,95,0.3665480427046263,0.3157894736842105,0.86152273888605,-0.05075856902041581
128,1128,1,seed_consecutive_pairs,1,42,133,0.3665480427046263,0.3157894736842105,0.86152273888605,-0.05075856902041581
128,2218,2,seed_vtrac_unique,3,47,168,0.3238434163701068,0.27976190476190477,0.863880167451596,-0.044081511608202006
128,2218,2,seed_sum_lastdigit,6,7,25,0.3238434163701068,0.28,0.8646153846153847,-0.04384341637010675
128,1128,1,seed_lead_band,0-3,37,115,0.3665480427046263,0.3217391304347826,0.8777543267201351,-0.04480891226984374
128,2218,2,seed_even_count,2,29,101,0.3238434163701068,0.2871287128712871,0.8866282232618865,-0.03671470349881967
128,8812,8,seed_spread_band,0-3,14,51,0.3096085409252669,0.27450980392156865,0.8866351138156413,-0.035098737003698255
128,2218,2,seed_lead_band,4-6,25,87,0.3238434163701068,0.28735632183908044,0.8873310597448527,-0.03648709453102633
128,1128,1,seed_even_count,1,25,76,0.3665480427046263,0.32894736842105265,0.897419519672969,-0.037600674283573665
128,8812,8,seed_consecutive_pairs,2,17,61,0.3096085409252669,0.2786885245901639,0.9001319012624834,-0.030920016335102996
128,2218,2,seed_mirror_pairs_any,yes,42,144,0.3238434163701068,0.2916666666666667,0.9006410256410257,-0.03217674970344009
128,8812,8,seed_sum_lastdigit,5,7,25,0.3096085409252669,0.28,0.9043678160919542,-0.02960854092526688
128,8812,8,seed_prime_count,0,9,32,0.3096085409252669,0.28125,0.9084051724137931,-0.028358540925266906
128,1128,1,seed_prime_count,3,15,45,0.3665480427046263,0.3333333333333333,0.9093851132686084,-0.033214709371293005
128,2218,2,seed_consecutive_pairs,2,18,61,0.3238434163701068,0.29508196721311475,0.9111871734822554,-0.028761449156992025
128,8812,8,seed_sum_mod3,0,26,92,0.3096085409252669,0.2826086956521739,0.9127936031984007,-0.026999845273093015
128,2218,2,seed_trail_band,0-3,35,118,0.3238434163701068,0.2966101694915254,0.9159061277705345,-0.027233246878581363
128,8812,8,seed_sum_mod3,2,27,95,0.3096085409252669,0.28421052631578947,0.917967332123412,-0.025398014609477437
128,2218,2,seed_sum_lastdigit,9,11,37,0.3238434163701068,0.2972972972972973,0.918027918027918,-0.02654611907280946
128,2218,2,seed_high_count,1,22,74,0.3238434163701068,0.2972972972972973,0.918027918027918,-0.02654611907280946
128,2218,2,seed_trail_band,4-6,26,87,0.3238434163701068,0.2988505747126437,0.922824302134647,-0.024992841657463072
128,1128,1,seed_spread_band,7-9,37,109,0.3665480427046263,0.3394495412844037,0.9260710786496839,-0.02709850142022263
128,8812,8,seed_trail_band,4-6,25,87,0.3096085409252669,0.28735632183908044,0.9281278900779495,-0.022252219086186464
128,2218,2,seed_structure,ABCD,45,149,0.3238434163701068,0.30201342281879195,0.9325908990338521,-0.02182999355131482
129,1129,1,seed_sum_lastdigit,1,5,34,0.3148148148148148,0.14705882352941177,0.4671280276816609,-0.16775599128540306
129,9912,9,seed_sum_lastdigit,7,6,31,0.34074074074074073,0.1935483870967742,0.5680224403927069,-0.14719235364396654
129,1129,1,seed_sum_lastdigit,3,6,30,0.3148148148148148,0.2,0.6352941176470588,-0.11481481481481481
129,9912,9,seed_prime_count,0,9,38,0.34074074074074073,0.23684210526315788,0.6950800915331807,-0.10389863547758285
129,1129,1,seed_vtrac_unique,4,11,48,0.3148148148148148,0.22916666666666666,0.7279411764705882,-0.08564814814814817
129,2219,2,seed_prime_count,1,26,98,0.34444444444444444,0.2653061224489796,0.7702435813034892,-0.07913832199546483
129,1129,1,seed_trail_band,0-3,28,115,0.3148148148148148,0.24347826086956523,0.7734015345268542,-0.0713365539452496
129,2219,2,seed_sum_lastdigit,5,8,30,0.34444444444444444,0.26666666666666666,0.7741935483870968,-0.07777777777777778
129,9912,9,seed_sum_mod3,2,25,92,0.34074074074074073,0.2717391304347826,0.7974952741020793,-0.06900161030595814
129,1129,1,seed_even_count,1,17,67,0.3148148148148148,0.2537313432835821,0.8059701492537313,-0.061083471531232725
129,9912,9,seed_trail_band,4-6,21,76,0.34074074074074073,0.27631578947368424,0.8109267734553777,-0.0644249512670565
129,9912,9,seed_consecutive_pairs,2,11,39,0.34074074074074073,0.28205128205128205,0.8277591973244147,-0.058689458689458684
129,1129,1,seed_high_count,1,20,75,0.3148148148148148,0.26666666666666666,0.8470588235294118,-0.04814814814814816
129,2219,2,seed_sum_mod2,0,38,130,0.34444444444444444,0.2923076923076923,0.8486352357320099,-0.05213675213675212
129,9912,9,seed_prime_count,2,25,86,0.34074074074074073,0.29069767441860467,0.8531344792719919,-0.050043066322136065
129,2219,2,seed_sum_lastdigit,8,10,34,0.34444444444444444,0.29411764705882354,0.8538899430740038,-0.0503267973856209
129,1129,1,seed_sum_mod3,1,20,74,0.3148148148148148,0.2702702702702703,0.8585055643879174,-0.04454454454454454
129,2219,2,seed_sum_lastdigit,6,8,27,0.34444444444444444,0.2962962962962963,0.8602150537634409,-0.04814814814814816
129,2219,2,seed_consecutive_pairs,0,30,100,0.34444444444444444,0.3,0.8709677419354839,-0.04444444444444445
129,2219,2,seed_trail_band,7-9,24,79,0.34444444444444444,0.3037974683544304,0.8819926500612495,-0.04064697609001405
129,9912,9,seed_high_count,3,19,63,0.34074074074074073,0.30158730158730157,0.8850931677018633,-0.03915343915343916
129,9912,9,seed_trail_band,7-9,24,79,0.34074074074074073,0.3037974683544304,0.8915795266923501,-0.036943272386310344
129,2219,2,seed_high_count,2,32,104,0.34444444444444444,0.3076923076923077,0.8933002481389579,-0.03675213675213673
129,2219,2,seed_sum_lastdigit,4,9,29,0.34444444444444444,0.3103448275862069,0.9010011123470523,-0.034099616858237536
129,1129,1,seed_sum_mod2,1,40,140,0.3148148148148148,0.2857142857142857,0.9075630252100839,-0.029100529100529127
129,2219,2,seed_lead_band,4-6,26,83,0.34444444444444444,0.3132530120481928,0.9094442285270113,-0.03119143239625166
129,9912,9,seed_sum_lastdigit,4,9,29,0.34074074074074073,0.3103448275862069,0.9107946026986508,-0.030395913154533827
129,1129,1,seed_consecutive_pairs,1,36,125,0.3148148148148148,0.288,0.9148235294117646,-0.026814814814814847
129,1129,1,seed_prime_count,3,13,45,0.3148148148148148,0.28888888888888886,0.9176470588235293,-0.025925925925925963
129,1129,1,seed_prime_count,0,11,38,0.3148148148148148,0.2894736842105263,0.9195046439628483,-0.025341130604288498
129,9912,9,seed_even_count,1,21,67,0.34074074074074073,0.31343283582089554,0.9198572355613239,-0.027307904919845194
129,2219,2,seed_spread_band,0-3,9,28,0.34444444444444444,0.32142857142857145,0.9331797235023043,-0.02301587301587299
129,1129,1,seed_sum_lastdigit,8,10,34,0.3148148148148148,0.29411764705882354,0.9342560553633218,-0.020697167755991286
129,2219,2,seed_even_count,2,31,96,0.34444444444444444,0.3229166666666667,0.9375000000000001,-0.021527777777777757
129,9912,9,seed_consecutive_pairs,1,40,125,0.34074074074074073,0.32,0.9391304347826087,-0.020740740740740726
129,9912,9,seed_sum_mod2,1,45,140,0.34074074074074073,0.32142857142857145,0.9433229813664598,-0.01931216931216928
129,9912,9,seed_spread_band,0-3,9,28,0.34074074074074073,0.32142857142857145,0.9433229813664598,-0.01931216931216928
129,9912,9,seed_structure,AABC,37,115,0.34074074074074073,0.3217391304347826,0.9442344045368619,-0.01900161030595815
129,9912,9,seed_unique_count,3,37,115,0.34074074074074073,0.3217391304347826,0.9442344045368619,-0.01900161030595815
129,1129,1,seed_sum_mod3,0,31,104,0.3148148148148148,0.2980769230769231,0.9468325791855203,-0.016737891737891752
134,4413,4,seed_sum_lastdigit,8,6,31,0.34965034965034963,0.1935483870967742,0.5535483870967742,-0.15610196255357545
134,4413,4,seed_sum_lastdigit,3,7,32,0.34965034965034963,0.21875,0.625625,-0.13090034965034963
134,3314,3,seed_sum_lastdigit,2,6,25,0.36713286713286714,0.24,0.6537142857142857,-0.12713286713286714
134,1134,1,seed_sum_lastdigit,1,6,31,0.28321678321678323,0.1935483870967742,0.6833930704898447,-0.08966839612000904
134,3314,3,seed_sum_lastdigit,1,8,31,0.36713286713286714,0.25806451612903225,0.7029185867895545,-0.10906835100383488
134,1134,1,seed_spread_band,0-3,7,33,0.28321678321678323,0.21212121212121213,0.7489711934156379,-0.0710955710955711
134,4413,4,seed_consecutive_pairs,2,15,57,0.34965034965034963,0.2631578947368421,0.7526315789473684,-0.08649245491350754
134,1134,1,seed_trail_band,4-6,20,91,0.28321678321678323,0.21978021978021978,0.7760141093474426,-0.06343656343656345
134,3314,3,seed_sum_lastdigit,0,9,31,0.36713286713286714,0.2903225806451613,0.7907834101382489,-0.07681028648770583
134,3314,3,seed_prime_count,3,14,48,0.36713286713286714,0.2916666666666667,0.7944444444444445,-0.07546620046620045
134,4413,4,seed_high_count,2,28,100,0.34965034965034963,0.28,0.8008000000000001,-0.06965034965034961
134,3314,3,seed_high_count,1,23,78,0.36713286713286714,0.2948717948717949,0.8031746031746032,-0.07226107226107226
134,1134,1,seed_prime_count,0,9,39,0.28321678321678323,0.23076923076923078,0.8148148148148148,-0.05244755244755245
134,1134,1,seed_sum_lastdigit,7,7,30,0.28321678321678323,0.23333333333333334,0.8238683127572016,-0.04988344988344989
134,4413,4,seed_trail_band,7-9,24,83,0.34965034965034963,0.2891566265060241,0.826987951807229,-0.06049372314432555
134,1134,1,seed_structure,AABC,26,111,0.28321678321678323,0.23423423423423423,0.8270492714937159,-0.048982548982549
134,1134,1,seed_unique_count,3,26,111,0.28321678321678323,0.23423423423423423,0.8270492714937159,-0.048982548982549
134,4413,4,seed_sum_lastdigit,6,9,31,0.34965034965034963,0.2903225806451613,0.8303225806451614,-0.059327769005188324
134,4413,4,seed_vtrac_unique,4,17,57,0.34965034965034963,0.2982456140350877,0.8529824561403508,-0.05140473561526193
134,4413,4,seed_sum_lastdigit,5,9,30,0.34965034965034963,0.3,0.858,-0.049650349650349646
134,1134,1,seed_even_count,3,16,65,0.28321678321678323,0.24615384615384617,0.8691358024691358,-0.03706293706293706
134,4413,4,seed_spread_band,7-9,35,114,0.34965034965034963,0.30701754385964913,0.8780701754385966,-0.0426328057907005
134,1134,1,seed_sum_mod3,2,24,96,0.28321678321678323,0.25,0.882716049382716,-0.03321678321678323
134,4413,4,seed_sum_mod3,0,30,96,0.34965034965034963,0.3125,0.89375,-0.037150349650349634
134,1134,1,seed_sum_mod3,1,24,94,0.28321678321678323,0.2553191489361702,0.9014972419227737,-0.027897634280613037
134,4413,4,seed_even_count,1,24,76,0.34965034965034963,0.3157894736842105,0.903157894736842,-0.033860875966139126
134,3314,3,seed_sum_lastdigit,4,9,27,0.36713286713286714,0.3333333333333333,0.9079365079365079,-0.03379953379953382
134,3314,3,seed_spread_band,0-3,11,33,0.36713286713286714,0.3333333333333333,0.9079365079365079,-0.03379953379953382
134,3314,3,seed_high_count,3,27,81,0.36713286713286714,0.3333333333333333,0.9079365079365079,-0.03379953379953382
134,3314,3,seed_consecutive_pairs,1,43,129,0.36713286713286714,0.3333333333333333,0.9079365079365079,-0.03379953379953382
134,4413,4,seed_sum_band,18-26,43,135,0.34965034965034963,0.31851851851851853,0.9109629629629631,-0.0311318311318311
134,1134,1,seed_sum_lastdigit,6,8,31,0.28321678321678323,0.25806451612903225,0.9111907606531262,-0.02515226708775098
134,4413,4,seed_consecutive_pairs,0,31,96,0.34965034965034963,0.3229166666666667,0.9235416666666668,-0.02673368298368295
134,3314,3,seed_trail_band,0-3,38,112,0.36713286713286714,0.3392857142857143,0.9241496598639456,-0.027847152847152834
134,3314,3,seed_sum_band,10-17,40,117,0.36713286713286714,0.3418803418803419,0.9312169312169313,-0.02525252525252525
134,4413,4,seed_prime_count,2,33,101,0.34965034965034963,0.32673267326732675,0.9344554455445545,-0.02291767638302289
134,1134,1,seed_sum_band,10-17,31,117,0.28321678321678323,0.26495726495726496,0.9355281207133058,-0.01825951825951827
134,3314,3,seed_sum_mod3,0,33,96,0.36713286713286714,0.34375,0.9363095238095238,-0.023382867132867136
134,3314,3,seed_sum_mod2,0,50,145,0.36713286713286714,0.3448275862068966,0.9392446633825945,-0.02230528092597056
134,3314,3,seed_vtrac_unique,3,58,168,0.36713286713286714,0.34523809523809523,0.9403628117913831,-0.021894771894771903
135,1135,1,seed_vtrac_unique,2,13,66,0.33090909090909093,0.19696969696969696,0.5952380952380951,-0.13393939393939397
135,1135,1,seed_sum_lastdigit,0,6,30,0.33090909090909093,0.2,0.6043956043956044,-0.13090909090909092
135,3315,3,seed_prime_count,0,6,26,0.3563636363636364,0.23076923076923078,0.6475667189952904,-0.1255944055944056
135,5513,5,seed_sum_mod3,2,19,86,0.31272727272727274,0.22093023255813954,0.7064629529475391,-0.0917970401691332
135,1135,1,seed_lead_band,0-3,28,119,0.33090909090909093,0.23529411764705882,0.7110536522301227,-0.09561497326203211
135,1135,1,seed_high_count,3,13,54,0.33090909090909093,0.24074074074074073,0.7275132275132274,-0.0901683501683502
135,5513,5,seed_sum_lastdigit,4,7,30,0.31272727272727274,0.23333333333333334,0.7461240310077519,-0.0793939393939394
135,3315,3,seed_sum_lastdigit,5,8,30,0.3563636363636364,0.26666666666666666,0.7482993197278911,-0.08969696969696972
135,3315,3,seed_lead_band,7-9,20,75,0.3563636363636364,0.26666666666666666,0.7482993197278911,-0.08969696969696972
135,5513,5,seed_vtrac_unique,4,14,58,0.31272727272727274,0.2413793103448276,0.7718524458700882,-0.07134796238244515
135,5513,5,seed_consecutive_pairs,2,12,49,0.31272727272727274,0.24489795918367346,0.7831039392501186,-0.06782931354359928
135,1135,1,seed_sum_mod3,1,26,99,0.33090909090909093,0.26262626262626265,0.7936507936507937,-0.06828282828282828
135,5513,5,seed_even_count,1,16,63,0.31272727272727274,0.25396825396825395,0.8121077888519748,-0.05875901875901879
135,1135,1,seed_trail_band,4-6,25,93,0.33090909090909093,0.26881720430107525,0.8123596833274251,-0.06209188660801568
135,5513,5,seed_sum_lastdigit,9,8,31,0.31272727272727274,0.25806451612903225,0.8252063015753938,-0.05466275659824049
135,3315,3,seed_trail_band,7-9,23,78,0.3563636363636364,0.2948717948717949,0.8274463631606489,-0.061491841491841503
135,1135,1,seed_even_count,2,28,102,0.33090909090909093,0.27450980392156865,0.8295625942684767,-0.05639928698752228
135,3315,3,seed_sum_lastdigit,4,9,30,0.3563636363636364,0.3,0.8418367346938774,-0.056363636363636394
135,1135,1,seed_consecutive_pairs,0,25,89,0.33090909090909093,0.2808988764044944,0.8488702308927029,-0.05001021450459653
135,1135,1,seed_sum_band,18-26,34,120,0.33090909090909093,0.2833333333333333,0.8562271062271062,-0.047575757575757605
135,5513,5,seed_sum_mod2,1,37,138,0.31272727272727274,0.26811594202898553,0.8573474890461746,-0.04461133069828721
135,5513,5,seed_structure,ABCD,39,145,0.31272727272727274,0.2689655172413793,0.8600641539695267,-0.04376175548589345
135,5513,5,seed_unique_count,4,39,145,0.31272727272727274,0.2689655172413793,0.8600641539695267,-0.04376175548589345
135,5513,5,seed_repeat_digit,none,39,145,0.31272727272727274,0.2689655172413793,0.8600641539695267,-0.04376175548589345
135,1135,1,seed_sum_mod2,0,39,137,0.33090909090909093,0.2846715328467153,0.8602711157455682,-0.04623755806237562
135,5513,5,seed_trail_band,7-9,21,78,0.31272727272727274,0.2692307692307692,0.860912343470483,-0.043496503496503525
135,5513,5,seed_lead_band,4-6,22,81,0.31272727272727274,0.2716049382716049,0.8685041630778064,-0.04112233445566782
135,1135,1,seed_structure,AABC,32,111,0.33090909090909093,0.2882882882882883,0.8712008712008711,-0.042620802620802645
135,1135,1,seed_unique_count,3,32,111,0.33090909090909093,0.2882882882882883,0.8712008712008711,-0.042620802620802645
135,5513,5,seed_high_count,2,33,121,0.31272727272727274,0.2727272727272727,0.8720930232558138,-0.040000000000000036
135,1135,1,seed_mirror_pairs_any,yes,37,128,0.33090909090909093,0.2890625,0.8735405219780219,-0.04184659090909093
135,1135,1,seed_spread_band,0-3,9,31,0.33090909090909093,0.2903225806451613,0.8773484579936193,-0.04058651026392962
135,5513,5,seed_even_count,3,21,75,0.31272727272727274,0.28,0.8953488372093024,-0.032727272727272716
135,3315,3,seed_mirror_pairs_any,no,47,147,0.3563636363636364,0.3197278911564626,0.8971956129390531,-0.036635745207173775
135,3315,3,seed_sum_lastdigit,7,9,28,0.3563636363636364,0.32142857142857145,0.9019679300291545,-0.03493506493506493
135,5513,5,seed_sum_lastdigit,7,8,28,0.31272727272727274,0.2857142857142857,0.9136212624584716,-0.027012987012987044
135,3315,3,seed_trail_band,0-3,34,104,0.3563636363636364,0.3269230769230769,0.917386185243328,-0.029440559440559455
135,5513,5,seed_prime_count,2,27,94,0.31272727272727274,0.2872340425531915,0.9184809500247403,-0.025493230174081227
135,1135,1,seed_prime_count,3,14,46,0.33090909090909093,0.30434782608695654,0.919732441471572,-0.02656126482213439
135,3315,3,seed_vtrac_unique,3,49,149,0.3563636363636364,0.3288590604026846,0.9228187919463088,-0.027504575960951794
136,6613,6,seed_sum_lastdigit,8,5,28,0.3284671532846715,0.17857142857142858,0.5436507936507937,-0.14989572471324294
136,6613,6,seed_sum_lastdigit,5,5,25,0.3284671532846715,0.2,0.6088888888888889,-0.1284671532846715
136,6613,6,seed_unique_count,2,7,31,0.3284671532846715,0.22580645161290322,0.6874551971326165,-0.1026607016717683
136,1136,1,seed_vtrac_unique,2,18,78,0.32116788321167883,0.23076923076923078,0.7185314685314685,-0.09039865244244805
136,3316,3,seed_sum_lastdigit,2,7,27,0.35036496350364965,0.25925925925925924,0.739969135802469,-0.0911057042443904
136,6613,6,seed_sum_lastdigit,6,7,28,0.3284671532846715,0.25,0.7611111111111112,-0.07846715328467152
136,6613,6,seed_vtrac_unique,4,13,52,0.3284671532846715,0.25,0.7611111111111112,-0.07846715328467152
136,3316,3,seed_sum_lastdigit,1,10,37,0.35036496350364965,0.2702702702702703,0.7713963963963965,-0.08009469323337937
136,3316,3,seed_high_count,1,19,70,0.35036496350364965,0.2714285714285714,0.7747023809523809,-0.07893639207507824
136,3316,3,seed_consecutive_pairs,1,36,130,0.35036496350364965,0.27692307692307694,0.7903846153846154,-0.07344188658057271
136,1136,1,seed_prime_count,3,12,47,0.32116788321167883,0.2553191489361702,0.7949709864603481,-0.06584873427550864
136,6613,6,seed_trail_band,7-9,22,84,0.3284671532846715,0.2619047619047619,0.7973544973544974,-0.0665623913799096
136,1136,1,seed_even_count,3,20,78,0.32116788321167883,0.2564102564102564,0.7983682983682983,-0.06475762680142244
136,3316,3,seed_prime_count,2,28,98,0.35036496350364965,0.2857142857142857,0.8154761904761904,-0.06465067778936395
136,6613,6,seed_lead_band,4-6,22,82,0.3284671532846715,0.2682926829268293,0.8168021680216803,-0.060174470357842236
136,1136,1,seed_high_count,2,22,83,0.32116788321167883,0.26506024096385544,0.8253012048192772,-0.056107642247823386
136,3316,3,seed_sum_mod3,0,26,89,0.35036496350364965,0.29213483146067415,0.8338014981273407,-0.0582301320429755
136,1136,1,seed_consecutive_pairs,0,26,96,0.32116788321167883,0.2708333333333333,0.8432765151515151,-0.050334549878345514
136,6613,6,seed_prime_count,0,10,36,0.3284671532846715,0.2777777777777778,0.8456790123456791,-0.05068937550689373
136,6613,6,seed_spread_band,0-3,12,43,0.3284671532846715,0.27906976744186046,0.8496124031007752,-0.04939738584281106
136,1136,1,seed_structure,AABC,31,113,0.32116788321167883,0.2743362831858407,0.8541834271922767,-0.04683160002583814
136,1136,1,seed_unique_count,3,31,113,0.32116788321167883,0.2743362831858407,0.8541834271922767,-0.04683160002583814
136,1136,1,seed_sum_lastdigit,7,8,29,0.32116788321167883,0.27586206896551724,0.8589341692789969,-0.04530581424616159
136,3316,3,seed_even_count,1,20,66,0.35036496350364965,0.30303030303030304,0.8648989898989898,-0.04733466047334661
136,1136,1,seed_spread_band,4-6,35,126,0.32116788321167883,0.2777777777777778,0.86489898989899,-0.04339010543390104
136,1136,1,seed_prime_count,1,24,86,0.32116788321167883,0.27906976744186046,0.86892177589852,-0.04209811576981837
136,6613,6,seed_sum_band,18-26,36,126,0.3284671532846715,0.2857142857142857,0.8698412698412699,-0.04275286757038582
136,3316,3,seed_even_count,2,27,88,0.35036496350364965,0.3068181818181818,0.8757102272727273,-0.04354678168546783
136,3316,3,seed_sum_lastdigit,7,9,29,0.35036496350364965,0.3103448275862069,0.8857758620689655,-0.040020135917442745
136,6613,6,seed_consecutive_pairs,0,28,96,0.3284671532846715,0.2916666666666667,0.8879629629629631,-0.036800486618004835
136,1136,1,seed_sum_mod3,1,26,91,0.32116788321167883,0.2857142857142857,0.8896103896103895,-0.03545359749739313
136,6613,6,seed_structure,ABCD,38,130,0.3284671532846715,0.2923076923076923,0.88991452991453,-0.036159460976979196
136,6613,6,seed_unique_count,4,38,130,0.3284671532846715,0.2923076923076923,0.88991452991453,-0.036159460976979196
136,6613,6,seed_repeat_digit,none,38,130,0.3284671532846715,0.2923076923076923,0.88991452991453,-0.036159460976979196
136,6613,6,seed_high_count,3,23,78,0.3284671532846715,0.2948717948717949,0.8977207977207978,-0.03359535841287664
136,6613,6,seed_sum_lastdigit,0,8,27,0.3284671532846715,0.2962962962962963,0.9020576131687242,-0.03217085698837524
136,3316,3,seed_trail_band,4-6,25,79,0.35036496350364965,0.31645569620253167,0.9032172995780591,-0.033909267301117985
136,6613,6,seed_sum_mod3,1,27,91,0.3284671532846715,0.2967032967032967,0.9032967032967033,-0.031763856581374816
136,1136,1,seed_unique_count,2,9,31,0.32116788321167883,0.2903225806451613,0.903958944281525,-0.03084530256651752
136,1136,1,seed_mirror_pairs_any,yes,36,124,0.32116788321167883,0.2903225806451613,0.903958944281525,-0.03084530256651752
137,3317,3,seed_high_count,1,21,82,0.33574007220216606,0.25609756097560976,0.7627852084972463,-0.0796425112265563
137,3317,3,seed_sum_lastdigit,1,8,31,0.33574007220216606,0.25806451612903225,0.7686437738466875,-0.07767555607313381
137,1137,1,seed_vtrac_unique,4,15,51,0.37906137184115524,0.29411764705882354,0.7759103641456583,-0.0849437247823317
137,1137,1,seed_sum_lastdigit,3,8,27,0.37906137184115524,0.2962962962962963,0.7816578483245149,-0.08276507554485896
137,3317,3,seed_consecutive_pairs,2,14,52,0.33574007220216606,0.2692307692307692,0.8019023986765922,-0.06650930297139684
137,3317,3,seed_trail_band,7-9,24,89,0.33574007220216606,0.2696629213483146,0.8031895614353026,-0.06607715085385146
137,7713,7,seed_trail_band,4-6,18,78,0.2851985559566787,0.23076923076923078,0.8091528724440117,-0.05442932518744792
137,1137,1,seed_sum_lastdigit,6,9,29,0.37906137184115524,0.3103448275862069,0.8187192118226602,-0.06871654425494833
137,7713,7,seed_consecutive_pairs,1,31,131,0.2851985559566787,0.2366412213740458,0.8297420040583632,-0.048557334582632894
137,3317,3,seed_sum_mod3,0,26,93,0.33574007220216606,0.27956989247311825,0.8326974216672447,-0.05617017972904781
137,7713,7,seed_lead_band,7-9,19,79,0.2851985559566787,0.24050632911392406,0.8432943438551515,-0.044692226842754645
137,3317,3,seed_lead_band,0-3,32,113,0.33574007220216606,0.2831858407079646,0.8434675040441526,-0.052554231494201464
137,1137,1,seed_sum_lastdigit,7,9,28,0.37906137184115524,0.32142857142857145,0.8479591836734695,-0.057632800412583784
137,7713,7,seed_vtrac_unique,3,40,164,0.2851985559566787,0.24390243902439024,0.855202222908305,-0.04129611693228846
137,3317,3,seed_vtrac_unique,2,17,59,0.33574007220216606,0.288135593220339,0.8582103152906871,-0.04760447898182707
137,3317,3,seed_prime_count,1,28,97,0.33574007220216606,0.28865979381443296,0.8597716439419132,-0.0470802783877331
137,7713,7,seed_prime_count,0,9,36,0.2851985559566787,0.25,0.8765822784810127,-0.0351985559566787
137,1137,1,seed_sum_mod3,1,32,96,0.37906137184115524,0.3333333333333333,0.8793650793650793,-0.04572803850782192
137,3317,3,seed_even_count,3,19,64,0.33574007220216606,0.296875,0.8842405913978495,-0.03886507220216606
137,7713,7,seed_high_count,2,22,87,0.2851985559566787,0.25287356321839083,0.8866579368543577,-0.03232499273828787
137,1137,1,seed_trail_band,0-3,37,110,0.37906137184115524,0.33636363636363636,0.8873593073593073,-0.04269773547751887
137,7713,7,seed_structure,AABC,31,122,0.2851985559566787,0.2540983606557377,0.8909524797675866,-0.03110019530094099
137,7713,7,seed_unique_count,3,31,122,0.2851985559566787,0.2540983606557377,0.8909524797675866,-0.03110019530094099
137,1137,1,seed_even_count,1,24,71,0.37906137184115524,0.3380281690140845,0.8917505030181087,-0.041033202827070736
137,3317,3,seed_sum_lastdigit,5,9,30,0.33574007220216606,0.3,0.8935483870967742,-0.03574007220216607
137,1137,1,seed_sum_mod3,2,30,88,0.37906137184115524,0.3409090909090909,0.8993506493506492,-0.03815228093206435
137,1137,1,seed_lead_band,4-6,29,85,0.37906137184115524,0.3411764705882353,0.9000560224089637,-0.037884901252919934
137,1137,1,seed_lead_band,7-9,27,79,0.37906137184115524,0.34177215189873417,0.901627486437613,-0.03728921994242107
137,3317,3,seed_sum_lastdigit,2,10,33,0.33574007220216606,0.30303030303030304,0.90257412838058,-0.03270976917186302
137,1137,1,seed_spread_band,0-3,12,35,0.37906137184115524,0.34285714285714286,0.9044897959183673,-0.03620422898401238
137,7713,7,seed_sum_mod3,0,24,93,0.2851985559566787,0.25806451612903225,0.9048591261739485,-0.02713403982764645
137,7713,7,seed_sum_lastdigit,1,8,31,0.2851985559566787,0.25806451612903225,0.9048591261739485,-0.02713403982764645
137,7713,7,seed_sum_lastdigit,8,8,31,0.2851985559566787,0.25806451612903225,0.9048591261739485,-0.02713403982764645
137,1137,1,seed_sum_band,18-26,42,122,0.37906137184115524,0.3442622950819672,0.9081967213114754,-0.03479907675918803
137,1137,1,seed_high_count,2,30,87,0.37906137184115524,0.3448275862068966,0.9096880131362891,-0.03423378563425866
137,1137,1,seed_consecutive_pairs,2,18,52,0.37906137184115524,0.34615384615384615,0.9131868131868132,-0.03290752568730909
137,1137,1,seed_even_count,2,37,106,0.37906137184115524,0.3490566037735849,0.9208445642407906,-0.030004768067570353
137,7713,7,seed_high_count,3,19,72,0.2851985559566787,0.2638888888888889,0.9252812939521801,-0.021309667067789806
137,1137,1,seed_prime_count,2,33,94,0.37906137184115524,0.35106382978723405,0.9261398176291793,-0.027997542053921187
137,7713,7,seed_even_count,3,17,64,0.2851985559566787,0.265625,0.931368670886076,-0.0195735559566787
138,1138,1,seed_sum_lastdigit,4,6,31,0.3096085409252669,0.1935483870967742,0.625139043381535,-0.11606015382849272
138,8813,8,seed_sum_lastdigit,7,9,37,0.3594306049822064,0.24324324324324326,0.6767460529836767,-0.11618736173896316
138,8813,8,seed_sum_lastdigit,2,7,27,0.3594306049822064,0.25925925925925924,0.7213054638797213,-0.10017134572294717
138,3318,3,seed_sum_lastdigit,7,9,37,0.3309608540925267,0.24324324324324326,0.7349607672188317,-0.08771761084928342
138,1138,1,seed_sum_lastdigit,5,6,26,0.3096085409252669,0.23076923076923078,0.7453580901856764,-0.07883931015603612
138,8813,8,seed_vtrac_unique,4,15,52,0.3594306049822064,0.28846153846153844,0.8025514089870525,-0.07096906652066798
138,8813,8,seed_sum_mod3,0,26,90,0.3594306049822064,0.28888888888888886,0.8037403740374036,-0.07054171609331755
138,1138,1,seed_vtrac_unique,4,13,52,0.3096085409252669,0.25,0.8074712643678161,-0.059608540925266906
138,3318,3,seed_vtrac_unique,2,14,52,0.3309608540925267,0.2692307692307692,0.8134822167080231,-0.06173008486175746
138,3318,3,seed_trail_band,7-9,21,76,0.3309608540925267,0.27631578947368424,0.8348896434634976,-0.05464506461884244
138,8813,8,seed_spread_band,0-3,13,43,0.3594306049822064,0.3023255813953488,0.8411236472484457,-0.057105023586857595
138,1138,1,seed_prime_count,3,11,42,0.3096085409252669,0.2619047619047619,0.8459222769567597,-0.04770377902050499
138,3318,3,seed_high_count,0,7,25,0.3309608540925267,0.28,0.8460215053763442,-0.05096085409252665
138,8813,8,seed_structure,ABCD,44,144,0.3594306049822064,0.3055555555555556,0.8501100110011002,-0.053875049426650834
138,8813,8,seed_unique_count,4,44,144,0.3594306049822064,0.3055555555555556,0.8501100110011002,-0.053875049426650834
138,8813,8,seed_repeat_digit,none,44,144,0.3594306049822064,0.3055555555555556,0.8501100110011002,-0.053875049426650834
138,3318,3,seed_spread_band,7-9,33,117,0.3309608540925267,0.28205128205128205,0.852219465122691,-0.04890957204124463
138,1138,1,seed_lead_band,7-9,19,72,0.3096085409252669,0.2638888888888889,0.852330779054917,-0.04571965203637801
138,1138,1,seed_spread_band,4-6,32,121,0.3096085409252669,0.2644628099173554,0.8541844780089294,-0.04514573100791153
138,8813,8,seed_trail_band,4-6,27,87,0.3594306049822064,0.3103448275862069,0.8634346193240013,-0.04908577739599951
138,8813,8,seed_prime_count,1,28,90,0.3594306049822064,0.3111111111111111,0.8655665566556655,-0.0483194938710953
138,8813,8,seed_consecutive_pairs,2,15,48,0.3594306049822064,0.3125,0.8694306930693069,-0.046930604982206414
138,1138,1,seed_vtrac_unique,2,14,52,0.3096085409252669,0.2692307692307692,0.8695844385499557,-0.04037777169449769
138,8813,8,seed_lead_band,4-6,29,92,0.3594306049822064,0.31521739130434784,0.8769909599655618,-0.044213213677858576
138,1138,1,seed_high_count,1,18,66,0.3096085409252669,0.2727272727272727,0.8808777429467084,-0.0368812681979942
138,1138,1,seed_sum_mod3,2,25,91,0.3096085409252669,0.27472527472527475,0.8873310597448529,-0.03488326619999216
138,8813,8,seed_high_count,3,23,72,0.3594306049822064,0.3194444444444444,0.8887513751375137,-0.039986160537761994
138,3318,3,seed_sum_lastdigit,2,8,27,0.3309608540925267,0.2962962962962963,0.8952608522500995,-0.0346645577962304
138,8813,8,seed_sum_lastdigit,0,11,34,0.3594306049822064,0.3235294117647059,0.900116482236459,-0.035901193217500516
138,1138,1,seed_sum_mod3,1,28,100,0.3096085409252669,0.28,0.9043678160919542,-0.02960854092526688
138,1138,1,seed_mirror_pairs_any,no,42,150,0.3096085409252669,0.28,0.9043678160919542,-0.02960854092526688
138,3318,3,seed_structure,AABC,37,123,0.3309608540925267,0.3008130081300813,0.908908121339278,-0.030147845962445352
138,3318,3,seed_unique_count,3,37,123,0.3309608540925267,0.3008130081300813,0.908908121339278,-0.030147845962445352
138,3318,3,seed_even_count,1,22,73,0.3309608540925267,0.3013698630136986,0.9105906613639712,-0.029590991078828066
138,8813,8,seed_prime_count,0,9,27,0.3594306049822064,0.3333333333333333,0.9273927392739273,-0.0260972716488731
138,1138,1,seed_even_count,3,19,66,0.3096085409252669,0.2878787878787879,0.9298153953326368,-0.021729753046479006
138,1138,1,seed_trail_band,0-3,34,118,0.3096085409252669,0.288135593220339,0.9306448470679914,-0.021472947704927914
138,8813,8,seed_mirror_pairs_any,yes,44,131,0.3594306049822064,0.33587786259541985,0.9344720731615146,-0.023552742386786563
138,3318,3,seed_even_count,2,36,116,0.3309608540925267,0.3103448275862069,0.9377085650723026,-0.020616026506319773
138,1138,1,seed_consecutive_pairs,2,14,48,0.3096085409252669,0.2916666666666667,0.9420498084291188,-0.01794187425860022
139,9913,9,seed_sum_lastdigit,1,5,29,0.3205574912891986,0.1724137931034483,0.5378560719640181,-0.1481436981857503
139,3319,3,seed_sum_lastdigit,1,5,29,0.313588850174216,0.1724137931034483,0.549808429118774,-0.14117505707076772
139,3319,3,seed_prime_count,3,8,43,0.313588850174216,0.18604651162790697,0.5932816537467701,-0.12754233854630903
139,1139,1,seed_consecutive_pairs,2,10,46,0.36585365853658536,0.21739130434782608,0.5942028985507246,-0.14846235418875928
139,3319,3,seed_sum_lastdigit,6,5,26,0.313588850174216,0.19230769230769232,0.6132478632478633,-0.12128115786652369
139,1139,1,seed_spread_band,0-3,10,41,0.36585365853658536,0.24390243902439024,0.6666666666666666,-0.12195121951219512
139,9913,9,seed_trail_band,0-3,23,102,0.3205574912891986,0.22549019607843138,0.7034313725490197,-0.0950672952107672
139,9913,9,seed_sum_lastdigit,2,7,31,0.3205574912891986,0.22580645161290322,0.7044179523141655,-0.09475103967629536
139,1139,1,seed_sum_lastdigit,0,7,27,0.36585365853658536,0.25925925925925924,0.7086419753086419,-0.10659439927732611
139,1139,1,seed_lead_band,7-9,24,84,0.36585365853658536,0.2857142857142857,0.780952380952381,-0.08013937282229966
139,1139,1,seed_trail_band,7-9,30,102,0.36585365853658536,0.29411764705882354,0.803921568627451,-0.07173601147776182
139,3319,3,seed_sum_mod3,1,24,94,0.313588850174216,0.2553191489361702,0.8141843971631205,-0.05826970123804581
139,3319,3,seed_sum_lastdigit,4,8,31,0.313588850174216,0.25806451612903225,0.8229390681003584,-0.055524334045183754
139,1139,1,seed_sum_lastdigit,5,10,33,0.36585365853658536,0.30303030303030304,0.8282828282828283,-0.06282335550628232
139,9913,9,seed_sum_band,27-36,8,30,0.3205574912891986,0.26666666666666666,0.8318840579710145,-0.05389082462253192
139,3319,3,seed_high_count,1,17,65,0.313588850174216,0.26153846153846155,0.8340170940170941,-0.05205038863575445
139,9913,9,seed_even_count,1,19,71,0.3205574912891986,0.2676056338028169,0.8348132271892222,-0.052951857486381704
139,9913,9,seed_spread_band,0-3,11,41,0.3205574912891986,0.2682926829268293,0.8369565217391306,-0.0522648083623693
139,3319,3,seed_trail_band,4-6,22,83,0.313588850174216,0.26506024096385544,0.8452476572958502,-0.04852860921036056
139,9913,9,seed_prime_count,2,22,81,0.3205574912891986,0.2716049382716049,0.847289318303811,-0.04895255301759366
139,9913,9,seed_lead_band,4-6,22,81,0.3205574912891986,0.2716049382716049,0.847289318303811,-0.04895255301759366
139,1139,1,seed_sum_lastdigit,9,9,29,0.36585365853658536,0.3103448275862069,0.8482758620689655,-0.05550883095037845
139,9913,9,seed_sum_lastdigit,5,9,33,0.3205574912891986,0.2727272727272727,0.8507905138339921,-0.047830218561925875
139,1139,1,seed_sum_lastdigit,8,10,32,0.36585365853658536,0.3125,0.8541666666666667,-0.05335365853658536
139,9913,9,seed_sum_lastdigit,9,8,29,0.3205574912891986,0.27586206896551724,0.8605697151424289,-0.044695422323681344
139,3319,3,seed_lead_band,4-6,22,81,0.313588850174216,0.2716049382716049,0.8661179698216736,-0.04198391190261108
139,3319,3,seed_structure,AABC,34,124,0.313588850174216,0.27419354838709675,0.8743727598566308,-0.03939530178711925
139,3319,3,seed_unique_count,3,34,124,0.313588850174216,0.27419354838709675,0.8743727598566308,-0.03939530178711925
139,9913,9,seed_sum_mod3,0,30,106,0.3205574912891986,0.2830188679245283,0.882895816242822,-0.03753862336467029
139,9913,9,seed_spread_band,7-9,36,127,0.3205574912891986,0.28346456692913385,0.8842862033550155,-0.03709292436006473
139,3319,3,seed_spread_band,4-6,33,119,0.313588850174216,0.2773109243697479,0.8843137254901962,-0.03627792580446809
139,1139,1,seed_prime_count,0,11,34,0.36585365853658536,0.3235294117647059,0.8843137254901962,-0.04232424677187946
139,3319,3,seed_consecutive_pairs,0,29,104,0.313588850174216,0.27884615384615385,0.8892094017094018,-0.03474269632806215
139,9913,9,seed_consecutive_pairs,1,38,133,0.3205574912891986,0.2857142857142857,0.891304347826087,-0.03484320557491288
139,9913,9,seed_sum_lastdigit,4,9,31,0.3205574912891986,0.2903225806451613,0.9056802244039271,-0.03023491064403727
139,1139,1,seed_sum_lastdigit,3,9,27,0.36585365853658536,0.3333333333333333,0.9111111111111111,-0.03252032520325204
139,3319,3,seed_spread_band,7-9,37,127,0.313588850174216,0.29133858267716534,0.9290463692038495,-0.02225026749705067
139,3319,3,seed_vtrac_unique,4,14,48,0.313588850174216,0.2916666666666667,0.9300925925925927,-0.02192218350754932
139,3319,3,seed_high_count,3,22,75,0.313588850174216,0.29333333333333333,0.9354074074074075,-0.02025551684088267
139,9913,9,seed_sum_mod2,1,42,140,0.3205574912891986,0.3,0.9358695652173913,-0.020557491289198593
145,4415,4,seed_sum_lastdigit,7,7,27,0.32974910394265233,0.25925925925925924,0.786231884057971,-0.07048984468339309
145,4415,4,seed_sum_lastdigit,8,7,27,0.32974910394265233,0.25925925925925924,0.786231884057971,-0.07048984468339309
145,1145,1,seed_sum_lastdigit,0,8,32,0.3154121863799283,0.25,0.7926136363636365,-0.0654121863799283
145,1145,1,seed_high_count,2,25,100,0.3154121863799283,0.25,0.7926136363636365,-0.0654121863799283
145,1145,1,seed_sum_lastdigit,1,7,27,0.3154121863799283,0.25925925925925924,0.821969696969697,-0.05615292712066905
145,1145,1,seed_lead_band,0-3,28,107,0.3154121863799283,0.2616822429906542,0.8296516567544605,-0.053729943389274115
145,1145,1,seed_sum_band,10-17,26,98,0.3154121863799283,0.2653061224489796,0.8411410018552877,-0.050106063930948685
145,4415,4,seed_lead_band,7-9,26,93,0.32974910394265233,0.27956989247311825,0.8478260869565216,-0.05017921146953408
145,1145,1,seed_prime_count,2,23,86,0.3154121863799283,0.26744186046511625,0.8479122621564482,-0.04797032591481204
145,4415,4,seed_spread_band,0-3,13,46,0.32974910394265233,0.2826086956521739,0.8570415879017013,-0.04714040829047844
145,5514,5,seed_sum_band,18-26,39,128,0.3548387096774194,0.3046875,0.8586647727272727,-0.05015120967741937
145,4415,4,seed_sum_lastdigit,5,8,28,0.32974910394265233,0.2857142857142857,0.8664596273291925,-0.044034818228366635
145,5514,5,seed_high_count,3,23,74,0.3548387096774194,0.3108108108108108,0.8759213759213759,-0.04402789886660857
145,5514,5,seed_prime_count,0,14,45,0.3548387096774194,0.3111111111111111,0.8767676767676768,-0.04372759856630826
145,4415,4,seed_sum_mod3,2,27,93,0.32974910394265233,0.2903225806451613,0.8804347826086957,-0.03942652329749102
145,5514,5,seed_sum_mod3,0,30,95,0.3548387096774194,0.3157894736842105,0.8899521531100477,-0.039049235993208864
145,5514,5,seed_lead_band,4-6,25,79,0.3548387096774194,0.31645569620253167,0.8918296892980437,-0.038383013474887706
145,4415,4,seed_high_count,3,22,74,0.32974910394265233,0.2972972972972973,0.9015863689776734,-0.03245180664535502
145,5514,5,seed_sum_lastdigit,9,12,37,0.3548387096774194,0.32432432432432434,0.914004914004914,-0.03051438535309503
145,4415,4,seed_consecutive_pairs,2,16,53,0.32974910394265233,0.3018867924528302,0.9155045118949958,-0.027862311489822156
145,5514,5,seed_spread_band,0-3,15,46,0.3548387096774194,0.32608695652173914,0.9189723320158102,-0.028751753155680237
145,1145,1,seed_sum_mod3,2,27,93,0.3154121863799283,0.2903225806451613,0.9204545454545455,-0.025089605734766984
145,4415,4,seed_lead_band,4-6,24,79,0.32974910394265233,0.3037974683544304,0.9212988442487617,-0.025951635588221944
145,4415,4,seed_trail_band,7-9,24,79,0.32974910394265233,0.3037974683544304,0.9212988442487617,-0.025951635588221944
145,1145,1,seed_spread_band,7-9,32,110,0.3154121863799283,0.2909090909090909,0.9223140495867769,-0.0245030954708374
145,5514,5,seed_high_count,1,21,64,0.3548387096774194,0.328125,0.9247159090909091,-0.026713709677419373
145,5514,5,seed_sum_mod3,1,30,91,0.3548387096774194,0.32967032967032966,0.929070929070929,-0.025168380007089708
145,4415,4,seed_even_count,3,23,75,0.32974910394265233,0.30666666666666664,0.9299999999999999,-0.02308243727598569
145,1145,1,seed_even_count,1,18,61,0.3154121863799283,0.29508196721311475,0.9355439642324889,-0.020330219166813546
145,1145,1,seed_vtrac_unique,2,18,61,0.3154121863799283,0.29508196721311475,0.9355439642324889,-0.020330219166813546
145,4415,4,seed_sum_mod2,1,42,136,0.32974910394265233,0.3088235294117647,0.9365409207161126,-0.020925574530887614
145,5514,5,seed_vtrac_unique,4,18,54,0.3548387096774194,0.3333333333333333,0.9393939393939393,-0.021505376344086058
145,1145,1,seed_sum_lastdigit,7,8,27,0.3154121863799283,0.2962962962962963,0.9393939393939394,-0.019115890083632014
145,1145,1,seed_vtrac_unique,4,16,54,0.3154121863799283,0.2962962962962963,0.9393939393939394,-0.019115890083632014
145,1145,1,seed_sum_mod3,1,27,91,0.3154121863799283,0.2967032967032967,0.9406843156843158,-0.01870888967663159
145,4415,4,seed_prime_count,0,14,45,0.32974910394265233,0.3111111111111111,0.9434782608695652,-0.018637992831541217
145,4415,4,seed_even_count,1,19,61,0.32974910394265233,0.3114754098360656,0.9445830363506772,-0.018273694106586746
145,1145,1,seed_structure,AABC,34,114,0.3154121863799283,0.2982456140350877,0.9455741626794258,-0.01716657234484059
145,1145,1,seed_unique_count,3,34,114,0.3154121863799283,0.2982456140350877,0.9455741626794258,-0.01716657234484059
145,4415,4,seed_sum_lastdigit,4,10,32,0.32974910394265233,0.3125,0.9476902173913043,-0.017249103942652333
146,6614,6,seed_sum_lastdigit,5,6,26,0.3609271523178808,0.23076923076923078,0.639378969654199,-0.13015792154865002
146,1146,1,seed_sum_lastdigit,1,6,28,0.32450331125827814,0.21428571428571427,0.6603498542274052,-0.11021759697256386
146,1146,1,seed_sum_lastdigit,5,6,26,0.32450331125827814,0.23076923076923078,0.7111459968602827,-0.09373408048904736
146,4416,4,seed_sum_lastdigit,9,9,39,0.31456953642384106,0.23076923076923078,0.7336032388663968,-0.08380030565461027
146,6614,6,seed_sum_lastdigit,8,8,30,0.3609271523178808,0.26666666666666666,0.7388379204892966,-0.09426048565121414
146,4416,4,seed_prime_count,0,10,43,0.31456953642384106,0.23255813953488372,0.7392900856793145,-0.08201139688895734
146,4416,4,seed_vtrac_unique,4,14,59,0.31456953642384106,0.23728813559322035,0.7543264942016057,-0.07728140083062071
146,1146,1,seed_prime_count,1,24,94,0.32450331125827814,0.2553191489361702,0.7867998263135041,-0.06918416232210794
146,4416,4,seed_sum_lastdigit,4,7,28,0.31456953642384106,0.25,0.7947368421052632,-0.06456953642384106
146,6614,6,seed_prime_count,3,14,48,0.3609271523178808,0.2916666666666667,0.8081039755351682,-0.06926048565121412
146,1146,1,seed_consecutive_pairs,2,15,57,0.32450331125827814,0.2631578947368421,0.8109559613319012,-0.06134541652143605
146,4416,4,seed_sum_lastdigit,3,7,27,0.31456953642384106,0.25925925925925924,0.8241715399610136,-0.05531027716458181
146,4416,4,seed_sum_mod3,2,25,96,0.31456953642384106,0.2604166666666667,0.8278508771929826,-0.05415286975717437
146,1146,1,seed_sum_lastdigit,2,10,37,0.32450331125827814,0.2702702702702703,0.8328736900165472,-0.05423304098800785
146,4416,4,seed_high_count,1,21,79,0.31456953642384106,0.26582278481012656,0.8450366422385076,-0.0487467516137145
146,6614,6,seed_consecutive_pairs,0,32,101,0.3609271523178808,0.31683168316831684,0.8778272322645109,-0.04409546914956397
146,1146,1,seed_sum_band,0-9,8,28,0.32450331125827814,0.2857142857142857,0.880466472303207,-0.03878902554399244
146,1146,1,seed_mirror_pairs_any,yes,39,136,0.32450331125827814,0.2867647058823529,0.8837034813925569,-0.037738605375925216
146,4416,4,seed_trail_band,7-9,26,93,0.31456953642384106,0.27956989247311825,0.8887379739671759,-0.0349996439507228
146,1146,1,seed_sum_band,10-17,33,114,0.32450331125827814,0.2894736842105263,0.8920515574650913,-0.03502962704775181
146,1146,1,seed_spread_band,4-6,41,141,0.32450331125827814,0.2907801418439716,0.8960775799681574,-0.03372316941430653
146,6614,6,seed_sum_mod3,0,34,105,0.3609271523178808,0.3238095238095238,0.8971603320227174,-0.03711762850835698
146,1146,1,seed_prime_count,3,14,48,0.32450331125827814,0.2916666666666667,0.8988095238095238,-0.03283664459161145
146,4416,4,seed_prime_count,2,32,113,0.31456953642384106,0.2831858407079646,0.9002328830926875,-0.03138369571587646
146,1146,1,seed_sum_lastdigit,6,12,41,0.32450331125827814,0.2926829268292683,0.9019412643106023,-0.03182038442900986
146,6614,6,seed_trail_band,0-3,37,113,0.3609271523178808,0.3274336283185841,0.9072014289193797,-0.033493523999296726
146,4416,4,seed_consecutive_pairs,0,29,101,0.31456953642384106,0.2871287128712871,0.9127670661803022,-0.02744082355255395
146,1146,1,seed_sum_mod3,1,30,101,0.32450331125827814,0.297029702970297,0.9153364316023439,-0.02747360828798112
146,1146,1,seed_vtrac_unique,3,52,175,0.32450331125827814,0.29714285714285715,0.9156851311953353,-0.027360454115420985
146,4416,4,seed_spread_band,7-9,35,121,0.31456953642384106,0.2892561983471074,0.9195302305350151,-0.025313338076733638
146,6614,6,seed_vtrac_unique,2,21,63,0.3609271523178808,0.3333333333333333,0.9235474006116207,-0.02759381898454749
146,1146,1,seed_spread_band,0-3,12,40,0.32450331125827814,0.3,0.9244897959183673,-0.02450331125827815
146,4416,4,seed_trail_band,4-6,28,96,0.31456953642384106,0.2916666666666667,0.9271929824561405,-0.02290286975717437
146,6614,6,seed_sum_band,18-26,47,140,0.3609271523178808,0.3357142857142857,0.9301441677588466,-0.02521286660359512
146,4416,4,seed_sum_lastdigit,6,12,41,0.31456953642384106,0.2926829268292683,0.9304236200256739,-0.02188660959457278
146,6614,6,seed_prime_count,2,38,113,0.3609271523178808,0.336283185840708,0.9317203864577414,-0.02464396647717282
146,1146,1,seed_even_count,2,36,119,0.32450331125827814,0.3025210084033613,0.9322586177328074,-0.021982302854916813
146,1146,1,seed_consecutive_pairs,1,42,138,0.32450331125827814,0.30434782608695654,0.9378881987577641,-0.020155485171321597
146,4416,4,seed_mirror_pairs_any,no,49,166,0.31456953642384106,0.29518072289156627,0.9383639822447686,-0.019388813532274785
146,6614,6,seed_spread_band,7-9,41,121,0.3609271523178808,0.33884297520661155,0.9388126469027219,-0.022084177111269254
147,7714,7,seed_consecutive_pairs,2,11,47,0.3561643835616438,0.23404255319148937,0.6571194762684125,-0.12212183037015445
147,4417,4,seed_sum_lastdigit,4,6,29,0.2876712328767123,0.20689655172413793,0.7192118226600985,-0.08077468115257438
147,7714,7,seed_spread_band,0-3,9,35,0.3561643835616438,0.2571428571428571,0.721978021978022,-0.0990215264187867
147,1147,1,seed_sum_lastdigit,0,7,27,0.3561643835616438,0.25925925925925924,0.7279202279202279,-0.09690512430238457
147,7714,7,seed_unique_count,2,7,25,0.3561643835616438,0.28,0.7861538461538463,-0.07616438356164379
147,7714,7,seed_sum_mod3,1,28,99,0.3561643835616438,0.2828282828282828,0.7940947940947941,-0.073336100733361
147,1147,1,seed_lead_band,4-6,21,74,0.3561643835616438,0.28378378378378377,0.7967775467775468,-0.07238059977786004
147,7714,7,seed_sum_lastdigit,3,10,35,0.3561643835616438,0.2857142857142857,0.8021978021978022,-0.07045009784735812
147,4417,4,seed_sum_lastdigit,5,10,43,0.2876712328767123,0.23255813953488372,0.8084163898117387,-0.055113093341828595
147,1147,1,seed_prime_count,0,10,34,0.3561643835616438,0.29411764705882354,0.82579185520362,-0.06204673650282028
147,1147,1,seed_trail_band,7-9,26,88,0.3561643835616438,0.29545454545454547,0.8295454545454546,-0.060709838107098346
147,7714,7,seed_high_count,1,21,70,0.3561643835616438,0.3,0.8423076923076923,-0.05616438356164383
147,4417,4,seed_prime_count,1,26,107,0.2876712328767123,0.24299065420560748,0.844681797952826,-0.04468057867110484
147,7714,7,seed_even_count,1,25,83,0.3561643835616438,0.30120481927710846,0.8456904541241892,-0.054959564284535356
147,4417,4,seed_sum_mod3,2,24,98,0.2876712328767123,0.24489795918367346,0.8513119533527697,-0.04277327369303885
147,4417,4,seed_lead_band,0-3,29,118,0.2876712328767123,0.2457627118644068,0.854317998385795,-0.04190852101230552
147,7714,7,seed_mirror_pairs_any,no,46,149,0.3561643835616438,0.3087248322147651,0.8668043366029944,-0.04743955134687872
147,4417,4,seed_sum_mod3,0,24,95,0.2876712328767123,0.25263157894736843,0.8781954887218046,-0.035039653929343884
147,1147,1,seed_prime_count,3,12,38,0.3561643835616438,0.3157894736842105,0.8866396761133604,-0.04037490987743331
147,7714,7,seed_prime_count,3,12,38,0.3561643835616438,0.3157894736842105,0.8866396761133604,-0.04037490987743331
147,4417,4,seed_spread_band,0-3,9,35,0.2876712328767123,0.2571428571428571,0.8938775510204081,-0.030528375733855195
147,7714,7,seed_sum_mod2,1,50,157,0.3561643835616438,0.3184713375796178,0.8941695247427731,-0.037693045982026
147,4417,4,seed_high_count,2,31,120,0.2876712328767123,0.25833333333333336,0.8980158730158732,-0.029337899543378954
147,1147,1,seed_sum_lastdigit,1,8,25,0.3561643835616438,0.32,0.8984615384615385,-0.03616438356164381
147,7714,7,seed_sum_lastdigit,1,8,25,0.3561643835616438,0.32,0.8984615384615385,-0.03616438356164381
147,4417,4,seed_sum_mod2,0,35,135,0.2876712328767123,0.25925925925925924,0.9012345679012346,-0.028411973617453068
147,4417,4,seed_sum_lastdigit,0,7,27,0.2876712328767123,0.25925925925925924,0.9012345679012346,-0.028411973617453068
147,4417,4,seed_sum_lastdigit,6,7,27,0.2876712328767123,0.25925925925925924,0.9012345679012346,-0.028411973617453068
147,7714,7,seed_sum_lastdigit,7,10,31,0.3561643835616438,0.3225806451612903,0.9057071960297767,-0.0335837384003535
147,1147,1,seed_sum_band,18-26,44,136,0.3561643835616438,0.3235294117647059,0.908371040723982,-0.03263497179693792
147,4417,4,seed_trail_band,4-6,21,80,0.2876712328767123,0.2625,0.9125000000000001,-0.0251712328767123
147,7714,7,seed_trail_band,4-6,26,80,0.3561643835616438,0.325,0.9125000000000001,-0.031164383561643805
147,1147,1,seed_spread_band,7-9,47,144,0.3561643835616438,0.3263888888888889,0.9163995726495727,-0.02977549467275492
147,1147,1,seed_prime_count,2,32,98,0.3561643835616438,0.32653061224489793,0.9167974882260597,-0.029633771316745883
147,1147,1,seed_vtrac_unique,4,20,61,0.3561643835616438,0.32786885245901637,0.9205548549810845,-0.028295531102627447
147,4417,4,seed_consecutive_pairs,1,35,132,0.2876712328767123,0.26515151515151514,0.9217171717171717,-0.022519717725197175
147,1147,1,seed_mirror_pairs_any,yes,47,143,0.3561643835616438,0.32867132867132864,0.9228079612694997,-0.02749305489031517
147,4417,4,seed_mirror_pairs_any,yes,38,143,0.2876712328767123,0.26573426573426573,0.9237429237429238,-0.021936967142446584
147,1147,1,seed_lead_band,7-9,33,100,0.3561643835616438,0.33,0.9265384615384616,-0.0261643835616438
147,7714,7,seed_lead_band,7-9,33,100,0.3561643835616438,0.33,0.9265384615384616,-0.0261643835616438
148,8814,8,seed_repeat_digit,1,5,26,0.34265734265734266,0.19230769230769232,0.5612244897959184,-0.15034965034965034
148,1148,1,seed_prime_count,3,6,30,0.3356643356643357,0.2,0.5958333333333333,-0.13566433566433567
148,4418,4,seed_sum_lastdigit,2,9,43,0.32167832167832167,0.20930232558139536,0.6506572295247726,-0.1123759960969263
148,8814,8,seed_sum_lastdigit,1,6,26,0.34265734265734266,0.23076923076923078,0.6734693877551021,-0.11188811188811187
148,1148,1,seed_sum_lastdigit,1,6,26,0.3356643356643357,0.23076923076923078,0.6875,-0.1048951048951049
148,1148,1,seed_sum_lastdigit,3,6,25,0.3356643356643357,0.24,0.715,-0.09566433566433569
148,4418,4,seed_consecutive_pairs,1,32,138,0.32167832167832167,0.2318840579710145,0.7208569628229364,-0.08979426370730717
148,1148,1,seed_sum_lastdigit,8,8,32,0.3356643356643357,0.25,0.7447916666666666,-0.08566433566433568
148,1148,1,seed_vtrac_unique,2,20,77,0.3356643356643357,0.2597402597402597,0.7738095238095237,-0.07592407592407596
148,4418,4,seed_prime_count,0,13,52,0.32167832167832167,0.25,0.7771739130434783,-0.07167832167832167
148,1148,1,seed_even_count,1,19,70,0.3356643356643357,0.2714285714285714,0.8086309523809523,-0.06423576423576427
148,1148,1,seed_structure,AABC,36,130,0.3356643356643357,0.27692307692307694,0.8250000000000001,-0.05874125874125874
148,1148,1,seed_unique_count,3,36,130,0.3356643356643357,0.27692307692307694,0.8250000000000001,-0.05874125874125874
148,8814,8,seed_consecutive_pairs,2,15,53,0.34265734265734266,0.2830188679245283,0.8259530227185213,-0.05963847473281436
148,8814,8,seed_lead_band,4-6,23,81,0.34265734265734266,0.2839506172839506,0.8286722096245905,-0.058706725373392055
148,4418,4,seed_sum_lastdigit,6,8,30,0.32167832167832167,0.26666666666666666,0.8289855072463769,-0.055011655011655
148,4418,4,seed_sum_mod2,0,43,161,0.32167832167832167,0.2670807453416149,0.8302727518228464,-0.054597576336706755
148,4418,4,seed_even_count,2,34,127,0.32167832167832167,0.2677165354330709,0.8322492297158508,-0.053961786245250776
148,4418,4,seed_spread_band,7-9,33,122,0.32167832167832167,0.27049180327868855,0.8408766928011405,-0.05118651839963312
148,1148,1,seed_consecutive_pairs,0,26,92,0.3356643356643357,0.2826086956521739,0.8419384057971013,-0.05305564001216179
148,4418,4,seed_sum_mod3,2,24,88,0.32167832167832167,0.2727272727272727,0.8478260869565217,-0.04895104895104896
148,1148,1,seed_sum_mod2,1,36,125,0.3356643356643357,0.288,0.8579999999999999,-0.0476643356643357
148,1148,1,seed_spread_band,4-6,35,121,0.3356643356643357,0.2892561983471074,0.8617424242424242,-0.04640813731722826
148,8814,8,seed_sum_lastdigit,5,8,27,0.34265734265734266,0.2962962962962963,0.8647014361300075,-0.046361046361046376
148,4418,4,seed_trail_band,0-3,31,111,0.32167832167832167,0.27927927927927926,0.8681942812377594,-0.04239904239904241
148,4418,4,seed_sum_lastdigit,8,9,32,0.32167832167832167,0.28125,0.8743206521739131,-0.040428321678321666
148,8814,8,seed_even_count,1,21,70,0.34265734265734266,0.3,0.8755102040816326,-0.04265734265734267
148,8814,8,seed_spread_band,0-3,13,43,0.34265734265734266,0.3023255813953488,0.8822971048884669,-0.04033176126199384
148,8814,8,seed_trail_band,7-9,25,82,0.34265734265734266,0.3048780487804878,0.8897461423593828,-0.03777929387685486
148,1148,1,seed_lead_band,7-9,29,97,0.3356643356643357,0.29896907216494845,0.8906786941580755,-0.03669526349938723
148,4418,4,seed_lead_band,0-3,31,108,0.32167832167832167,0.28703703703703703,0.8923107890499196,-0.03464128464128463
148,1148,1,seed_consecutive_pairs,2,16,53,0.3356643356643357,0.3018867924528302,0.8993710691823898,-0.0337775432115055
148,8814,8,seed_sum_mod3,0,31,100,0.34265734265734266,0.31,0.9046938775510204,-0.03265734265734266
148,8814,8,seed_prime_count,1,32,103,0.34265734265734266,0.3106796116504854,0.9066772340003962,-0.031977731006857246
148,8814,8,seed_vtrac_unique,4,14,45,0.34265734265734266,0.3111111111111111,0.9079365079365079,-0.03154623154623154
148,4418,4,seed_prime_count,2,26,89,0.32167832167832167,0.29213483146067415,0.9081582804103566,-0.029543490217647517
148,8814,8,seed_trail_band,4-6,29,93,0.34265734265734266,0.3118279569892473,0.9100285275400483,-0.030829385668095344
148,8814,8,seed_structure,ABCD,42,134,0.34265734265734266,0.31343283582089554,0.9147121535181237,-0.029224506836447117
148,8814,8,seed_unique_count,4,42,134,0.34265734265734266,0.31343283582089554,0.9147121535181237,-0.029224506836447117
148,8814,8,seed_repeat_digit,none,42,134,0.34265734265734266,0.31343283582089554,0.9147121535181237,-0.029224506836447117
149,4419,4,seed_sum_band,0-9,5,25,0.3392857142857143,0.2,0.5894736842105264,-0.1392857142857143
149,4419,4,seed_sum_lastdigit,7,6,30,0.3392857142857143,0.2,0.5894736842105264,-0.1392857142857143
149,9914,9,seed_prime_count,0,9,41,0.3357142857142857,0.21951219512195122,0.6538661131292165,-0.11620209059233447
149,4419,4,seed_sum_band,27-36,6,26,0.3392857142857143,0.23076923076923078,0.680161943319838,-0.10851648351648352
149,4419,4,seed_prime_count,2,20,85,0.3392857142857143,0.23529411764705882,0.6934984520123838,-0.10399159663865548
149,1149,1,seed_sum_lastdigit,0,6,26,0.325,0.23076923076923078,0.7100591715976331,-0.09423076923076923
149,1149,1,seed_prime_count,3,9,38,0.325,0.23684210526315788,0.7287449392712549,-0.08815789473684213
149,4419,4,seed_sum_lastdigit,8,7,28,0.3392857142857143,0.25,0.7368421052631579,-0.0892857142857143
149,4419,4,seed_vtrac_unique,4,14,56,0.3392857142857143,0.25,0.7368421052631579,-0.0892857142857143
149,1149,1,seed_sum_lastdigit,9,8,33,0.325,0.24242424242424243,0.7459207459207459,-0.08257575757575758
149,9914,9,seed_structure,AABC,29,110,0.3357142857142857,0.2636363636363636,0.7852998065764023,-0.07207792207792207
149,9914,9,seed_unique_count,3,29,110,0.3357142857142857,0.2636363636363636,0.7852998065764023,-0.07207792207792207
149,4419,4,seed_unique_count,2,7,26,0.3392857142857143,0.2692307692307692,0.7935222672064777,-0.07005494505494508
149,4419,4,seed_spread_band,0-3,10,37,0.3392857142857143,0.2702702702702703,0.7965860597439545,-0.06901544401544402
149,9914,9,seed_sum_lastdigit,0,7,26,0.3357142857142857,0.2692307692307692,0.8019639934533552,-0.06648351648351647
149,9914,9,seed_consecutive_pairs,1,31,114,0.3357142857142857,0.2719298245614035,0.8100037327360957,-0.06378446115288217
149,1149,1,seed_even_count,2,25,94,0.325,0.26595744680851063,0.8183306055646481,-0.05904255319148938
149,9914,9,seed_sum_mod3,2,28,101,0.3357142857142857,0.27722772277227725,0.8257847061301876,-0.058486562942008435
149,1149,1,seed_mirror_pairs_any,yes,36,134,0.325,0.26865671641791045,0.8266360505166475,-0.056343283582089565
149,1149,1,seed_sum_band,27-36,7,26,0.325,0.2692307692307692,0.8284023668639052,-0.05576923076923079
149,1149,1,seed_lead_band,4-6,24,88,0.325,0.2727272727272727,0.8391608391608391,-0.052272727272727304
149,1149,1,seed_sum_lastdigit,1,8,29,0.325,0.27586206896551724,0.8488063660477453,-0.049137931034482774
149,9914,9,seed_high_count,1,22,76,0.3357142857142857,0.2894736842105263,0.8622620380739083,-0.04624060150375936
149,4419,4,seed_even_count,3,24,82,0.3392857142857143,0.2926829268292683,0.8626444159178432,-0.046602787456446026
149,1149,1,seed_trail_band,4-6,25,88,0.325,0.2840909090909091,0.8741258741258742,-0.040909090909090895
149,4419,4,seed_sum_lastdigit,5,11,37,0.3392857142857143,0.2972972972972973,0.8762446657183499,-0.04198841698841699
149,1149,1,seed_even_count,1,20,70,0.325,0.2857142857142857,0.879120879120879,-0.03928571428571431
149,1149,1,seed_structure,ABCD,41,143,0.325,0.2867132867132867,0.8821947283485745,-0.03828671328671329
149,1149,1,seed_unique_count,4,41,143,0.325,0.2867132867132867,0.8821947283485745,-0.03828671328671329
149,1149,1,seed_repeat_digit,none,41,143,0.325,0.2867132867132867,0.8821947283485745,-0.03828671328671329
149,9914,9,seed_spread_band,4-6,35,118,0.3357142857142857,0.2966101694915254,0.8835196538045439,-0.03910411622276028
149,1149,1,seed_high_count,3,21,73,0.325,0.2876712328767123,0.8851422550052687,-0.0373287671232877
149,4419,4,seed_mirror_pairs_any,no,44,146,0.3392857142857143,0.3013698630136986,0.8882480173035328,-0.03791585127201569
149,1149,1,seed_sum_mod3,1,25,86,0.325,0.29069767441860467,0.8944543828264758,-0.03430232558139534
149,9914,9,seed_sum_band,18-26,34,113,0.3357142857142857,0.3008849557522124,0.8962530596874413,-0.034829329962073274
149,9914,9,seed_lead_band,0-3,32,106,0.3357142857142857,0.3018867924528302,0.8992372541148134,-0.03382749326145551
149,1149,1,seed_consecutive_pairs,0,32,109,0.325,0.29357798165137616,0.903316866619619,-0.03142201834862385
149,9914,9,seed_vtrac_unique,2,21,69,0.3357142857142857,0.30434782608695654,0.9065679925994451,-0.031366459627329146
149,9914,9,seed_even_count,3,25,82,0.3357142857142857,0.3048780487804878,0.908147379346134,-0.03083623693379789
149,1149,1,seed_spread_band,7-9,37,125,0.325,0.296,0.9107692307692307,-0.029000000000000026
156,1156,1,seed_sum_lastdigit,5,6,28,0.3675496688741722,0.21428571428571427,0.583011583011583,-0.1532639545884579
156,6615,6,seed_sum_lastdigit,3,5,25,0.33774834437086093,0.2,0.592156862745098,-0.13774834437086092
156,6615,6,seed_sum_lastdigit,9,6,30,0.33774834437086093,0.2,0.592156862745098,-0.13774834437086092
156,6615,6,seed_sum_lastdigit,7,6,29,0.33774834437086093,0.20689655172413793,0.6125760649087221,-0.130851792646723
156,5516,5,seed_sum_lastdigit,2,5,27,0.2947019867549669,0.18518518518518517,0.6283811901789429,-0.10951680156978172
156,6615,6,seed_prime_count,3,13,54,0.33774834437086093,0.24074074074074073,0.7127814088598402,-0.0970076036301202
156,1156,1,seed_high_count,3,22,78,0.3675496688741722,0.28205128205128205,0.7673827673827675,-0.08549838682289013
156,5516,5,seed_sum_lastdigit,8,8,35,0.2947019867549669,0.22857142857142856,0.7756019261637239,-0.06613055818353833
156,1156,1,seed_even_count,1,19,66,0.3675496688741722,0.2878787878787879,0.7832377832377834,-0.07967088099538427
156,1156,1,seed_consecutive_pairs,2,13,45,0.3675496688741722,0.28888888888888886,0.7859859859859859,-0.07866077998528331
156,6615,6,seed_lead_band,0-3,28,105,0.33774834437086093,0.26666666666666666,0.7895424836601307,-0.07108167770419427
156,5516,5,seed_trail_band,0-3,27,113,0.2947019867549669,0.23893805309734514,0.8107785621954857,-0.05576393365762175
156,1156,1,seed_lead_band,7-9,31,103,0.3675496688741722,0.30097087378640774,0.8188576926441004,-0.06657879508776443
156,5516,5,seed_sum_lastdigit,4,8,33,0.2947019867549669,0.24242424242424243,0.8226081035069799,-0.05227774433072446
156,5516,5,seed_lead_band,7-9,25,103,0.2947019867549669,0.24271844660194175,0.8236064143122068,-0.05198354015302514
156,6615,6,seed_trail_band,7-9,28,99,0.33774834437086093,0.2828282828282828,0.8373935432758962,-0.054920061542578114
156,6615,6,seed_even_count,3,21,74,0.33774834437086093,0.28378378378378377,0.8402225755166931,-0.05396456058707716
156,6615,6,seed_spread_band,0-3,10,35,0.33774834437086093,0.2857142857142857,0.84593837535014,-0.05203405865657523
156,5516,5,seed_sum_lastdigit,1,7,28,0.2947019867549669,0.25,0.848314606741573,-0.044701986754966894
156,6615,6,seed_lead_band,4-6,27,94,0.33774834437086093,0.2872340425531915,0.8504380475594494,-0.050514301817669416
156,6615,6,seed_trail_band,4-6,26,90,0.33774834437086093,0.28888888888888886,0.8553376906318082,-0.04885945548197207
156,6615,6,seed_high_count,2,36,124,0.33774834437086093,0.2903225806451613,0.8595825426944972,-0.04742576372569962
156,1156,1,seed_prime_count,1,39,121,0.3675496688741722,0.32231404958677684,0.8769265132901496,-0.045235619287395334
156,6615,6,seed_sum_lastdigit,2,8,27,0.33774834437086093,0.2962962962962963,0.877269426289034,-0.04145204807456465
156,5516,5,seed_sum_mod2,0,42,162,0.2947019867549669,0.25925925925925924,0.8797336662505201,-0.03544272749570765
156,6615,6,seed_prime_count,0,11,37,0.33774834437086093,0.2972972972972973,0.8802331743508215,-0.04045104707356362
156,5516,5,seed_consecutive_pairs,1,36,138,0.2947019867549669,0.2608695652173913,0.8851978505129457,-0.0338324215375756
156,1156,1,seed_spread_band,4-6,41,126,0.3675496688741722,0.3253968253968254,0.8853138853138853,-0.04215284347734677
156,1156,1,seed_sum_mod3,0,30,92,0.3675496688741722,0.32608695652173914,0.8871915393654525,-0.04146271235243304
156,5516,5,seed_prime_count,2,22,84,0.2947019867549669,0.2619047619047619,0.8887105403959337,-0.032797224850204976
156,5516,5,seed_even_count,2,32,122,0.2947019867549669,0.26229508196721313,0.8900349972370603,-0.032406904787753765
156,5516,5,seed_high_count,1,18,68,0.2947019867549669,0.2647058823529412,0.8982154659616656,-0.029996104402025714
156,1156,1,seed_sum_band,18-26,47,142,0.3675496688741722,0.33098591549295775,0.9005202385484076,-0.036563753381214426
156,1156,1,seed_trail_band,4-6,30,90,0.3675496688741722,0.3333333333333333,0.9069069069069069,-0.03421633554083886
156,5516,5,seed_spread_band,7-9,38,141,0.2947019867549669,0.2695035460992908,0.914495178898717,-0.025198440655676113
156,1156,1,seed_trail_band,0-3,38,113,0.3675496688741722,0.336283185840708,0.9149326317467912,-0.03126648303346419
156,6615,6,seed_mirror_pairs_any,yes,45,145,0.33774834437086093,0.3103448275862069,0.9188640973630832,-0.027403516784654025
156,6615,6,seed_consecutive_pairs,2,14,45,0.33774834437086093,0.3111111111111111,0.9211328976034858,-0.026637233259749815
156,6615,6,seed_sum_lastdigit,0,11,35,0.33774834437086093,0.3142857142857143,0.9305322128851541,-0.023462630085146652
156,1156,1,seed_sum_mod2,1,48,140,0.3675496688741722,0.34285714285714286,0.9328185328185329,-0.024692526017029315
157,5517,5,seed_unique_count,2,5,25,0.3333333333333333,0.2,0.6000000000000001,-0.1333333333333333
157,7715,7,seed_sum_lastdigit,4,7,33,0.3298245614035088,0.21212121212121213,0.6431334622823984,-0.11770334928229667
157,5517,5,seed_prime_count,3,8,35,0.3333333333333333,0.22857142857142856,0.6857142857142857,-0.10476190476190475
157,5517,5,seed_sum_lastdigit,3,6,26,0.3333333333333333,0.23076923076923078,0.6923076923076924,-0.10256410256410253
157,1157,1,seed_spread_band,0-3,9,37,0.3368421052631579,0.24324324324324326,0.7221283783783784,-0.09359886201991463
157,5517,5,seed_spread_band,0-3,9,37,0.3333333333333333,0.24324324324324326,0.7297297297297298,-0.09009009009009006
157,7715,7,seed_consecutive_pairs,2,12,49,0.3298245614035088,0.24489795918367346,0.7425097698653929,-0.08492660221983533
157,7715,7,seed_high_count,1,16,63,0.3298245614035088,0.25396825396825395,0.7700101317122593,-0.07585630743525484
157,5517,5,seed_sum_lastdigit,8,7,27,0.3333333333333333,0.25925925925925924,0.7777777777777778,-0.07407407407407407
157,7715,7,seed_sum_lastdigit,5,8,31,0.3298245614035088,0.25806451612903225,0.7824296499656829,-0.07176004527447655
157,7715,7,seed_spread_band,4-6,31,120,0.3298245614035088,0.25833333333333336,0.7832446808510638,-0.07149122807017544
157,5517,5,seed_sum_mod3,0,24,91,0.3333333333333333,0.26373626373626374,0.7912087912087913,-0.06959706959706957
157,1157,1,seed_sum_lastdigit,3,7,26,0.3368421052631579,0.2692307692307692,0.7992788461538461,-0.06761133603238867
157,1157,1,seed_lead_band,7-9,23,84,0.3368421052631579,0.27380952380952384,0.812872023809524,-0.06303258145363405
157,7715,7,seed_lead_band,0-3,27,100,0.3298245614035088,0.27,0.8186170212765957,-0.05982456140350878
157,7715,7,seed_trail_band,4-6,22,81,0.3298245614035088,0.2716049382716049,0.8234830575256106,-0.058219623131903875
157,1157,1,seed_sum_lastdigit,2,9,32,0.3368421052631579,0.28125,0.8349609375,-0.05559210526315789
157,7715,7,seed_sum_lastdigit,1,8,29,0.3298245614035088,0.27586206896551724,0.8363903154805575,-0.05396249243799156
157,1157,1,seed_even_count,2,31,110,0.3368421052631579,0.2818181818181818,0.8366477272727273,-0.055023923444976086
157,7715,7,seed_vtrac_unique,4,13,46,0.3298245614035088,0.2826086956521739,0.8568455134135059,-0.04721586575133491
157,5517,5,seed_sum_lastdigit,7,10,35,0.3333333333333333,0.2857142857142857,0.8571428571428571,-0.047619047619047616
157,5517,5,seed_consecutive_pairs,0,26,91,0.3333333333333333,0.2857142857142857,0.8571428571428571,-0.047619047619047616
157,1157,1,seed_prime_count,0,13,45,0.3368421052631579,0.28888888888888886,0.8576388888888888,-0.047953216374269025
157,7715,7,seed_prime_count,3,10,35,0.3298245614035088,0.2857142857142857,0.8662613981762917,-0.0441102756892231
157,1157,1,seed_sum_mod3,1,27,92,0.3368421052631579,0.29347826086956524,0.8712635869565218,-0.04336384439359264
157,7715,7,seed_high_count,2,34,116,0.3298245614035088,0.29310344827586204,0.8886647101980923,-0.036721113127646754
157,7715,7,seed_sum_mod3,1,27,92,0.3298245614035088,0.29347826086956524,0.8898011100832562,-0.036346300533943554
157,7715,7,seed_sum_band,18-26,41,139,0.3298245614035088,0.2949640287769784,0.8943058319302004,-0.03486053262653038
157,1157,1,seed_vtrac_unique,4,14,46,0.3368421052631579,0.30434782608695654,0.9035326086956522,-0.032494279176201346
157,5517,5,seed_high_count,1,19,63,0.3333333333333333,0.30158730158730157,0.9047619047619048,-0.031746031746031744
157,1157,1,seed_consecutive_pairs,1,43,141,0.3368421052631579,0.3049645390070922,0.905363475177305,-0.03187756625606569
157,5517,5,seed_structure,AABC,32,106,0.3333333333333333,0.3018867924528302,0.9056603773584906,-0.03144654088050314
157,5517,5,seed_unique_count,3,32,106,0.3333333333333333,0.3018867924528302,0.9056603773584906,-0.03144654088050314
157,1157,1,seed_high_count,3,22,72,0.3368421052631579,0.3055555555555556,0.9071180555555557,-0.03128654970760231
157,5517,5,seed_high_count,3,22,72,0.3333333333333333,0.3055555555555556,0.9166666666666667,-0.027777777777777735
157,1157,1,seed_prime_count,2,30,97,0.3368421052631579,0.30927835051546393,0.9181701030927836,-0.027563754747693958
157,5517,5,seed_even_count,1,19,62,0.3333333333333333,0.3064516129032258,0.9193548387096775,-0.026881720430107503
157,1157,1,seed_structure,ABCD,48,154,0.3368421052631579,0.3116883116883117,0.9253246753246753,-0.025153793574846206
157,1157,1,seed_unique_count,4,48,154,0.3368421052631579,0.3116883116883117,0.9253246753246753,-0.025153793574846206
157,1157,1,seed_repeat_digit,none,48,154,0.3368421052631579,0.3116883116883117,0.9253246753246753,-0.025153793574846206
158,8815,8,seed_sum_lastdigit,3,6,32,0.3458646616541353,0.1875,0.5421195652173914,-0.15836466165413532
158,5518,5,seed_high_count,3,17,66,0.36466165413533835,0.25757575757575757,0.7063417681974382,-0.10708589655958078
158,1158,1,seed_consecutive_pairs,2,7,34,0.2894736842105263,0.20588235294117646,0.7112299465240641,-0.08359133126934987
158,5518,5,seed_consecutive_pairs,2,9,34,0.36466165413533835,0.2647058823529412,0.7258944815039418,-0.09995577178239717
158,5518,5,seed_sum_lastdigit,8,8,30,0.36466165413533835,0.26666666666666666,0.7312714776632302,-0.09799498746867169
158,1158,1,seed_sum_mod3,2,18,84,0.2894736842105263,0.21428571428571427,0.7402597402597402,-0.07518796992481205
158,8815,8,seed_sum_lastdigit,2,8,30,0.3458646616541353,0.26666666666666666,0.7710144927536232,-0.07919799498746866
158,5518,5,seed_lead_band,7-9,24,85,0.36466165413533835,0.2823529411764706,0.7742874469375379,-0.08230871295886777
158,8815,8,seed_sum_mod3,1,21,78,0.3458646616541353,0.2692307692307692,0.7784280936454849,-0.0766338924233661
158,1158,1,seed_sum_band,10-17,22,94,0.2894736842105263,0.23404255319148937,0.8085106382978723,-0.05543113101903696
158,1158,1,seed_prime_count,0,9,38,0.2894736842105263,0.23684210526315788,0.8181818181818181,-0.052631578947368446
158,5518,5,seed_sum_mod2,0,38,126,0.36466165413533835,0.30158730158730157,0.827033218785796,-0.06307435254803678
158,1158,1,seed_even_count,3,17,71,0.2894736842105263,0.23943661971830985,0.8271446862996158,-0.05003706449221648
158,8815,8,seed_lead_band,4-6,19,66,0.3458646616541353,0.2878787878787879,0.8323451910408434,-0.05798587377534742
158,1158,1,seed_lead_band,4-6,16,66,0.2894736842105263,0.24242424242424243,0.837465564738292,-0.047049441786283897
158,8815,8,seed_spread_band,7-9,34,116,0.3458646616541353,0.29310344827586204,0.8474512743628185,-0.052761213378273275
158,5518,5,seed_even_count,2,30,97,0.36466165413533835,0.30927835051546393,0.8481241364650867,-0.055383303619874424
158,5518,5,seed_spread_band,0-3,9,29,0.36466165413533835,0.3103448275862069,0.8510487024528973,-0.05431682654913145
158,1158,1,seed_sum_mod2,1,35,140,0.2894736842105263,0.25,0.8636363636363636,-0.03947368421052633
158,8815,8,seed_high_count,1,18,60,0.3458646616541353,0.3,0.8673913043478261,-0.04586466165413533
158,1158,1,seed_high_count,2,26,103,0.2894736842105263,0.2524271844660194,0.8720211827007943,-0.03704649974450691
158,1158,1,seed_vtrac_unique,3,41,161,0.2894736842105263,0.2546583850931677,0.8797289666854883,-0.034815299117358645
158,5518,5,seed_sum_lastdigit,1,10,31,0.36466165413533835,0.3225806451612903,0.8846025939474559,-0.04208100897404804
158,1158,1,seed_spread_band,4-6,31,121,0.2894736842105263,0.256198347107438,0.8850488354620585,-0.03327533710308833
158,5518,5,seed_prime_count,3,12,37,0.36466165413533835,0.32432432432432434,0.8893842295904152,-0.04033732981101401
158,8815,8,seed_vtrac_unique,2,18,58,0.3458646616541353,0.3103448275862069,0.8973013493253374,-0.03551983406792841
158,8815,8,seed_consecutive_pairs,1,46,148,0.3458646616541353,0.3108108108108108,0.8986486486486487,-0.03505385084332452
158,8815,8,seed_vtrac_unique,4,14,45,0.3458646616541353,0.3111111111111111,0.8995169082125605,-0.0347535505430242
158,1158,1,seed_even_count,1,18,69,0.2894736842105263,0.2608695652173913,0.901185770750988,-0.02860411899313503
158,8815,8,seed_trail_band,0-3,30,96,0.3458646616541353,0.3125,0.9035326086956522,-0.03336466165413532
158,8815,8,seed_prime_count,2,26,83,0.3458646616541353,0.3132530120481928,0.9057097957045575,-0.03261164960594254
158,5518,5,seed_sum_band,0-9,9,27,0.36466165413533835,0.3333333333333333,0.9140893470790378,-0.03132832080200504
158,5518,5,seed_sum_mod3,1,26,78,0.36466165413533835,0.3333333333333333,0.9140893470790378,-0.03132832080200504
158,5518,5,seed_sum_lastdigit,2,10,30,0.36466165413533835,0.3333333333333333,0.9140893470790378,-0.03132832080200504
158,5518,5,seed_vtrac_unique,4,15,45,0.36466165413533835,0.3333333333333333,0.9140893470790378,-0.03132832080200504
158,8815,8,seed_even_count,1,22,69,0.3458646616541353,0.3188405797101449,0.921865154379332,-0.02702408194399042
158,1158,1,seed_prime_count,1,27,101,0.2894736842105263,0.26732673267326734,0.9234923492349235,-0.022146951537258985
158,5518,5,seed_trail_band,4-6,27,80,0.36466165413533835,0.3375,0.9255154639175258,-0.02716165413533833
158,8815,8,seed_high_count,2,33,103,0.3458646616541353,0.32038834951456313,0.9263402279442804,-0.025476312139572188
158,1158,1,seed_sum_mod3,0,28,104,0.2894736842105263,0.2692307692307692,0.93006993006993,-0.02024291497975711
159,1159,1,seed_sum_lastdigit,3,5,31,0.34210526315789475,0.16129032258064516,0.4714640198511166,-0.1808149405772496
159,9915,9,seed_vtrac_unique,4,11,53,0.33458646616541354,0.20754716981132076,0.620309518761925,-0.12703929635409278
159,1159,1,seed_spread_band,0-3,9,37,0.34210526315789475,0.24324324324324326,0.7110187110187111,-0.09886201991465149
159,5519,5,seed_trail_band,0-3,26,107,0.3233082706766917,0.24299065420560748,0.7515757444033906,-0.08031761647108424
159,5519,5,seed_sum_lastdigit,2,8,32,0.3233082706766917,0.25,0.7732558139534884,-0.07330827067669171
159,5519,5,seed_consecutive_pairs,0,22,88,0.3233082706766917,0.25,0.7732558139534884,-0.07330827067669171
159,9915,9,seed_trail_band,7-9,20,77,0.33458646616541354,0.2597402597402597,0.7763023493360571,-0.07484620642515383
159,9915,9,seed_sum_lastdigit,0,9,34,0.33458646616541354,0.2647058823529412,0.7911434236615995,-0.06988058381247236
159,9915,9,seed_even_count,1,18,67,0.33458646616541354,0.26865671641791045,0.8029515344625189,-0.0659297497475031
159,1159,1,seed_even_count,3,20,72,0.34210526315789475,0.2777777777777778,0.811965811965812,-0.06432748538011696
159,1159,1,seed_consecutive_pairs,2,15,54,0.34210526315789475,0.2777777777777778,0.811965811965812,-0.06432748538011696
159,9915,9,seed_prime_count,3,11,40,0.33458646616541354,0.275,0.8219101123595506,-0.05958646616541352
159,5519,5,seed_sum_mod3,2,25,94,0.3233082706766917,0.26595744680851063,0.822612568035626,-0.05735082386818108
159,1159,1,seed_lead_band,4-6,22,78,0.34210526315789475,0.28205128205128205,0.8244575936883629,-0.0600539811066127
159,5519,5,seed_vtrac_unique,2,13,48,0.3233082706766917,0.2708333333333333,0.8376937984496124,-0.0524749373433584
159,9915,9,seed_sum_lastdigit,7,11,39,0.33458646616541354,0.28205128205128205,0.84298473062518,-0.052535184114131495
159,9915,9,seed_high_count,2,30,106,0.33458646616541354,0.2830188679245283,0.845876616493534,-0.05156759824088525
159,5519,5,seed_high_count,2,29,106,0.3233082706766917,0.27358490566037735,0.8462044756472137,-0.04972336501631436
159,1159,1,seed_structure,AABC,38,131,0.34210526315789475,0.2900763358778626,0.8479154433352906,-0.05202892728003217
159,1159,1,seed_unique_count,3,38,131,0.34210526315789475,0.2900763358778626,0.8479154433352906,-0.05202892728003217
159,5519,5,seed_mirror_pairs_any,yes,30,109,0.3233082706766917,0.27522935779816515,0.8512908043524644,-0.04807891287852656
159,1159,1,seed_high_count,1,17,58,0.34210526315789475,0.29310344827586204,0.8567639257294428,-0.0490018148820327
159,5519,5,seed_even_count,2,26,93,0.3233082706766917,0.27956989247311825,0.8647161790447612,-0.04373837820357346
159,5519,5,seed_sum_lastdigit,9,9,32,0.3233082706766917,0.28125,0.8699127906976745,-0.04205827067669171
159,5519,5,seed_prime_count,0,9,32,0.3233082706766917,0.28125,0.8699127906976745,-0.04205827067669171
159,9915,9,seed_sum_mod3,1,28,96,0.33458646616541354,0.2916666666666667,0.8717228464419476,-0.04291979949874686
159,1159,1,seed_vtrac_unique,3,49,164,0.34210526315789475,0.29878048780487804,0.873358348968105,-0.04332477535301671
159,5519,5,seed_spread_band,7-9,33,115,0.3233082706766917,0.28695652173913044,0.8875631951466129,-0.03635174893756127
159,1159,1,seed_trail_band,4-6,25,82,0.34210526315789475,0.3048780487804878,0.8911819887429643,-0.03722721437740695
159,9915,9,seed_mirror_pairs_any,no,47,157,0.33458646616541354,0.29936305732484075,0.8947255421169398,-0.03522340884057279
159,9915,9,seed_structure,ABCD,38,126,0.33458646616541354,0.30158730158730157,0.9013732833957552,-0.03299916457811197
159,9915,9,seed_unique_count,4,38,126,0.33458646616541354,0.30158730158730157,0.9013732833957552,-0.03299916457811197
159,9915,9,seed_repeat_digit,none,38,126,0.33458646616541354,0.30158730158730157,0.9013732833957552,-0.03299916457811197
159,5519,5,seed_sum_lastdigit,0,10,34,0.3233082706766917,0.29411764705882354,0.9097127222982216,-0.029190623617868172
159,1159,1,seed_high_count,3,19,61,0.34210526315789475,0.3114754098360656,0.9104665825977302,-0.03062985332182916
159,5519,5,seed_lead_band,7-9,24,81,0.3233082706766917,0.2962962962962963,0.9164513350559862,-0.02701197438039543
159,1159,1,seed_sum_mod3,0,24,76,0.34210526315789475,0.3157894736842105,0.923076923076923,-0.026315789473684237
159,5519,5,seed_lead_band,0-3,32,107,0.3233082706766917,0.29906542056074764,0.925016300804173,-0.02424285011594407
159,1159,1,seed_sum_mod2,1,44,139,0.34210526315789475,0.31654676258992803,0.9252905368013281,-0.025558500567966713
159,5519,5,seed_sum_mod2,0,38,127,0.3233082706766917,0.2992125984251969,0.9254715253616554,-0.024095672251494837
167,1167,1,seed_sum_lastdigit,7,5,28,0.3573667711598746,0.17857142857142858,0.49968671679198,-0.178795342588446
167,6617,6,seed_sum_lastdigit,3,5,30,0.27899686520376177,0.16666666666666666,0.597378277153558,-0.11233019853709511
167,6617,6,seed_sum_lastdigit,0,6,35,0.27899686520376177,0.17142857142857143,0.614446227929374,-0.10756829377519034
167,1167,1,seed_sum_lastdigit,5,9,38,0.3573667711598746,0.23684210526315788,0.6627423822714682,-0.1205246658967167
167,6617,6,seed_sum_lastdigit,4,8,39,0.27899686520376177,0.20512820512820512,0.735234802650533,-0.07386866007555665
167,6617,6,seed_high_count,3,15,73,0.27899686520376177,0.2054794520547945,0.7364937663537017,-0.07351741314896726
167,7716,7,seed_lead_band,7-9,23,83,0.36363636363636365,0.27710843373493976,0.7620481927710844,-0.08652792990142388
167,1167,1,seed_sum_lastdigit,2,9,33,0.3573667711598746,0.2727272727272727,0.7631578947368421,-0.08463949843260188
167,7716,7,seed_sum_lastdigit,8,9,32,0.36363636363636365,0.28125,0.7734375,-0.08238636363636365
167,7716,7,seed_prime_count,3,14,49,0.36363636363636365,0.2857142857142857,0.7857142857142857,-0.07792207792207795
167,1167,1,seed_sum_mod3,0,28,99,0.3573667711598746,0.2828282828282828,0.7914230019493178,-0.07453848833159177
167,6617,6,seed_prime_count,1,25,112,0.27899686520376177,0.22321428571428573,0.8000601926163724,-0.05578257948947604
167,1167,1,seed_high_count,1,25,87,0.3573667711598746,0.28735632183908044,0.804093567251462,-0.07001044932079414
167,1167,1,seed_prime_count,0,12,41,0.3573667711598746,0.2926829268292683,0.8189987163029525,-0.06468384433060631
167,1167,1,seed_vtrac_unique,4,17,58,0.3573667711598746,0.29310344827586204,0.8201754385964912,-0.06426332288401254
167,6617,6,seed_sum_mod3,1,23,100,0.27899686520376177,0.23,0.8243820224719101,-0.04899686520376176
167,6617,6,seed_even_count,2,29,124,0.27899686520376177,0.23387096774193547,0.8382566147154765,-0.0451258974618263
167,1167,1,seed_vtrac_unique,2,24,79,0.3573667711598746,0.3037974683544304,0.8500999333777483,-0.0535693028054442
167,6617,6,seed_lead_band,4-6,24,101,0.27899686520376177,0.2376237623762376,0.8517076426743797,-0.041373102827524155
167,7716,7,seed_mirror_pairs_any,yes,47,151,0.36363636363636365,0.31125827814569534,0.8559602649006621,-0.0523780854906683
167,6617,6,seed_consecutive_pairs,1,35,146,0.27899686520376177,0.23972602739726026,0.859242727412652,-0.03927083780650151
167,1167,1,seed_sum_band,10-17,39,127,0.3573667711598746,0.30708661417322836,0.8593037712391215,-0.05028015698664623
167,6617,6,seed_repeat_digit,5,6,25,0.27899686520376177,0.24,0.8602247191011235,-0.03899686520376178
167,6617,6,seed_vtrac_unique,4,14,58,0.27899686520376177,0.2413793103448276,0.8651685393258427,-0.03761755485893417
167,6617,6,seed_sum_mod2,0,40,164,0.27899686520376177,0.24390243902439024,0.8742121129076459,-0.03509442617937153
167,6617,6,seed_mirror_pairs_any,no,41,168,0.27899686520376177,0.24404761904761904,0.8747324772605671,-0.03494924615614273
167,7716,7,seed_sum_lastdigit,6,8,25,0.36363636363636365,0.32,0.88,-0.04363636363636364
167,1167,1,seed_even_count,1,23,73,0.3573667711598746,0.3150684931506849,0.8816390290795482,-0.04229827800918967
167,7716,7,seed_sum_band,0-9,9,28,0.36363636363636365,0.32142857142857145,0.8839285714285715,-0.042207792207792194
167,1167,1,seed_sum_mod2,1,49,155,0.3573667711598746,0.3161290322580645,0.8846066779852858,-0.041237738901810095
167,1167,1,seed_even_count,3,26,82,0.3573667711598746,0.3170731707317073,0.8872486093281986,-0.040293600428167264
167,7716,7,seed_trail_band,7-9,32,99,0.36363636363636365,0.32323232323232326,0.888888888888889,-0.04040404040404039
167,6617,6,seed_vtrac_unique,3,45,181,0.27899686520376177,0.24861878453038674,0.8911167670246446,-0.030378080673375024
167,7716,7,seed_sum_mod3,2,39,120,0.36363636363636365,0.325,0.89375,-0.038636363636363635
167,6617,6,seed_sum_band,0-9,7,28,0.27899686520376177,0.25,0.896067415730337,-0.028996865203761768
167,6617,6,seed_sum_mod3,2,30,120,0.27899686520376177,0.25,0.896067415730337,-0.028996865203761768
167,6617,6,seed_sum_lastdigit,9,9,36,0.27899686520376177,0.25,0.896067415730337,-0.028996865203761768
167,6617,6,seed_spread_band,0-3,11,44,0.27899686520376177,0.25,0.896067415730337,-0.028996865203761768
167,1167,1,seed_consecutive_pairs,0,36,112,0.3573667711598746,0.32142857142857145,0.899436090225564,-0.03593819973130313
167,7716,7,seed_vtrac_unique,2,26,79,0.36363636363636365,0.3291139240506329,0.9050632911392404,-0.03452243958573076
168,8816,8,seed_sum_lastdigit,1,5,35,0.2958199356913183,0.14285714285714285,0.4829192546583851,-0.15296279283417547
168,1168,1,seed_sum_lastdigit,7,7,34,0.3408360128617363,0.20588235294117646,0.6040510543840177,-0.13495365992055985
168,8816,8,seed_sum_lastdigit,9,5,27,0.2958199356913183,0.18518518518518517,0.6260064412238325,-0.11063475050613314
168,6618,6,seed_sum_lastdigit,8,7,30,0.3633440514469453,0.23333333333333334,0.6421828908554573,-0.13001071811361198
168,8816,8,seed_even_count,1,17,84,0.2958199356913183,0.20238095238095238,0.6841356107660456,-0.09343898331036593
168,6618,6,seed_prime_count,0,10,39,0.3633440514469453,0.2564102564102564,0.7056954844565464,-0.10693379503668893
168,1168,1,seed_sum_lastdigit,0,8,33,0.3408360128617363,0.24242424242424243,0.7112635791881076,-0.09841177043749388
168,6618,6,seed_sum_lastdigit,2,7,27,0.3633440514469453,0.25925925925925924,0.7135365453949525,-0.10408479218768607
168,6618,6,seed_sum_lastdigit,9,7,27,0.3633440514469453,0.25925925925925924,0.7135365453949525,-0.10408479218768607
168,8816,8,seed_sum_mod3,0,20,92,0.2958199356913183,0.21739130434782608,0.7348771266540642,-0.07842863134349223
168,1168,1,seed_sum_lastdigit,1,9,35,0.3408360128617363,0.2571428571428571,0.7544474393530997,-0.0836931557188792
168,1168,1,seed_vtrac_unique,4,13,50,0.3408360128617363,0.26,0.7628301886792453,-0.0808360128617363
168,6618,6,seed_consecutive_pairs,2,15,54,0.3633440514469453,0.2777777777777778,0.764503441494592,-0.08556627366916753
168,8816,8,seed_vtrac_unique,2,14,61,0.2958199356913183,0.22950819672131148,0.7758374910905204,-0.06631173897000683
168,8816,8,seed_sum_mod2,1,36,156,0.2958199356913183,0.23076923076923078,0.7801003344481606,-0.06505070492208753
168,8816,8,seed_sum_lastdigit,5,8,34,0.2958199356913183,0.23529411764705882,0.7953964194373402,-0.060525818044259494
168,8816,8,seed_prime_count,3,10,41,0.2958199356913183,0.24390243902439024,0.8244962884411453,-0.051917496666928076
168,6618,6,seed_spread_band,0-3,12,40,0.3633440514469453,0.3,0.8256637168141593,-0.06334405144694533
168,8816,8,seed_sum_band,18-26,33,135,0.2958199356913183,0.24444444444444444,0.826328502415459,-0.05137549124687388
168,8816,8,seed_trail_band,7-9,22,90,0.2958199356913183,0.24444444444444444,0.826328502415459,-0.05137549124687388
168,6618,6,seed_consecutive_pairs,0,26,86,0.3633440514469453,0.3023255813953488,0.8320642107429512,-0.061018470051596496
168,6618,6,seed_sum_lastdigit,0,10,33,0.3633440514469453,0.30303030303030304,0.8340037543577368,-0.06031374841664228
168,8816,8,seed_sum_lastdigit,4,9,36,0.2958199356913183,0.25,0.845108695652174,-0.045819935691318314
168,6618,6,seed_sum_lastdigit,3,8,26,0.3633440514469453,0.3076923076923077,0.8468345813478558,-0.055651743754637606
168,6618,6,seed_sum_mod2,0,48,155,0.3633440514469453,0.3096774193548387,0.8522980302597775,-0.05366663209210659
168,1168,1,seed_high_count,1,23,79,0.3408360128617363,0.2911392405063291,0.8541915452591354,-0.049696772355407204
168,8816,8,seed_consecutive_pairs,1,42,166,0.2958199356913183,0.25301204819277107,0.8552907281299109,-0.04280788749854725
168,8816,8,seed_mirror_pairs_any,yes,41,162,0.2958199356913183,0.25308641975308643,0.8555421363392379,-0.04273351593823188
168,1168,1,seed_prime_count,3,12,41,0.3408360128617363,0.2926829268292683,0.8587206626783249,-0.04815308603246804
168,6618,6,seed_trail_band,4-6,30,96,0.3633440514469453,0.3125,0.860066371681416,-0.050844051446945315
168,1168,1,seed_trail_band,0-3,37,125,0.3408360128617363,0.296,0.8684528301886792,-0.04483601286173633
168,1168,1,seed_sum_band,10-17,39,130,0.3408360128617363,0.3,0.880188679245283,-0.040836012861736326
168,8816,8,seed_prime_count,1,31,119,0.2958199356913183,0.2605042016806723,0.8806174643770552,-0.03531573401064603
168,1168,1,seed_prime_count,2,31,102,0.3408360128617363,0.30392156862745096,0.8916944136145024,-0.03691444423428536
168,8816,8,seed_even_count,3,19,72,0.2958199356913183,0.2638888888888889,0.8920591787439615,-0.03193104680242942
168,1168,1,seed_sum_mod3,2,35,115,0.3408360128617363,0.30434782608695654,0.8929450369155046,-0.036488186774779774
168,8816,8,seed_high_count,2,32,121,0.2958199356913183,0.2644628099173554,0.8939992813510601,-0.031357125773962935
168,8816,8,seed_lead_band,4-6,26,98,0.2958199356913183,0.2653061224489796,0.8968500443655724,-0.030513813242338705
168,6618,6,seed_lead_band,4-6,32,98,0.3633440514469453,0.32653061224489793,0.8986815965324183,-0.03681343920204738
168,1168,1,seed_lead_band,0-3,39,127,0.3408360128617363,0.30708661417322836,0.9009805378101323,-0.03374939868850796
169,1169,1,seed_sum_lastdigit,8,6,34,0.37388724035608306,0.17647058823529413,0.4719887955182073,-0.19741665212078893
169,1169,1,seed_sum_band,27-36,7,31,0.37388724035608306,0.22580645161290322,0.6039426523297491,-0.14808078874317984
169,6619,6,seed_spread_band,0-3,7,37,0.2997032640949555,0.1891891891891892,0.6312550173936312,-0.11051407490576631
169,6619,6,seed_sum_lastdigit,2,5,26,0.2997032640949555,0.19230769230769232,0.6416603198781416,-0.1073955717872632
169,6619,6,seed_sum_lastdigit,9,8,39,0.2997032640949555,0.20512820512820512,0.6844376745366844,-0.09457505896675039
169,6619,6,seed_prime_count,0,8,39,0.2997032640949555,0.20512820512820512,0.6844376745366844,-0.09457505896675039
169,6619,6,seed_sum_lastdigit,5,8,37,0.2997032640949555,0.21621621621621623,0.7214343055927214,-0.08348704787873928
169,1169,1,seed_sum_mod3,2,32,112,0.37388724035608306,0.2857142857142857,0.764172335600907,-0.08817295464179736
169,1169,1,seed_sum_lastdigit,0,12,42,0.37388724035608306,0.2857142857142857,0.764172335600907,-0.08817295464179736
169,9916,9,seed_sum_lastdigit,4,10,40,0.3264094955489614,0.25,0.7659090909090909,-0.07640949554896143
169,6619,6,seed_even_count,3,20,87,0.2997032640949555,0.22988505747126436,0.7670422214635256,-0.06981820662369115
169,1169,1,seed_sum_lastdigit,3,9,31,0.37388724035608306,0.2903225806451613,0.7764976958525347,-0.08356465971092175
169,6619,6,seed_sum_lastdigit,7,7,30,0.2997032640949555,0.23333333333333334,0.7785478547854785,-0.06636993076162218
169,9916,9,seed_high_count,2,32,123,0.3264094955489614,0.2601626016260163,0.7970436067997044,-0.06624689392294514
169,6619,6,seed_sum_lastdigit,1,7,29,0.2997032640949555,0.2413793103448276,0.8053943325367019,-0.058323953750127916
169,6619,6,seed_sum_lastdigit,6,7,29,0.2997032640949555,0.2413793103448276,0.8053943325367019,-0.058323953750127916
169,6619,6,seed_sum_mod3,0,25,103,0.2997032640949555,0.24271844660194175,0.8098625396520234,-0.05698481749301376
169,6619,6,seed_lead_band,7-9,25,103,0.2997032640949555,0.24271844660194175,0.8098625396520234,-0.05698481749301376
169,6619,6,seed_prime_count,3,10,41,0.2997032640949555,0.24390243902439024,0.8138130886259357,-0.055800825070565274
169,6619,6,seed_spread_band,7-9,37,151,0.2997032640949555,0.24503311258278146,0.817585732083142,-0.05467015151217405
169,1169,1,seed_high_count,1,30,96,0.37388724035608306,0.3125,0.8358134920634921,-0.06138724035608306
169,1169,1,seed_spread_band,4-6,47,149,0.37388724035608306,0.31543624161073824,0.8436667731969746,-0.05845099874534482
169,6619,6,seed_sum_mod2,1,42,166,0.2997032640949555,0.25301204819277107,0.8442085172372658,-0.046691215902184446
169,9916,9,seed_consecutive_pairs,0,30,108,0.3264094955489614,0.2777777777777778,0.851010101010101,-0.048631717771183636
169,6619,6,seed_high_count,3,20,78,0.2997032640949555,0.2564102564102564,0.8555470931708554,-0.043293007684699125
169,6619,6,seed_sum_band,27-36,8,31,0.2997032640949555,0.25806451612903225,0.8610667518364739,-0.04163874796592326
169,9916,9,seed_consecutive_pairs,2,17,60,0.3264094955489614,0.2833333333333333,0.868030303030303,-0.0430761622156281
169,9916,9,seed_vtrac_unique,2,18,63,0.3264094955489614,0.2857142857142857,0.8753246753246753,-0.04069520983467573
169,1169,1,seed_consecutive_pairs,1,54,164,0.37388724035608306,0.32926829268292684,0.8806620209059235,-0.04461894767315622
169,1169,1,seed_trail_band,4-6,32,97,0.37388724035608306,0.32989690721649484,0.8823433153330061,-0.04399033313958822
169,1169,1,seed_vtrac_unique,4,20,60,0.37388724035608306,0.3333333333333333,0.8915343915343915,-0.04055390702274975
169,1169,1,seed_lead_band,4-6,35,105,0.37388724035608306,0.3333333333333333,0.8915343915343915,-0.04055390702274975
169,9916,9,seed_trail_band,0-3,39,134,0.3264094955489614,0.291044776119403,0.8916553595658073,-0.03536471942955843
169,6619,6,seed_sum_band,18-26,40,149,0.2997032640949555,0.2684563758389262,0.8957405807694863,-0.031246888256029337
169,6619,6,seed_vtrac_unique,2,17,63,0.2997032640949555,0.2698412698412698,0.9003614647179002,-0.029861994253685686
169,9916,9,seed_sum_lastdigit,8,10,34,0.3264094955489614,0.29411764705882354,0.9010695187165776,-0.03229184849013789
169,9916,9,seed_prime_count,2,39,132,0.3264094955489614,0.29545454545454547,0.9051652892561984,-0.030954950094415956
169,1169,1,seed_sum_mod2,0,58,171,0.37388724035608306,0.3391812865497076,0.907175345771837,-0.03470595380637548
169,9916,9,seed_mirror_pairs_any,yes,49,164,0.3264094955489614,0.29878048780487804,0.9153547671840354,-0.02762900774408339
169,1169,1,seed_sum_band,10-17,46,134,0.37388724035608306,0.34328358208955223,0.9181473584458659,-0.03060365826653083
178,7718,7,seed_sum_lastdigit,9,6,37,0.2777777777777778,0.16216216216216217,0.5837837837837838,-0.11561561561561562
178,1178,1,seed_sum_lastdigit,5,7,28,0.38235294117647056,0.25,0.6538461538461539,-0.13235294117647056
178,7718,7,seed_sum_band,0-9,5,26,0.2777777777777778,0.19230769230769232,0.6923076923076923,-0.08547008547008547
178,8817,8,seed_sum_lastdigit,2,8,34,0.33986928104575165,0.23529411764705882,0.6923076923076923,-0.10457516339869283
178,7718,7,seed_sum_lastdigit,7,5,26,0.2777777777777778,0.19230769230769232,0.6923076923076923,-0.08547008547008547
178,7718,7,seed_lead_band,7-9,20,100,0.2777777777777778,0.2,0.72,-0.07777777777777778
178,1178,1,seed_sum_lastdigit,0,8,29,0.38235294117647056,0.27586206896551724,0.7214854111405836,-0.10649087221095332
178,7718,7,seed_even_count,3,13,64,0.2777777777777778,0.203125,0.73125,-0.07465277777777779
178,8817,8,seed_sum_lastdigit,3,7,27,0.33986928104575165,0.25925925925925924,0.7628205128205128,-0.0806100217864924
178,1178,1,seed_sum_lastdigit,3,8,27,0.38235294117647056,0.2962962962962963,0.774928774928775,-0.08605664488017428
178,8817,8,seed_sum_lastdigit,8,8,30,0.33986928104575165,0.26666666666666666,0.7846153846153846,-0.07320261437908498
178,8817,8,seed_consecutive_pairs,2,15,56,0.33986928104575165,0.26785714285714285,0.7881181318681318,-0.0720121381886088
178,7718,7,seed_sum_lastdigit,6,9,41,0.2777777777777778,0.21951219512195122,0.7902439024390243,-0.05826558265582657
178,7718,7,seed_prime_count,0,9,41,0.2777777777777778,0.21951219512195122,0.7902439024390243,-0.05826558265582657
178,8817,8,seed_lead_band,0-3,32,118,0.33986928104575165,0.2711864406779661,0.7979139504563233,-0.06868284036778555
178,7718,7,seed_sum_lastdigit,4,7,31,0.2777777777777778,0.22580645161290322,0.8129032258064516,-0.05197132616487457
178,7718,7,seed_consecutive_pairs,0,25,109,0.2777777777777778,0.22935779816513763,0.8256880733944955,-0.04841997961264016
178,1178,1,seed_lead_band,4-6,28,88,0.38235294117647056,0.3181818181818182,0.8321678321678322,-0.06417112299465239
178,7718,7,seed_vtrac_unique,2,19,80,0.2777777777777778,0.2375,0.8549999999999999,-0.0402777777777778
178,1178,1,seed_prime_count,3,17,52,0.38235294117647056,0.3269230769230769,0.8550295857988166,-0.055429864253393635
178,8817,8,seed_vtrac_unique,4,20,68,0.33986928104575165,0.29411764705882354,0.8653846153846154,-0.04575163398692811
178,8817,8,seed_sum_lastdigit,9,11,37,0.33986928104575165,0.2972972972972973,0.8747401247401247,-0.042571983748454334
178,8817,8,seed_sum_mod3,0,31,104,0.33986928104575165,0.2980769230769231,0.877034023668639,-0.041792357968828575
178,7718,7,seed_sum_mod3,1,27,109,0.2777777777777778,0.24770642201834864,0.8917431192660551,-0.030071355759429153
178,1178,1,seed_trail_band,7-9,30,87,0.38235294117647056,0.3448275862068966,0.9018567639257296,-0.03752535496957399
178,8817,8,seed_high_count,2,39,127,0.33986928104575165,0.30708661417322836,0.9035433070866141,-0.03278266687252329
178,8817,8,seed_sum_band,0-9,8,26,0.33986928104575165,0.3076923076923077,0.9053254437869822,-0.03217697335344394
178,7718,7,seed_trail_band,4-6,25,99,0.2777777777777778,0.25252525252525254,0.9090909090909091,-0.02525252525252525
178,8817,8,seed_prime_count,1,31,100,0.33986928104575165,0.31,0.9121153846153846,-0.02986928104575165
178,7718,7,seed_mirror_pairs_any,yes,37,146,0.2777777777777778,0.2534246575342466,0.9123287671232877,-0.0243531202435312
178,1178,1,seed_spread_band,0-3,15,43,0.38235294117647056,0.3488372093023256,0.9123434704830055,-0.03351573187414497
178,1178,1,seed_even_count,1,27,77,0.38235294117647056,0.35064935064935066,0.9170829170829171,-0.03170359052711991
178,1178,1,seed_high_count,3,26,74,0.38235294117647056,0.35135135135135137,0.9189189189189191,-0.03100158982511919
178,7718,7,seed_structure,AABC,30,117,0.2777777777777778,0.2564102564102564,0.9230769230769229,-0.021367521367521403
178,7718,7,seed_unique_count,3,30,117,0.2777777777777778,0.2564102564102564,0.9230769230769229,-0.021367521367521403
178,1178,1,seed_vtrac_unique,4,24,68,0.38235294117647056,0.35294117647058826,0.9230769230769232,-0.029411764705882304
178,1178,1,seed_consecutive_pairs,1,46,130,0.38235294117647056,0.35384615384615387,0.9254437869822486,-0.028506787330316696
178,7718,7,seed_prime_count,2,27,105,0.2777777777777778,0.2571428571428571,0.9257142857142856,-0.020634920634920673
178,1178,1,seed_sum_lastdigit,4,11,31,0.38235294117647056,0.3548387096774194,0.9280397022332507,-0.02751423149905119
178,7718,7,seed_spread_band,7-9,33,128,0.2777777777777778,0.2578125,0.928125,-0.01996527777777779
179,7719,7,seed_sum_lastdigit,6,7,39,0.34121621621621623,0.1794871794871795,0.526021832952526,-0.16172903672903674
179,9917,9,seed_sum_lastdigit,9,7,40,0.32094594594594594,0.175,0.5452631578947368,-0.14594594594594595
179,9917,9,seed_consecutive_pairs,2,10,48,0.32094594594594594,0.20833333333333334,0.6491228070175439,-0.1126126126126126
179,1179,1,seed_sum_lastdigit,3,7,30,0.33783783783783783,0.23333333333333334,0.6906666666666667,-0.10450450450450449
179,9917,9,seed_sum_mod3,0,23,96,0.32094594594594594,0.23958333333333334,0.7464912280701754,-0.0813626126126126
179,1179,1,seed_sum_lastdigit,2,8,31,0.33783783783783783,0.25806451612903225,0.7638709677419355,-0.07977332170880558
179,7719,7,seed_lead_band,7-9,23,88,0.34121621621621623,0.26136363636363635,0.7659765976597659,-0.07985257985257987
179,1179,1,seed_high_count,3,17,65,0.33783783783783783,0.26153846153846155,0.7741538461538462,-0.07629937629937628
179,1179,1,seed_consecutive_pairs,0,29,105,0.33783783783783783,0.2761904761904762,0.8175238095238097,-0.06164736164736162
179,7719,7,seed_spread_band,0-3,11,39,0.34121621621621623,0.28205128205128205,0.8266057374968265,-0.05916493416493418
179,7719,7,seed_prime_count,0,11,39,0.34121621621621623,0.28205128205128205,0.8266057374968265,-0.05916493416493418
179,1179,1,seed_sum_mod3,2,23,79,0.33783783783783783,0.2911392405063291,0.8617721518987342,-0.04669859733150872
179,7719,7,seed_trail_band,4-6,25,85,0.34121621621621623,0.29411764705882354,0.8619685497961561,-0.04709856915739269
179,1179,1,seed_prime_count,3,12,41,0.33783783783783783,0.2926829268292683,0.8663414634146341,-0.045154911008569554
179,9917,9,seed_lead_band,0-3,32,115,0.32094594594594594,0.2782608695652174,0.8670022883295194,-0.04268507638072855
179,1179,1,seed_sum_band,10-17,34,116,0.33783783783783783,0.29310344827586204,0.8675862068965516,-0.044734389561975785
179,1179,1,seed_sum_lastdigit,5,12,40,0.33783783783783783,0.3,0.888,-0.03783783783783784
179,7719,7,seed_consecutive_pairs,1,41,135,0.34121621621621623,0.3037037037037037,0.89006233956729,-0.03751251251251253
179,9917,9,seed_even_count,1,24,84,0.32094594594594594,0.2857142857142857,0.8902255639097744,-0.035231660231660245
179,9917,9,seed_even_count,2,31,108,0.32094594594594594,0.28703703703703703,0.8943469785575049,-0.03390890890890891
179,9917,9,seed_prime_count,2,29,101,0.32094594594594594,0.2871287128712871,0.8946326211568525,-0.03381723307465884
179,1179,1,seed_structure,AABC,36,119,0.33783783783783783,0.3025210084033613,0.8954621848739496,-0.035316829434476504
179,1179,1,seed_unique_count,3,36,119,0.33783783783783783,0.3025210084033613,0.8954621848739496,-0.035316829434476504
179,7719,7,seed_sum_mod3,1,37,121,0.34121621621621623,0.30578512396694213,0.8961623435070779,-0.0354310922492741
179,1179,1,seed_sum_lastdigit,8,10,33,0.33783783783783783,0.30303030303030304,0.896969696969697,-0.03480753480753479
179,1179,1,seed_vtrac_unique,2,24,79,0.33783783783783783,0.3037974683544304,0.899240506329114,-0.03404036948340744
179,7719,7,seed_high_count,2,41,133,0.34121621621621623,0.3082706766917293,0.9034467356510086,-0.03294553952448692
179,9917,9,seed_lead_band,4-6,27,93,0.32094594594594594,0.2903225806451613,0.9045840407470289,-0.030623365300784633
179,9917,9,seed_vtrac_unique,2,23,79,0.32094594594594594,0.2911392405063291,0.907128580946036,-0.029806705439616832
179,7719,7,seed_vtrac_unique,3,50,161,0.34121621621621623,0.3105590062111801,0.9101531271139536,-0.03065721000503613
179,1179,1,seed_high_count,1,20,65,0.33783783783783783,0.3076923076923077,0.9107692307692309,-0.03014553014553012
179,1179,1,seed_even_count,1,26,84,0.33783783783783783,0.30952380952380953,0.9161904761904762,-0.028314028314028294
179,7719,7,seed_sum_mod2,0,45,143,0.34121621621621623,0.3146853146853147,0.9222460707609222,-0.02653090153090154
179,7719,7,seed_even_count,3,22,69,0.34121621621621623,0.3188405797101449,0.9344238771703256,-0.022375636506071328
179,9917,9,seed_trail_band,7-9,29,96,0.32094594594594594,0.3020833333333333,0.9412280701754385,-0.018862612612612628
179,9917,9,seed_sum_lastdigit,8,10,33,0.32094594594594594,0.30303030303030304,0.9441786283891548,-0.017915642915642904
179,9917,9,seed_vtrac_unique,4,17,56,0.32094594594594594,0.30357142857142855,0.9458646616541353,-0.017374517374517395
179,1179,1,seed_sum_mod2,1,49,153,0.33783783783783783,0.3202614379084967,0.9479738562091503,-0.017576399929341124
179,1179,1,seed_prime_count,1,33,103,0.33783783783783783,0.32038834951456313,0.9483495145631069,-0.017449488323274698
179,7719,7,seed_sum_band,18-26,46,142,0.34121621621621623,0.323943661971831,0.9493794449867522,-0.01727255424438523
189,8819,8,seed_consecutive_pairs,2,8,44,0.3458646616541353,0.18181818181818182,0.5256916996047432,-0.1640464798359535
189,1189,1,seed_sum_lastdigit,7,5,25,0.3308270676691729,0.2,0.6045454545454546,-0.1308270676691729
189,8819,8,seed_spread_band,0-3,7,31,0.3458646616541353,0.22580645161290322,0.652875175315568,-0.1200582100412321
189,9918,9,seed_sum_lastdigit,5,6,26,0.3233082706766917,0.23076923076923078,0.7137745974955279,-0.09253903990746093
189,9918,9,seed_sum_lastdigit,3,7,30,0.3233082706766917,0.23333333333333334,0.7217054263565892,-0.08997493734335837
189,8819,8,seed_sum_lastdigit,6,8,32,0.3458646616541353,0.25,0.7228260869565217,-0.09586466165413532
189,8819,8,seed_even_count,2,24,95,0.3458646616541353,0.25263157894736843,0.7304347826086958,-0.09323308270676689
189,9918,9,seed_sum_lastdigit,9,6,25,0.3233082706766917,0.24,0.7423255813953489,-0.08330827067669172
189,8819,8,seed_prime_count,0,11,41,0.3458646616541353,0.2682926829268293,0.7757158006362673,-0.07757197872730603
189,8819,8,seed_sum_mod3,0,19,70,0.3458646616541353,0.2714285714285714,0.7847826086956522,-0.07443609022556391
189,9918,9,seed_sum_lastdigit,4,8,31,0.3233082706766917,0.25806451612903225,0.7981995498874719,-0.06524375454765946
189,9918,9,seed_lead_band,7-9,25,95,0.3233082706766917,0.2631578947368421,0.813953488372093,-0.06015037593984962
189,9918,9,seed_spread_band,7-9,32,119,0.3233082706766917,0.2689075630252101,0.8317373461012312,-0.05440070765148164
189,1189,1,seed_spread_band,4-6,32,116,0.3308270676691729,0.27586206896551724,0.8338557993730408,-0.054964998703655676
189,1189,1,seed_consecutive_pairs,0,26,94,0.3308270676691729,0.2765957446808511,0.8360735009671181,-0.05423132298832184
189,1189,1,seed_vtrac_unique,4,13,47,0.3308270676691729,0.2765957446808511,0.8360735009671181,-0.05423132298832184
189,9918,9,seed_structure,AABC,32,118,0.3233082706766917,0.2711864406779661,0.8387859676783603,-0.05212182999872561
189,9918,9,seed_unique_count,3,32,118,0.3233082706766917,0.2711864406779661,0.8387859676783603,-0.05212182999872561
189,9918,9,seed_prime_count,1,22,81,0.3233082706766917,0.2716049382716049,0.8400803904679873,-0.05170333240508679
189,1189,1,seed_even_count,1,19,68,0.3308270676691729,0.27941176470588236,0.8445855614973262,-0.051415302963290554
189,1189,1,seed_sum_lastdigit,9,7,25,0.3308270676691729,0.28,0.8463636363636365,-0.05082706766917289
189,9918,9,seed_even_count,3,17,62,0.3233082706766917,0.27419354838709675,0.8480870217554388,-0.04911472228959496
189,1189,1,seed_high_count,1,15,53,0.3308270676691729,0.2830188679245283,0.8554888507718696,-0.04780819974464462
189,9918,9,seed_high_count,3,20,71,0.3233082706766917,0.28169014084507044,0.8712741565673109,-0.041618129831621276
189,9918,9,seed_consecutive_pairs,0,27,94,0.3233082706766917,0.2872340425531915,0.8884215734784762,-0.036074228123500196
189,8819,8,seed_sum_mod2,0,42,136,0.3458646616541353,0.3088235294117647,0.8929028132992328,-0.0370411322423706
189,1189,1,seed_prime_count,1,24,81,0.3308270676691729,0.2962962962962963,0.8956228956228957,-0.034530771372876634
189,8819,8,seed_sum_lastdigit,0,9,29,0.3458646616541353,0.3103448275862069,0.8973013493253374,-0.03551983406792841
189,9918,9,seed_spread_band,0-3,9,31,0.3233082706766917,0.2903225806451613,0.897974493623406,-0.0329856900315304
189,1189,1,seed_lead_band,4-6,22,74,0.3308270676691729,0.2972972972972973,0.8986486486486488,-0.0335297703718756
189,9918,9,seed_sum_mod2,1,38,130,0.3233082706766917,0.2923076923076923,0.9041144901610019,-0.031000578368999387
189,8819,8,seed_prime_count,2,31,99,0.3458646616541353,0.31313131313131315,0.9053579270970576,-0.03273334852282217
189,1189,1,seed_prime_count,3,12,40,0.3308270676691729,0.3,0.9068181818181819,-0.030827067669172925
189,8819,8,seed_structure,ABCD,40,127,0.3458646616541353,0.31496062992125984,0.9106470386853818,-0.03090403173287548
189,8819,8,seed_unique_count,4,40,127,0.3458646616541353,0.31496062992125984,0.9106470386853818,-0.03090403173287548
189,8819,8,seed_repeat_digit,none,40,127,0.3458646616541353,0.31496062992125984,0.9106470386853818,-0.03090403173287548
189,9918,9,seed_sum_mod3,2,28,94,0.3233082706766917,0.2978723404255319,0.921326076199901,-0.02543593025115981
189,1189,1,seed_sum_mod3,2,29,94,0.3308270676691729,0.30851063829787234,0.9325435203094778,-0.022316429371300572
189,9918,9,seed_vtrac_unique,3,46,152,0.3233082706766917,0.3026315789473684,0.936046511627907,-0.020676691729323293
189,1189,1,seed_high_count,3,22,71,0.3308270676691729,0.30985915492957744,0.9366197183098591,-0.020967912739595473
234,2234,2,seed_sum_lastdigit,5,6,32,0.33455882352941174,0.1875,0.5604395604395604,-0.14705882352941174
234,3324,3,seed_sum_lastdigit,9,6,29,0.3088235294117647,0.20689655172413793,0.6699507389162561,-0.10192697768762679
234,3324,3,seed_prime_count,3,8,36,0.3088235294117647,0.2222222222222222,0.7195767195767195,-0.08660130718954251
234,3324,3,seed_structure,AABC,23,103,0.3088235294117647,0.22330097087378642,0.7230698104484512,-0.0855225585379783
234,3324,3,seed_unique_count,3,23,103,0.3088235294117647,0.22330097087378642,0.7230698104484512,-0.0855225585379783
234,4423,4,seed_sum_lastdigit,6,8,31,0.35661764705882354,0.25806451612903225,0.7236448287329564,-0.09855313092979129
234,2234,2,seed_sum_lastdigit,7,7,27,0.33455882352941174,0.25925925925925924,0.774928774928775,-0.0752995642701525
234,3324,3,seed_consecutive_pairs,0,21,87,0.3088235294117647,0.2413793103448276,0.7816091954022989,-0.06744421906693712
234,4423,4,seed_trail_band,0-3,30,105,0.35661764705882354,0.2857142857142857,0.8011782032400588,-0.07090336134453784
234,4423,4,seed_high_count,1,17,59,0.35661764705882354,0.288135593220339,0.8079678490302289,-0.06848205383848455
234,3324,3,seed_even_count,3,16,64,0.3088235294117647,0.25,0.8095238095238095,-0.05882352941176472
234,3324,3,seed_trail_band,7-9,20,80,0.3088235294117647,0.25,0.8095238095238095,-0.05882352941176472
234,2234,2,seed_sum_lastdigit,4,8,29,0.33455882352941174,0.27586206896551724,0.8245547555892384,-0.058696754563894504
234,3324,3,seed_spread_band,4-6,27,106,0.3088235294117647,0.25471698113207547,0.8247978436657681,-0.05410654827968925
234,3324,3,seed_sum_mod3,1,25,98,0.3088235294117647,0.25510204081632654,0.826044703595724,-0.05372148859543818
234,3324,3,seed_sum_lastdigit,1,7,27,0.3088235294117647,0.25925925925925924,0.8395061728395061,-0.049564270152505474
234,4423,4,seed_consecutive_pairs,2,12,40,0.35661764705882354,0.3,0.8412371134020618,-0.05661764705882355
234,2234,2,seed_prime_count,2,28,98,0.33455882352941174,0.2857142857142857,0.8540031397174255,-0.04884453781512604
234,3324,3,seed_prime_count,1,25,94,0.3088235294117647,0.26595744680851063,0.8611955420466059,-0.042866082603254085
234,2234,2,seed_sum_band,10-17,30,104,0.33455882352941174,0.28846153846153844,0.8622147083685545,-0.046097285067873306
234,2234,2,seed_even_count,2,28,97,0.33455882352941174,0.28865979381443296,0.8628072957969865,-0.04589902971497878
234,3324,3,seed_mirror_pairs_any,no,40,149,0.3088235294117647,0.2684563758389262,0.8692873122403323,-0.04036715357283854
234,3324,3,seed_sum_lastdigit,8,7,26,0.3088235294117647,0.2692307692307692,0.8717948717948717,-0.0395927601809955
234,2234,2,seed_mirror_pairs_any,yes,36,123,0.33455882352941174,0.2926829268292683,0.8748324845885822,-0.04187589670014347
234,2234,2,seed_high_count,2,32,108,0.33455882352941174,0.2962962962962963,0.8856328856328857,-0.03826252723311546
234,2234,2,seed_structure,ABCD,44,148,0.33455882352941174,0.2972972972972973,0.8886248886248888,-0.03726152623211443
234,2234,2,seed_unique_count,4,44,148,0.33455882352941174,0.2972972972972973,0.8886248886248888,-0.03726152623211443
234,2234,2,seed_repeat_digit,none,44,148,0.33455882352941174,0.2972972972972973,0.8886248886248888,-0.03726152623211443
234,3324,3,seed_trail_band,4-6,24,87,0.3088235294117647,0.27586206896551724,0.8932676518883415,-0.03296146044624748
234,4423,4,seed_sum_mod3,0,30,94,0.35661764705882354,0.3191489361702128,0.8949330993638956,-0.03746871088861076
234,2234,2,seed_spread_band,0-3,12,40,0.33455882352941174,0.3,0.8967032967032967,-0.03455882352941175
234,2234,2,seed_lead_band,4-6,25,83,0.33455882352941174,0.30120481927710846,0.9003045147623462,-0.03335400425230328
234,3324,3,seed_vtrac_unique,2,17,61,0.3088235294117647,0.2786885245901639,0.9024199843871974,-0.030135004821600808
234,4423,4,seed_sum_mod2,0,42,130,0.35661764705882354,0.3230769230769231,0.9059476605868358,-0.033540723981900444
234,3324,3,seed_sum_band,18-26,35,125,0.3088235294117647,0.28,0.9066666666666667,-0.028823529411764692
234,4423,4,seed_spread_band,0-3,13,40,0.35661764705882354,0.325,0.911340206185567,-0.03161764705882353
234,2234,2,seed_even_count,1,24,78,0.33455882352941174,0.3076923076923077,0.9196956889264583,-0.026866515837104032
234,4423,4,seed_lead_band,7-9,29,88,0.35661764705882354,0.32954545454545453,0.9240862230552952,-0.02707219251336901
234,3324,3,seed_sum_lastdigit,2,8,28,0.3088235294117647,0.2857142857142857,0.9251700680272108,-0.02310924369747902
234,2234,2,seed_trail_band,4-6,27,87,0.33455882352941174,0.3103448275862069,0.9276241000378932,-0.024213995943204836
235,3325,3,seed_sum_lastdigit,4,7,32,0.3381294964028777,0.21875,0.6469414893617021,-0.1193794964028777
235,3325,3,seed_high_count,1,15,68,0.3381294964028777,0.22058823529411764,0.6523779724655819,-0.11754126110876006
235,5523,5,seed_sum_lastdigit,0,6,29,0.31654676258992803,0.20689655172413793,0.6536050156739812,-0.1096502108657901
235,3325,3,seed_sum_lastdigit,9,6,27,0.3381294964028777,0.2222222222222222,0.6572104018912529,-0.1159072741806555
235,2235,2,seed_lead_band,7-9,19,81,0.34532374100719426,0.2345679012345679,0.6792695473251028,-0.11075583977262637
235,2235,2,seed_sum_lastdigit,2,7,28,0.34532374100719426,0.25,0.7239583333333333,-0.09532374100719426
235,5523,5,seed_sum_mod3,2,22,92,0.31654676258992803,0.2391304347826087,0.7554347826086958,-0.07741632780731933
235,2235,2,seed_vtrac_unique,4,15,57,0.34532374100719426,0.2631578947368421,0.7620614035087718,-0.08216584627035217
235,2235,2,seed_even_count,1,17,64,0.34532374100719426,0.265625,0.7692057291666666,-0.07969874100719426
235,3325,3,seed_lead_band,4-6,26,99,0.3381294964028777,0.26262626262626265,0.7767032022351172,-0.07550323377661505
235,3325,3,seed_spread_band,0-3,10,38,0.3381294964028777,0.2631578947368421,0.7782754759238522,-0.07497160166603561
235,5523,5,seed_even_count,2,28,111,0.31654676258992803,0.25225225225225223,0.7968877968877969,-0.0642945103376758
235,2235,2,seed_sum_lastdigit,1,8,29,0.34532374100719426,0.27586206896551724,0.7988505747126436,-0.06946167204167703
235,3325,3,seed_vtrac_unique,2,18,66,0.3381294964028777,0.2727272727272727,0.8065764023210831,-0.065402223675605
235,3325,3,seed_trail_band,0-3,30,110,0.3381294964028777,0.2727272727272727,0.8065764023210831,-0.065402223675605
235,5523,5,seed_consecutive_pairs,0,24,93,0.31654676258992803,0.25806451612903225,0.8152492668621701,-0.05848224646089578
235,5523,5,seed_trail_band,4-6,20,77,0.31654676258992803,0.2597402597402597,0.820543093270366,-0.05680650284966832
235,3325,3,seed_consecutive_pairs,2,17,61,0.3381294964028777,0.2786885245901639,0.8242064876177188,-0.059440971812713794
235,5523,5,seed_sum_mod2,0,38,144,0.31654676258992803,0.2638888888888889,0.83364898989899,-0.05265787370103914
235,3325,3,seed_prime_count,0,13,46,0.3381294964028777,0.2826086956521739,0.835800185013876,-0.055520800750703814
235,2235,2,seed_sum_mod2,1,39,134,0.34532374100719426,0.291044776119403,0.8428171641791045,-0.05427896488779127
235,5523,5,seed_vtrac_unique,3,42,155,0.31654676258992803,0.2709677419354839,0.8560117302052788,-0.045579020654444136
235,2235,2,seed_sum_mod3,0,24,81,0.34532374100719426,0.2962962962962963,0.8580246913580246,-0.04902744471089798
235,2235,2,seed_sum_lastdigit,5,8,27,0.34532374100719426,0.2962962962962963,0.8580246913580246,-0.04902744471089798
235,2235,2,seed_high_count,2,27,91,0.34532374100719426,0.2967032967032967,0.8592032967032966,-0.04862044430389756
235,2235,2,seed_spread_band,4-6,37,123,0.34532374100719426,0.3008130081300813,0.8711043360433605,-0.044510732877112935
235,2235,2,seed_prime_count,1,30,99,0.34532374100719426,0.30303030303030304,0.8775252525252525,-0.042293437976891224
235,5523,5,seed_lead_band,4-6,28,99,0.31654676258992803,0.2828282828282828,0.8934802571166208,-0.033718479761645215
235,2235,2,seed_trail_band,4-6,24,77,0.34532374100719426,0.3116883116883117,0.9025974025974025,-0.03363542931888258
235,3325,3,seed_sum_lastdigit,8,8,26,0.3381294964028777,0.3076923076923077,0.9099836333878888,-0.030437188710569996
235,2235,2,seed_sum_mod3,1,33,105,0.34532374100719426,0.3142857142857143,0.9101190476190476,-0.031038026721479983
235,2235,2,seed_even_count,3,22,70,0.34532374100719426,0.3142857142857143,0.9101190476190476,-0.031038026721479983
235,2235,2,seed_structure,AABC,39,124,0.34532374100719426,0.31451612903225806,0.9107862903225806,-0.0308076119749362
235,2235,2,seed_unique_count,3,39,124,0.34532374100719426,0.31451612903225806,0.9107862903225806,-0.0308076119749362
235,5523,5,seed_spread_band,0-3,11,38,0.31654676258992803,0.2894736842105263,0.9144736842105264,-0.027073078379401705
235,5523,5,seed_structure,AABC,36,124,0.31654676258992803,0.2903225806451613,0.9171554252199415,-0.026224181944766722
235,5523,5,seed_unique_count,3,36,124,0.31654676258992803,0.2903225806451613,0.9171554252199415,-0.026224181944766722
235,5523,5,seed_spread_band,7-9,34,117,0.31654676258992803,0.2905982905982906,0.9180264180264182,-0.025948471991637412
235,3325,3,seed_structure,ABCD,42,135,0.3381294964028777,0.3111111111111111,0.9200945626477541,-0.02701838529176659
235,3325,3,seed_unique_count,4,42,135,0.3381294964028777,0.3111111111111111,0.9200945626477541,-0.02701838529176659
236,3326,3,seed_sum_lastdigit,9,5,33,0.30996309963099633,0.15151515151515152,0.4888167388167388,-0.1584479481158448
236,2236,2,seed_sum_lastdigit,4,6,31,0.31365313653136534,0.1935483870967742,0.61707779886148,-0.12010474943459115
236,2236,2,seed_sum_lastdigit,8,5,25,0.31365313653136534,0.2,0.6376470588235293,-0.11365313653136533
236,3326,3,seed_sum_lastdigit,5,6,27,0.30996309963099633,0.2222222222222222,0.7169312169312169,-0.08774087740877412
236,3326,3,seed_spread_band,0-3,9,40,0.30996309963099633,0.225,0.7258928571428571,-0.08496309963099632
236,2236,2,seed_sum_mod3,2,22,96,0.31365313653136534,0.22916666666666666,0.7306372549019607,-0.08448646986469868
236,2236,2,seed_repeat_digit,4,6,26,0.31365313653136534,0.23076923076923078,0.7357466063348416,-0.08288390576213456
236,6623,6,seed_high_count,3,16,55,0.3763837638376384,0.2909090909090909,0.7729055258467022,-0.08547467292854749
236,2236,2,seed_trail_band,7-9,19,78,0.31365313653136534,0.24358974358974358,0.7766214177978883,-0.07006339294162175
236,2236,2,seed_prime_count,0,10,41,0.31365313653136534,0.24390243902439024,0.7776183644189383,-0.0697506975069751
236,2236,2,seed_high_count,1,17,69,0.31365313653136534,0.2463768115942029,0.7855072463768116,-0.06727632493716243
236,2236,2,seed_sum_lastdigit,3,7,28,0.31365313653136534,0.25,0.7970588235294117,-0.06365313653136534
236,3326,3,seed_lead_band,4-6,22,89,0.30996309963099633,0.24719101123595505,0.7974852862493311,-0.06277208839504128
236,3326,3,seed_even_count,3,18,72,0.30996309963099633,0.25,0.806547619047619,-0.05996309963099633
236,3326,3,seed_sum_lastdigit,2,7,27,0.30996309963099633,0.25925925925925924,0.8364197530864197,-0.050703840371737086
236,6623,6,seed_lead_band,7-9,26,82,0.3763837638376384,0.3170731707317073,0.8424198947871832,-0.059310593105931064
236,6623,6,seed_sum_mod3,0,26,81,0.3763837638376384,0.32098765432098764,0.8528201404018397,-0.05539610951665075
236,6623,6,seed_prime_count,3,9,28,0.3763837638376384,0.32142857142857145,0.8539915966386555,-0.05495519240906693
236,3326,3,seed_sum_mod3,1,25,94,0.30996309963099633,0.26595744680851063,0.8580293819655521,-0.0440056528224857
236,6623,6,seed_vtrac_unique,4,13,40,0.3763837638376384,0.325,0.8634803921568628,-0.051383763837638374
236,2236,2,seed_sum_mod2,0,38,139,0.31365313653136534,0.2733812949640288,0.8716038933559035,-0.04027184156733654
236,2236,2,seed_sum_band,10-17,31,112,0.31365313653136534,0.2767857142857143,0.8824579831932773,-0.03686742224565104
236,6623,6,seed_sum_lastdigit,2,9,27,0.3763837638376384,0.3333333333333333,0.8856209150326797,-0.04305043050430507
236,6623,6,seed_sum_lastdigit,9,11,33,0.3763837638376384,0.3333333333333333,0.8856209150326797,-0.04305043050430507
236,6623,6,seed_trail_band,0-3,37,110,0.3763837638376384,0.33636363636363636,0.8936720142602496,-0.04002012747400202
236,2236,2,seed_spread_band,7-9,34,121,0.31365313653136534,0.2809917355371901,0.8958677685950412,-0.03266140099417525
236,2236,2,seed_sum_lastdigit,0,9,32,0.31365313653136534,0.28125,0.8966911764705882,-0.03240313653136534
236,3326,3,seed_sum_mod2,1,37,132,0.30996309963099633,0.2803030303030303,0.9043109668109667,-0.029660069327966054
236,3326,3,seed_mirror_pairs_any,yes,36,128,0.30996309963099633,0.28125,0.9073660714285714,-0.02871309963099633
236,3326,3,seed_structure,AABC,38,135,0.30996309963099633,0.2814814814814815,0.9081128747795414,-0.02848161814951483
236,3326,3,seed_unique_count,3,38,135,0.30996309963099633,0.2814814814814815,0.9081128747795414,-0.02848161814951483
236,3326,3,seed_spread_band,4-6,31,110,0.30996309963099633,0.2818181818181818,0.9091991341991341,-0.02814491781281453
236,3326,3,seed_trail_band,0-3,31,110,0.30996309963099633,0.2818181818181818,0.9091991341991341,-0.02814491781281453
236,3326,3,seed_high_count,2,32,113,0.30996309963099633,0.2831858407079646,0.9136114622840286,-0.026777258923031733
236,2236,2,seed_mirror_pairs_any,no,41,143,0.31365313653136534,0.2867132867132867,0.9141094199917729,-0.02693984981807862
236,2236,2,seed_trail_band,4-6,24,83,0.31365313653136534,0.2891566265060241,0.9218993621545002,-0.024496510025341256
236,6623,6,seed_even_count,3,25,72,0.3763837638376384,0.3472222222222222,0.9225217864923747,-0.029161541615416176
236,2236,2,seed_lead_band,0-3,29,100,0.31365313653136534,0.29,0.9245882352941175,-0.02365313653136536
236,3326,3,seed_high_count,1,20,69,0.30996309963099633,0.2898550724637681,0.935127674258109,-0.020108027167228204
236,3326,3,seed_vtrac_unique,2,18,62,0.30996309963099633,0.2903225806451613,0.9366359447004609,-0.01964051898583502
237,3327,3,seed_sum_lastdigit,8,6,34,0.3311897106109325,0.17647058823529413,0.5328383780696745,-0.15471912237563837
237,7723,7,seed_sum_lastdigit,3,6,30,0.33440514469453375,0.2,0.5980769230769232,-0.13440514469453374
237,2237,2,seed_sum_lastdigit,6,7,34,0.33440514469453375,0.20588235294117646,0.6156674208144797,-0.1285227917533573
237,2237,2,seed_spread_band,0-3,8,37,0.33440514469453375,0.21621621621621623,0.6465696465696467,-0.11818892847831752
237,2237,2,seed_even_count,4,7,32,0.33440514469453375,0.21875,0.6541466346153846,-0.11565514469453375
237,7723,7,seed_sum_lastdigit,2,6,26,0.33440514469453375,0.23076923076923078,0.6900887573964498,-0.10363591392530297
237,7723,7,seed_even_count,1,20,80,0.33440514469453375,0.25,0.7475961538461539,-0.08440514469453375
237,2237,2,seed_consecutive_pairs,2,14,56,0.33440514469453375,0.25,0.7475961538461539,-0.08440514469453375
237,2237,2,seed_vtrac_unique,4,17,68,0.33440514469453375,0.25,0.7475961538461539,-0.08440514469453375
237,7723,7,seed_high_count,1,21,83,0.33440514469453375,0.25301204819277107,0.7566033364226135,-0.08139309650176269
237,2237,2,seed_trail_band,7-9,25,89,0.33440514469453375,0.2808988764044944,0.8399956784788246,-0.05350626829003935
237,3327,3,seed_prime_count,1,29,103,0.3311897106109325,0.2815533980582524,0.850127250447733,-0.049636312552680084
237,3327,3,seed_high_count,3,20,71,0.3311897106109325,0.28169014084507044,0.850540134007931,-0.04949956976586206
237,7723,7,seed_structure,AABC,39,137,0.33440514469453375,0.2846715328467153,0.8512773722627737,-0.04973361184781844
237,7723,7,seed_unique_count,3,39,137,0.33440514469453375,0.2846715328467153,0.8512773722627737,-0.04973361184781844
237,2237,2,seed_sum_lastdigit,5,8,28,0.33440514469453375,0.2857142857142857,0.8543956043956044,-0.04869085898024805
237,7723,7,seed_consecutive_pairs,1,42,147,0.33440514469453375,0.2857142857142857,0.8543956043956044,-0.04869085898024805
237,2237,2,seed_mirror_pairs_any,no,52,181,0.33440514469453375,0.287292817679558,0.8591160220994475,-0.04711232701497575
237,2237,2,seed_prime_count,3,15,51,0.33440514469453375,0.29411764705882354,0.8795248868778281,-0.04028749763571021
237,7723,7,seed_prime_count,3,15,51,0.33440514469453375,0.29411764705882354,0.8795248868778281,-0.04028749763571021
237,7723,7,seed_sum_band,10-17,41,139,0.33440514469453375,0.2949640287769784,0.8820558937465413,-0.039441115917555336
237,3327,3,seed_mirror_pairs_any,yes,38,130,0.3311897106109325,0.2923076923076923,0.8825989544436146,-0.03888201830324017
237,2237,2,seed_sum_lastdigit,9,8,27,0.33440514469453375,0.2962962962962963,0.886039886039886,-0.03810884839823747
237,3327,3,seed_sum_band,18-26,40,136,0.3311897106109325,0.29411764705882354,0.8880639634494574,-0.03707206355210896
237,7723,7,seed_sum_lastdigit,7,12,40,0.33440514469453375,0.3,0.8971153846153846,-0.03440514469453376
237,7723,7,seed_sum_mod2,1,47,156,0.33440514469453375,0.30128205128205127,0.9009492110453649,-0.033123093412482485
237,3327,3,seed_lead_band,7-9,29,97,0.3311897106109325,0.29896907216494845,0.9027124411970773,-0.03222063844598405
237,3327,3,seed_sum_lastdigit,7,12,40,0.3311897106109325,0.3,0.9058252427184466,-0.03118971061093251
237,7723,7,seed_spread_band,4-6,40,132,0.33440514469453375,0.30303030303030304,0.9061771561771562,-0.03137484166423071
237,7723,7,seed_vtrac_unique,3,55,181,0.33440514469453375,0.30386740331491713,0.9086804079898003,-0.030537741379616623
237,2237,2,seed_consecutive_pairs,0,31,102,0.33440514469453375,0.30392156862745096,0.908842383107089,-0.030483576067082796
237,7723,7,seed_vtrac_unique,2,18,59,0.33440514469453375,0.3050847457627119,0.9123207301173404,-0.029320398931821867
237,3327,3,seed_high_count,2,39,129,0.3311897106109325,0.3023255813953488,0.912847143824791,-0.028864129215583678
237,3327,3,seed_even_count,3,23,76,0.3311897106109325,0.3026315789473684,0.9137710781808891,-0.02855813166356408
237,7723,7,seed_mirror_pairs_any,yes,40,130,0.33440514469453375,0.3076923076923077,0.9201183431952663,-0.026712837002226042
237,7723,7,seed_lead_band,0-3,35,113,0.33440514469453375,0.30973451327433627,0.9262253233492171,-0.024670631420197486
237,2237,2,seed_sum_mod3,2,34,109,0.33440514469453375,0.3119266055045872,0.9327805222300636,-0.022478539189946578
237,2237,2,seed_sum_lastdigit,4,10,32,0.33440514469453375,0.3125,0.9344951923076923,-0.02190514469453375
237,3327,3,seed_spread_band,7-9,44,142,0.3311897106109325,0.30985915492957744,0.935594147408724,-0.021330555681355057
237,3327,3,seed_sum_lastdigit,0,9,29,0.3311897106109325,0.3103448275862069,0.9370605959156344,-0.02084488302472559
238,8823,8,seed_prime_count,0,11,44,0.35714285714285715,0.25,0.7,-0.10714285714285715
238,2238,2,seed_sum_lastdigit,0,7,30,0.3129251700680272,0.23333333333333334,0.7456521739130435,-0.07959183673469389
238,8823,8,seed_sum_lastdigit,1,8,29,0.35714285714285715,0.27586206896551724,0.7724137931034483,-0.08128078817733991
238,2238,2,seed_sum_lastdigit,8,9,37,0.3129251700680272,0.24324324324324326,0.7773207990599295,-0.06968192682478397
238,8823,8,seed_even_count,1,20,71,0.35714285714285715,0.28169014084507044,0.7887323943661972,-0.07545271629778671
238,3328,3,seed_vtrac_unique,2,19,73,0.3299319727891156,0.2602739726027397,0.7888716283010875,-0.06965800018637591
238,2238,2,seed_prime_count,2,24,96,0.3129251700680272,0.25,0.7989130434782609,-0.06292517006802723
238,3328,3,seed_sum_lastdigit,2,9,34,0.3299319727891156,0.2647058823529412,0.8023044269254094,-0.06522609043617444
238,3328,3,seed_spread_band,4-6,32,120,0.3299319727891156,0.26666666666666666,0.8082474226804124,-0.06326530612244896
238,2238,2,seed_even_count,2,30,118,0.3129251700680272,0.2542372881355932,0.8124539425202653,-0.058687881932434016
238,2238,2,seed_consecutive_pairs,2,14,54,0.3129251700680272,0.25925925925925924,0.8285024154589371,-0.05366591080876798
238,3328,3,seed_sum_lastdigit,5,10,36,0.3299319727891156,0.2777777777777778,0.8419243986254297,-0.052154195011337834
238,8823,8,seed_high_count,3,23,76,0.35714285714285715,0.3026315789473684,0.8473684210526315,-0.05451127819548873
238,8823,8,seed_sum_lastdigit,5,11,36,0.35714285714285715,0.3055555555555556,0.8555555555555556,-0.05158730158730157
238,3328,3,seed_high_count,2,32,113,0.3299319727891156,0.2831858407079646,0.8583158470942432,-0.046746132081151026
238,8823,8,seed_spread_band,0-3,13,42,0.35714285714285715,0.30952380952380953,0.8666666666666667,-0.047619047619047616
238,8823,8,seed_sum_mod3,2,29,93,0.35714285714285715,0.3118279569892473,0.8731182795698924,-0.04531490015360984
238,8823,8,seed_sum_mod2,1,44,141,0.35714285714285715,0.3120567375886525,0.873758865248227,-0.04508611955420466
238,3328,3,seed_prime_count,1,30,104,0.3299319727891156,0.28846153846153844,0.8743061062648692,-0.04147043432757719
238,8823,8,seed_consecutive_pairs,1,42,134,0.35714285714285715,0.31343283582089554,0.8776119402985075,-0.04371002132196161
238,3328,3,seed_sum_lastdigit,7,9,31,0.3299319727891156,0.2903225806451613,0.8799467908214168,-0.039609392143954314
238,8823,8,seed_high_count,1,22,70,0.35714285714285715,0.3142857142857143,0.88,-0.04285714285714287
238,3328,3,seed_sum_mod3,1,26,89,0.3299319727891156,0.29213483146067415,0.8854395922622496,-0.037797141328441475
238,2238,2,seed_sum_band,18-26,38,136,0.3129251700680272,0.27941176470588236,0.8929028132992327,-0.033513405362144866
238,8823,8,seed_sum_band,10-17,40,125,0.35714285714285715,0.32,0.896,-0.037142857142857144
238,3328,3,seed_consecutive_pairs,0,29,98,0.3299319727891156,0.29591836734693877,0.8969072164948454,-0.03401360544217685
238,2238,2,seed_trail_band,4-6,25,89,0.3129251700680272,0.2808988764044944,0.8976551050317538,-0.03202629366353282
238,2238,2,seed_sum_mod2,0,43,153,0.3129251700680272,0.28104575163398693,0.8981244671781756,-0.031879418434040296
238,3328,3,seed_mirror_pairs_any,yes,43,145,0.3299319727891156,0.296551724137931,0.8988268752221827,-0.03338024865118461
238,3328,3,seed_lead_band,4-6,24,80,0.3299319727891156,0.3,0.9092783505154639,-0.029931972789115635
238,8823,8,seed_spread_band,7-9,43,132,0.35714285714285715,0.32575757575757575,0.9121212121212121,-0.031385281385281405
238,2238,2,seed_spread_band,0-3,12,42,0.3129251700680272,0.2857142857142857,0.9130434782608695,-0.027210884353741527
238,8823,8,seed_vtrac_unique,4,18,55,0.35714285714285715,0.32727272727272727,0.9163636363636364,-0.02987012987012988
238,2238,2,seed_trail_band,7-9,23,80,0.3129251700680272,0.2875,0.9187499999999998,-0.025425170068027247
238,3328,3,seed_sum_band,10-17,38,125,0.3299319727891156,0.304,0.9214020618556702,-0.02593197278911563
238,3328,3,seed_trail_band,0-3,38,125,0.3299319727891156,0.304,0.9214020618556702,-0.02593197278911563
238,2238,2,seed_mirror_pairs_any,no,43,149,0.3129251700680272,0.28859060402684567,0.9222351911292677,-0.02433456604118156
238,8823,8,seed_structure,AABC,43,130,0.35714285714285715,0.33076923076923076,0.9261538461538461,-0.02637362637362639
238,8823,8,seed_unique_count,3,43,130,0.35714285714285715,0.33076923076923076,0.9261538461538461,-0.02637362637362639
238,2238,2,seed_sum_lastdigit,2,10,34,0.3129251700680272,0.29411764705882354,0.9398976982097187,-0.018807523009203686
239,3329,3,seed_prime_count,3,7,37,0.33,0.1891891891891892,0.5733005733005733,-0.14081081081081082
239,3329,3,seed_sum_lastdigit,6,7,36,0.33,0.19444444444444445,0.5892255892255892,-0.13555555555555557
239,2239,2,seed_sum_lastdigit,0,7,28,0.36333333333333334,0.25,0.6880733944954128,-0.11333333333333334
239,3329,3,seed_high_count,1,18,79,0.33,0.22784810126582278,0.6904487917146145,-0.10215189873417724
239,2239,2,seed_vtrac_unique,4,17,66,0.36333333333333334,0.25757575757575757,0.7089241034195163,-0.10575757575757577
239,2239,2,seed_sum_lastdigit,3,8,31,0.36333333333333334,0.25806451612903225,0.7102693104468777,-0.10526881720430109
239,3329,3,seed_vtrac_unique,2,14,59,0.33,0.23728813559322035,0.7190549563430919,-0.09271186440677967
239,9923,9,seed_consecutive_pairs,1,31,135,0.30666666666666664,0.22962962962962963,0.7487922705314011,-0.07703703703703701
239,3329,3,seed_lead_band,0-3,31,123,0.33,0.25203252032520324,0.7637349100763734,-0.07796747967479678
239,9923,9,seed_high_count,3,18,76,0.30666666666666664,0.23684210526315788,0.7723112128146453,-0.06982456140350876
239,9923,9,seed_sum_band,18-26,34,142,0.30666666666666664,0.23943661971830985,0.7807715860379669,-0.0672300469483568
239,3329,3,seed_sum_lastdigit,5,8,31,0.33,0.25806451612903225,0.7820136852394917,-0.07193548387096776
239,9923,9,seed_sum_mod3,0,26,104,0.30666666666666664,0.25,0.8152173913043479,-0.05666666666666664
239,9923,9,seed_trail_band,7-9,22,87,0.30666666666666664,0.25287356321839083,0.8245877061469267,-0.053793103448275814
239,9923,9,seed_spread_band,0-3,10,39,0.30666666666666664,0.2564102564102564,0.8361204013377926,-0.050256410256410255
239,2239,2,seed_sum_mod3,1,31,102,0.36333333333333334,0.30392156862745096,0.836481381543443,-0.059411764705882386
239,9923,9,seed_high_count,2,28,109,0.30666666666666664,0.25688073394495414,0.8376545672118071,-0.0497859327217125
239,9923,9,seed_even_count,3,18,70,0.30666666666666664,0.2571428571428571,0.8385093167701864,-0.049523809523809526
239,2239,2,seed_prime_count,1,33,108,0.36333333333333334,0.3055555555555556,0.8409785932721713,-0.05777777777777776
239,9923,9,seed_sum_lastdigit,5,8,31,0.30666666666666664,0.25806451612903225,0.841514726507714,-0.04860215053763439
239,9923,9,seed_sum_lastdigit,8,7,27,0.30666666666666664,0.25925925925925924,0.8454106280193237,-0.0474074074074074
239,2239,2,seed_lead_band,7-9,27,87,0.36333333333333334,0.3103448275862069,0.85416007592534,-0.052988505747126435
239,2239,2,seed_consecutive_pairs,2,21,67,0.36333333333333334,0.31343283582089554,0.8626591811584281,-0.0499004975124378
239,3329,3,seed_trail_band,0-3,39,135,0.33,0.28888888888888886,0.8754208754208753,-0.041111111111111154
239,3329,3,seed_structure,AABC,33,114,0.33,0.2894736842105263,0.8771929824561403,-0.04052631578947369
239,3329,3,seed_unique_count,3,33,114,0.33,0.2894736842105263,0.8771929824561403,-0.04052631578947369
239,2239,2,seed_consecutive_pairs,0,30,94,0.36333333333333334,0.3191489361702128,0.8783915674409526,-0.04418439716312056
239,3329,3,seed_sum_lastdigit,9,9,31,0.33,0.2903225806451613,0.8797653958944281,-0.039677419354838706
239,3329,3,seed_spread_band,4-6,37,127,0.33,0.29133858267716534,0.882844189930804,-0.03866141732283468
239,2239,2,seed_spread_band,7-9,43,134,0.36333333333333334,0.3208955223880597,0.8831986854717239,-0.04243781094527366
239,9923,9,seed_sum_lastdigit,4,9,33,0.30666666666666664,0.2727272727272727,0.8893280632411067,-0.033939393939393936
239,2239,2,seed_sum_lastdigit,2,11,34,0.36333333333333334,0.3235294117647059,0.8904479222881814,-0.03980392156862744
239,3329,3,seed_sum_band,10-17,36,122,0.33,0.29508196721311475,0.894187779433681,-0.03491803278688527
239,3329,3,seed_mirror_pairs_any,yes,40,135,0.33,0.2962962962962963,0.8978675645342311,-0.033703703703703736
239,2239,2,seed_mirror_pairs_any,no,54,165,0.36333333333333334,0.32727272727272727,0.9007506255212677,-0.03606060606060607
239,2239,2,seed_sum_band,10-17,40,122,0.36333333333333334,0.32786885245901637,0.9023913370431643,-0.03546448087431697
239,2239,2,seed_high_count,1,26,79,0.36333333333333334,0.3291139240506329,0.9058181395888978,-0.03421940928270045
239,2239,2,seed_structure,ABCD,55,166,0.36333333333333334,0.3313253012048193,0.9119044987288604,-0.03200803212851405
239,2239,2,seed_unique_count,4,55,166,0.36333333333333334,0.3313253012048193,0.9119044987288604,-0.03200803212851405
239,2239,2,seed_repeat_digit,none,55,166,0.36333333333333334,0.3313253012048193,0.9119044987288604,-0.03200803212851405
245,2245,2,seed_even_count,4,5,25,0.3576158940397351,0.2,0.5592592592592593,-0.15761589403973508
245,5524,5,seed_even_count,4,5,25,0.33774834437086093,0.2,0.592156862745098,-0.13774834437086092
245,2245,2,seed_prime_count,0,8,36,0.3576158940397351,0.2222222222222222,0.6213991769547325,-0.13539367181751288
245,2245,2,seed_sum_lastdigit,4,6,26,0.3576158940397351,0.23076923076923078,0.6452991452991453,-0.1268466632705043
245,5524,5,seed_prime_count,3,10,43,0.33774834437086093,0.23255813953488372,0.6885544915640675,-0.10519020483597721
245,2245,2,seed_trail_band,7-9,23,86,0.3576158940397351,0.26744186046511625,0.7478466838931954,-0.09017403357461884
245,4425,4,seed_trail_band,4-6,21,92,0.304635761589404,0.22826086956521738,0.7492911153119092,-0.0763748920241866
245,2245,2,seed_sum_lastdigit,9,10,35,0.3576158940397351,0.2857142857142857,0.798941798941799,-0.0719016083254494
245,2245,2,seed_sum_lastdigit,0,9,31,0.3576158940397351,0.2903225806451613,0.8118279569892474,-0.06729331339457378
245,5524,5,seed_structure,AABC,35,127,0.33774834437086093,0.2755905511811024,0.8159641809479697,-0.06215779318975856
245,5524,5,seed_unique_count,3,35,127,0.33774834437086093,0.2755905511811024,0.8159641809479697,-0.06215779318975856
245,4425,4,seed_even_count,2,28,112,0.304635761589404,0.25,0.8206521739130435,-0.054635761589403975
245,2245,2,seed_high_count,2,38,128,0.3576158940397351,0.296875,0.830150462962963,-0.060740894039735094
245,5524,5,seed_spread_band,4-6,38,135,0.33774834437086093,0.2814814814814815,0.8334059549745825,-0.05626686288937943
245,4425,4,seed_prime_count,2,25,98,0.304635761589404,0.25510204081632654,0.8374001774622892,-0.04953372077307744
245,4425,4,seed_lead_band,7-9,20,78,0.304635761589404,0.2564102564102564,0.8416945373467112,-0.04822550517914759
245,5524,5,seed_sum_lastdigit,7,8,28,0.33774834437086093,0.2857142857142857,0.84593837535014,-0.05203405865657523
245,5524,5,seed_sum_lastdigit,8,10,35,0.33774834437086093,0.2857142857142857,0.84593837535014,-0.05203405865657523
245,5524,5,seed_high_count,3,16,56,0.33774834437086093,0.2857142857142857,0.84593837535014,-0.05203405865657523
245,5524,5,seed_consecutive_pairs,0,30,105,0.33774834437086093,0.2857142857142857,0.84593837535014,-0.05203405865657523
245,4425,4,seed_sum_lastdigit,6,8,31,0.304635761589404,0.25806451612903225,0.847124824684432,-0.046571245460371724
245,4425,4,seed_consecutive_pairs,2,14,54,0.304635761589404,0.25925925925925924,0.8510466988727857,-0.04537650233014473
245,4425,4,seed_even_count,3,20,77,0.304635761589404,0.2597402597402597,0.8526256352343308,-0.04489550184914426
245,5524,5,seed_sum_lastdigit,2,10,34,0.33774834437086093,0.29411764705882354,0.8708189158016147,-0.04363069731203739
245,4425,4,seed_sum_mod2,1,39,145,0.304635761589404,0.2689655172413793,0.8829085457271364,-0.03567024434802468
245,4425,4,seed_spread_band,0-3,10,37,0.304635761589404,0.2702702702702703,0.8871915393654525,-0.03436549131913369
245,5524,5,seed_high_count,1,25,83,0.33774834437086093,0.30120481927710846,0.8918025041341838,-0.03654352509375247
245,5524,5,seed_vtrac_unique,2,16,53,0.33774834437086093,0.3018867924528302,0.8938216796152423,-0.035861551918030754
245,4425,4,seed_consecutive_pairs,1,38,139,0.304635761589404,0.2733812949640288,0.8974038160775728,-0.03125446662537518
245,2245,2,seed_sum_lastdigit,7,9,28,0.3576158940397351,0.32142857142857145,0.8988095238095238,-0.03618732261116364
245,4425,4,seed_mirror_pairs_any,yes,38,137,0.304635761589404,0.2773722627737226,0.9105046017137417,-0.027263498815681353
245,4425,4,seed_even_count,1,19,68,0.304635761589404,0.27941176470588236,0.9171994884910486,-0.025223996883521616
245,2245,2,seed_spread_band,7-9,43,130,0.3576158940397351,0.33076923076923076,0.9249287749287749,-0.026846663270504334
245,4425,4,seed_sum_mod3,0,31,110,0.304635761589404,0.2818181818181818,0.925098814229249,-0.022817579771222174
245,4425,4,seed_structure,ABCD,44,155,0.304635761589404,0.2838709677419355,0.9318373071528752,-0.020764793847468488
245,4425,4,seed_unique_count,4,44,155,0.304635761589404,0.2838709677419355,0.9318373071528752,-0.020764793847468488
245,4425,4,seed_repeat_digit,none,44,155,0.304635761589404,0.2838709677419355,0.9318373071528752,-0.020764793847468488
245,2245,2,seed_consecutive_pairs,0,35,105,0.3576158940397351,0.3333333333333333,0.9320987654320987,-0.02428256070640178
245,4425,4,seed_spread_band,7-9,37,130,0.304635761589404,0.2846153846153846,0.9342809364548494,-0.02002037697401937
245,4425,4,seed_sum_lastdigit,8,10,35,0.304635761589404,0.2857142857142857,0.937888198757764,-0.018921475875118277
246,4426,4,seed_sum_lastdigit,1,5,28,0.34576271186440677,0.17857142857142858,0.5164565826330533,-0.1671912832929782
246,4426,4,seed_sum_lastdigit,3,5,26,0.34576271186440677,0.19230769230769232,0.556184012066365,-0.15345501955671445
246,6624,6,seed_prime_count,0,8,46,0.30847457627118646,0.17391304347826086,0.5637840420449115,-0.1345615327929256
246,6624,6,seed_sum_lastdigit,0,5,28,0.30847457627118646,0.17857142857142858,0.5788854003139717,-0.1299031476997579
246,2246,2,seed_sum_lastdigit,2,6,29,0.34576271186440677,0.20689655172413793,0.5983772819472617,-0.13886616014026884
246,2246,2,seed_vtrac_unique,4,13,62,0.34576271186440677,0.20967741935483872,0.6064199873497786,-0.13608529250956805
246,6624,6,seed_sum_lastdigit,6,7,37,0.30847457627118646,0.1891891891891892,0.6133056133056133,-0.11928538708199726
246,2246,2,seed_sum_lastdigit,5,6,27,0.34576271186440677,0.2222222222222222,0.6427015250544662,-0.12354048964218456
246,2246,2,seed_sum_lastdigit,8,9,38,0.34576271186440677,0.23684210526315788,0.684984520123839,-0.10892060660124889
246,6624,6,seed_vtrac_unique,3,37,168,0.30847457627118646,0.22023809523809523,0.7139586603872318,-0.08823648103309123
246,6624,6,seed_even_count,4,8,36,0.30847457627118646,0.2222222222222222,0.7203907203907203,-0.08625235404896425
246,6624,6,seed_prime_count,3,9,40,0.30847457627118646,0.225,0.7293956043956044,-0.08347457627118646
246,4426,4,seed_even_count,3,20,77,0.34576271186440677,0.2597402597402597,0.7512095747389864,-0.08602245212414705
246,6624,6,seed_sum_lastdigit,7,7,30,0.30847457627118646,0.23333333333333334,0.7564102564102564,-0.07514124293785313
246,4426,4,seed_sum_lastdigit,7,8,30,0.34576271186440677,0.26666666666666666,0.7712418300653595,-0.0790960451977401
246,4426,4,seed_sum_mod2,1,35,130,0.34576271186440677,0.2692307692307692,0.778657616892911,-0.07653194263363755
246,4426,4,seed_vtrac_unique,2,18,64,0.34576271186440677,0.28125,0.8134191176470589,-0.06451271186440677
246,2246,2,seed_trail_band,4-6,24,85,0.34576271186440677,0.2823529411764706,0.8166089965397924,-0.06340977068793618
246,4426,4,seed_even_count,1,15,53,0.34576271186440677,0.2830188679245283,0.818534961154273,-0.06274384393987847
246,2246,2,seed_prime_count,1,29,100,0.34576271186440677,0.29,0.8387254901960784,-0.05576271186440679
246,4426,4,seed_lead_band,0-3,34,115,0.34576271186440677,0.2956521739130435,0.855072463768116,-0.050110537951363276
246,2246,2,seed_consecutive_pairs,0,30,100,0.34576271186440677,0.3,0.8676470588235294,-0.04576271186440678
246,4426,4,seed_consecutive_pairs,1,40,133,0.34576271186440677,0.3007518796992481,0.8698216128556686,-0.045010832165158665
246,4426,4,seed_sum_mod3,0,25,83,0.34576271186440677,0.30120481927710846,0.8711315851641862,-0.04455789258729831
246,4426,4,seed_sum_lastdigit,4,10,33,0.34576271186440677,0.30303030303030304,0.8764111705288177,-0.04273240883410373
246,2246,2,seed_consecutive_pairs,2,17,56,0.34576271186440677,0.30357142857142855,0.8779761904761905,-0.04219128329297822
246,2246,2,seed_even_count,4,11,36,0.34576271186440677,0.3055555555555556,0.8837145969498912,-0.04020715630885119
246,6624,6,seed_spread_band,0-3,9,33,0.30847457627118646,0.2727272727272727,0.884115884115884,-0.035747303543913755
246,4426,4,seed_trail_band,0-3,39,127,0.34576271186440677,0.30708661417322836,0.8881426586382585,-0.03867609769117841
246,2246,2,seed_sum_band,0-9,8,26,0.34576271186440677,0.3076923076923077,0.8898944193061841,-0.03807040417209906
246,4426,4,seed_sum_band,0-9,8,26,0.34576271186440677,0.3076923076923077,0.8898944193061841,-0.03807040417209906
246,4426,4,seed_sum_band,10-17,39,126,0.34576271186440677,0.30952380952380953,0.8951914098972923,-0.036238902340597234
246,4426,4,seed_prime_count,1,31,100,0.34576271186440677,0.31,0.8965686274509804,-0.03576271186440677
246,6624,6,seed_trail_band,7-9,23,83,0.30847457627118646,0.27710843373493976,0.8983185489209585,-0.0313661425362467
246,6624,6,seed_sum_mod3,2,30,108,0.30847457627118646,0.2777777777777778,0.9004884004884005,-0.030696798493408672
246,6624,6,seed_sum_mod2,0,46,165,0.30847457627118646,0.2787878787878788,0.9037629037629038,-0.029686697483307656
246,2246,2,seed_vtrac_unique,2,20,64,0.34576271186440677,0.3125,0.9037990196078431,-0.03326271186440677
246,4426,4,seed_high_count,3,21,67,0.34576271186440677,0.31343283582089554,0.9064969271290606,-0.03232987604351123
246,2246,2,seed_sum_band,18-26,40,127,0.34576271186440677,0.31496062992125984,0.9109155473212908,-0.03080208194314693
246,2246,2,seed_sum_mod2,0,52,165,0.34576271186440677,0.3151515151515151,0.9114676173499703,-0.030611196712891642
247,2247,2,seed_sum_lastdigit,7,5,27,0.3527397260273973,0.18518518518518517,0.5249910104279035,-0.1675545408422121
247,4427,4,seed_consecutive_pairs,2,11,61,0.3287671232876712,0.18032786885245902,0.5484972677595629,-0.1484392544352122
247,7724,7,seed_prime_count,0,8,42,0.3184931506849315,0.19047619047619047,0.5980542754736303,-0.12801696020874104
247,7724,7,seed_sum_lastdigit,4,5,26,0.3184931506849315,0.19230769230769232,0.6038047973531845,-0.12618545837723918
247,7724,7,seed_high_count,3,15,68,0.3184931506849315,0.22058823529411764,0.6925996204933587,-0.09790491539081386
247,2247,2,seed_sum_lastdigit,9,8,32,0.3527397260273973,0.25,0.7087378640776698,-0.10273972602739728
247,7724,7,seed_sum_lastdigit,1,6,26,0.3184931506849315,0.23076923076923078,0.7245657568238214,-0.08772391991570072
247,4427,4,seed_prime_count,3,8,32,0.3287671232876712,0.25,0.7604166666666667,-0.07876712328767121
247,7724,7,seed_sum_mod3,2,20,81,0.3184931506849315,0.24691358024691357,0.7752555422806319,-0.07157957043801794
247,4427,4,seed_sum_mod3,0,26,101,0.3287671232876712,0.25742574257425743,0.7830033003300331,-0.07134138071341378
247,4427,4,seed_sum_lastdigit,8,8,30,0.3287671232876712,0.26666666666666666,0.8111111111111111,-0.06210045662100455
247,2247,2,seed_consecutive_pairs,1,41,142,0.3527397260273973,0.2887323943661972,0.8185423218925201,-0.0640073316612001
247,4427,4,seed_sum_lastdigit,4,7,26,0.3287671232876712,0.2692307692307692,0.8189102564102564,-0.059536354056902
247,7724,7,seed_sum_lastdigit,2,10,38,0.3184931506849315,0.2631578947368421,0.8262591963780418,-0.05533525594808941
247,2247,2,seed_lead_band,7-9,25,85,0.3527397260273973,0.29411764705882354,0.8338092518560822,-0.05862207896857374
247,4427,4,seed_spread_band,4-6,35,127,0.3287671232876712,0.2755905511811024,0.838254593175853,-0.05317657210656884
247,2247,2,seed_sum_lastdigit,8,9,30,0.3527397260273973,0.3,0.8504854368932038,-0.05273972602739729
247,4427,4,seed_sum_lastdigit,3,9,32,0.3287671232876712,0.28125,0.85546875,-0.047517123287671215
247,4427,4,seed_prime_count,2,31,110,0.3287671232876712,0.2818181818181818,0.8571969696969697,-0.046948941469489414
247,7724,7,seed_vtrac_unique,4,14,51,0.3184931506849315,0.27450980392156865,0.8619017499472909,-0.04398334676336285
247,7724,7,seed_lead_band,4-6,24,87,0.3184931506849315,0.27586206896551724,0.8661475713756025,-0.042631081719414265
247,2247,2,seed_spread_band,7-9,41,134,0.3527397260273973,0.30597014925373134,0.8674105202144616,-0.046769576773665944
247,4427,4,seed_high_count,1,23,80,0.3287671232876712,0.2875,0.8744791666666667,-0.04126712328767124
247,2247,2,seed_sum_mod3,1,34,110,0.3527397260273973,0.3090909090909091,0.8762577228596645,-0.0436488169364882
247,2247,2,seed_prime_count,3,10,32,0.3527397260273973,0.3125,0.8859223300970873,-0.04023972602739728
247,4427,4,seed_sum_mod2,0,42,143,0.3287671232876712,0.2937062937062937,0.8933566433566433,-0.03506082958137752
247,2247,2,seed_even_count,3,24,76,0.3527397260273973,0.3157894736842105,0.8952478283086356,-0.036950252343186774
247,2247,2,seed_prime_count,1,33,104,0.3527397260273973,0.3173076923076923,0.8995519044062732,-0.03543203371970499
247,2247,2,seed_structure,AABC,40,126,0.3527397260273973,0.31746031746031744,0.8999845893049776,-0.03527940856707984
247,2247,2,seed_unique_count,3,40,126,0.3527397260273973,0.31746031746031744,0.8999845893049776,-0.03527940856707984
247,7724,7,seed_even_count,1,21,73,0.3184931506849315,0.2876712328767123,0.9032258064516129,-0.03082191780821919
247,7724,7,seed_vtrac_unique,2,17,59,0.3184931506849315,0.288135593220339,0.9046837980681611,-0.03035755746459251
247,4427,4,seed_trail_band,4-6,23,77,0.3287671232876712,0.2987012987012987,0.9085497835497836,-0.030065824586372525
247,4427,4,seed_even_count,2,32,107,0.3287671232876712,0.29906542056074764,0.9096573208722741,-0.029701702726923573
247,2247,2,seed_high_count,2,36,112,0.3527397260273973,0.32142857142857145,0.9112343966712899,-0.03131115459882583
247,2247,2,seed_sum_mod2,1,48,149,0.3527397260273973,0.3221476510067114,0.913272952368541,-0.030592075020685894
247,2247,2,seed_spread_band,0-3,10,31,0.3527397260273973,0.3225806451612903,0.9145004697776385,-0.03015908086610697
247,2247,2,seed_trail_band,0-3,42,130,0.3527397260273973,0.3230769230769231,0.9159073935772964,-0.029662802950474187
247,7724,7,seed_trail_band,7-9,25,85,0.3184931506849315,0.29411764705882354,0.9234661606578115,-0.024375503626107964
247,2247,2,seed_mirror_pairs_any,yes,47,143,0.3527397260273973,0.32867132867132864,0.9317672618643491,-0.024068397356068638
248,8824,8,seed_prime_count,0,6,37,0.3104575163398693,0.16216216216216217,0.5223328591749644,-0.14829535417770712
248,8824,8,seed_sum_lastdigit,7,5,26,0.3104575163398693,0.19230769230769232,0.6194331983805669,-0.11814982403217697
248,8824,8,seed_sum_lastdigit,6,7,35,0.3104575163398693,0.2,0.6442105263157895,-0.11045751633986928
248,2248,2,seed_prime_count,3,13,55,0.35947712418300654,0.23636363636363636,0.6575206611570248,-0.12311348781937018
248,8824,8,seed_sum_lastdigit,4,7,34,0.3104575163398693,0.20588235294117646,0.6631578947368421,-0.10457516339869283
248,4428,4,seed_spread_band,0-3,9,41,0.3300653594771242,0.21951219512195122,0.6650567495773968,-0.11055316435517296
248,8824,8,seed_vtrac_unique,4,12,58,0.3104575163398693,0.20689655172413793,0.6664246823956442,-0.10356096461573136
248,8824,8,seed_sum_mod3,2,23,105,0.3104575163398693,0.21904761904761905,0.7055639097744361,-0.09140989729225024
248,4428,4,seed_sum_lastdigit,0,8,32,0.3300653594771242,0.25,0.7574257425742574,-0.08006535947712418
248,4428,4,seed_sum_lastdigit,1,9,36,0.3300653594771242,0.25,0.7574257425742574,-0.08006535947712418
248,2248,2,seed_sum_lastdigit,3,11,39,0.35947712418300654,0.28205128205128205,0.7846153846153846,-0.07742584213172449
248,4428,4,seed_sum_band,18-26,39,146,0.3300653594771242,0.2671232876712329,0.8093042180930422,-0.06294207180589129
248,4428,4,seed_sum_lastdigit,8,7,26,0.3300653594771242,0.2692307692307692,0.8156892612338157,-0.06083459024635496
248,2248,2,seed_sum_lastdigit,4,10,34,0.35947712418300654,0.29411764705882354,0.8181818181818182,-0.065359477124183
248,2248,2,seed_high_count,1,23,78,0.35947712418300654,0.2948717948717949,0.8202797202797203,-0.06460532931121166
248,8824,8,seed_sum_band,10-17,34,133,0.3104575163398693,0.2556390977443609,0.8234269885239414,-0.0548184185955084
248,4428,4,seed_lead_band,7-9,26,94,0.3300653594771242,0.2765957446808511,0.8380029492310934,-0.0534696147962731
248,4428,4,seed_trail_band,7-9,23,83,0.3300653594771242,0.27710843373493976,0.8395562447811047,-0.05295692574218441
248,2248,2,seed_sum_lastdigit,8,8,26,0.35947712418300654,0.3076923076923077,0.855944055944056,-0.051784816490698826
248,4428,4,seed_even_count,3,26,92,0.3300653594771242,0.2826086956521739,0.8562204046491605,-0.047456663824950285
248,2248,2,seed_consecutive_pairs,2,14,45,0.35947712418300654,0.3111111111111111,0.8654545454545455,-0.04836601307189542
248,4428,4,seed_prime_count,2,26,91,0.3300653594771242,0.2857142857142857,0.8656294200848657,-0.04435107376283848
248,2248,2,seed_sum_lastdigit,5,10,32,0.35947712418300654,0.3125,0.8693181818181818,-0.046977124183006536
248,8824,8,seed_structure,AABC,35,129,0.3104575163398693,0.2713178294573643,0.8739290085679314,-0.039139686882504965
248,8824,8,seed_unique_count,3,35,129,0.3104575163398693,0.2713178294573643,0.8739290085679314,-0.039139686882504965
248,8824,8,seed_spread_band,4-6,34,125,0.3104575163398693,0.272,0.8761263157894738,-0.03845751633986927
248,4428,4,seed_sum_mod3,0,30,103,0.3300653594771242,0.2912621359223301,0.8824377583389407,-0.0388032235547941
248,2248,2,seed_mirror_pairs_any,yes,47,148,0.35947712418300654,0.31756756756756754,0.8834152334152333,-0.04190955661543899
248,4428,4,seed_consecutive_pairs,0,31,106,0.3300653594771242,0.29245283018867924,0.8860452082944144,-0.03761252928844494
248,2248,2,seed_prime_count,2,29,91,0.35947712418300654,0.31868131868131866,0.8865134865134865,-0.040795805501687876
248,8824,8,seed_lead_band,4-6,24,87,0.3104575163398693,0.27586206896551724,0.8885662431941923,-0.03459544737435205
248,2248,2,seed_lead_band,0-3,40,125,0.35947712418300654,0.32,0.8901818181818182,-0.03947712418300653
248,2248,2,seed_trail_band,4-6,30,93,0.35947712418300654,0.3225806451612903,0.8973607038123167,-0.03689647902171622
248,8824,8,seed_high_count,1,22,78,0.3104575163398693,0.28205128205128205,0.908502024291498,-0.02840623428858724
248,4428,4,seed_prime_count,1,33,110,0.3300653594771242,0.3,0.9089108910891089,-0.030065359477124187
248,2248,2,seed_vtrac_unique,2,23,70,0.35947712418300654,0.32857142857142857,0.9140259740259741,-0.030905695611577966
248,8824,8,seed_mirror_pairs_any,no,45,158,0.3104575163398693,0.2848101265822785,0.9173884077281812,-0.02564738975759079
248,2248,2,seed_sum_mod3,0,34,103,0.35947712418300654,0.3300970873786408,0.9182700794351281,-0.02938003680436574
248,2248,2,seed_sum_band,10-17,44,133,0.35947712418300654,0.3308270676691729,0.9203007518796992,-0.02865005651383362
248,2248,2,seed_structure,ABCD,52,157,0.35947712418300654,0.33121019108280253,0.9213665315576143,-0.028266933100204006
249,9924,9,seed_even_count,4,5,25,0.3401360544217687,0.2,0.5880000000000001,-0.14013605442176869
249,2249,2,seed_sum_lastdigit,3,5,27,0.30612244897959184,0.18518518518518517,0.6049382716049382,-0.12093726379440667
249,9924,9,seed_sum_lastdigit,2,6,29,0.3401360544217687,0.20689655172413793,0.6082758620689656,-0.13323950269763077
249,2249,2,seed_sum_lastdigit,5,5,26,0.30612244897959184,0.19230769230769232,0.6282051282051282,-0.11381475667189953
249,9924,9,seed_prime_count,3,9,42,0.3401360544217687,0.21428571428571427,0.63,-0.12585034013605442
249,2249,2,seed_lead_band,4-6,19,93,0.30612244897959184,0.20430107526881722,0.6673835125448029,-0.10182137371077463
249,4429,4,seed_consecutive_pairs,2,12,50,0.35374149659863946,0.24,0.6784615384615384,-0.11374149659863947
249,9924,9,seed_sum_lastdigit,7,6,26,0.3401360544217687,0.23076923076923078,0.6784615384615386,-0.10936682365253791
249,2249,2,seed_high_count,3,12,55,0.30612244897959184,0.21818181818181817,0.7127272727272727,-0.08794063079777367
249,9924,9,seed_sum_lastdigit,0,9,37,0.3401360544217687,0.24324324324324326,0.7151351351351352,-0.09689281117852544
249,4429,4,seed_sum_lastdigit,3,7,27,0.35374149659863946,0.25925925925925924,0.7329059829059829,-0.09448223733938022
249,9924,9,seed_sum_lastdigit,4,9,36,0.3401360544217687,0.25,0.735,-0.0901360544217687
249,9924,9,seed_consecutive_pairs,0,27,102,0.3401360544217687,0.2647058823529412,0.7782352941176471,-0.07543017206882752
249,4429,4,seed_lead_band,7-9,24,87,0.35374149659863946,0.27586206896551724,0.7798408488063661,-0.07787942763312222
249,9924,9,seed_vtrac_unique,4,15,56,0.3401360544217687,0.26785714285714285,0.7875,-0.07227891156462585
249,4429,4,seed_sum_lastdigit,8,7,25,0.35374149659863946,0.28,0.7915384615384616,-0.07374149659863943
249,4429,4,seed_sum_lastdigit,9,12,42,0.35374149659863946,0.2857142857142857,0.8076923076923076,-0.06802721088435376
249,9924,9,seed_sum_mod2,0,43,154,0.3401360544217687,0.2792207792207792,0.8209090909090909,-0.060915275200989494
249,9924,9,seed_mirror_pairs_any,no,45,161,0.3401360544217687,0.2795031055900621,0.8217391304347825,-0.06063294883170661
249,4429,4,seed_mirror_pairs_any,yes,39,133,0.35374149659863946,0.2932330827067669,0.8289473684210525,-0.06050841389187256
249,2249,2,seed_even_count,3,16,63,0.30612244897959184,0.25396825396825395,0.8296296296296296,-0.05215419501133789
249,2249,2,seed_spread_band,0-3,12,47,0.30612244897959184,0.2553191489361702,0.8340425531914892,-0.05080330004342165
249,2249,2,seed_consecutive_pairs,1,34,133,0.30612244897959184,0.2556390977443609,0.8350877192982455,-0.050483351235230955
249,4429,4,seed_sum_lastdigit,6,8,27,0.35374149659863946,0.2962962962962963,0.8376068376068375,-0.05744520030234318
249,4429,4,seed_prime_count,2,30,101,0.35374149659863946,0.297029702970297,0.8396801218583396,-0.056711793628342444
249,2249,2,seed_prime_count,3,11,42,0.30612244897959184,0.2619047619047619,0.8555555555555556,-0.044217687074829926
249,9924,9,seed_spread_band,7-9,37,126,0.3401360544217687,0.29365079365079366,0.8633333333333334,-0.046485260770975034
249,2249,2,seed_spread_band,4-6,32,121,0.30612244897959184,0.2644628099173554,0.8639118457300275,-0.041659639062236464
249,2249,2,seed_sum_mod3,0,25,94,0.30612244897959184,0.26595744680851063,0.8687943262411347,-0.04016500217108121
249,9924,9,seed_trail_band,7-9,24,81,0.3401360544217687,0.2962962962962963,0.8711111111111111,-0.04383975812547242
249,4429,4,seed_high_count,2,37,120,0.35374149659863946,0.30833333333333335,0.8716346153846154,-0.04540816326530611
249,4429,4,seed_even_count,1,24,77,0.35374149659863946,0.3116883116883117,0.881118881118881,-0.04205318491032778
249,2249,2,seed_sum_mod2,1,38,140,0.30612244897959184,0.2714285714285714,0.8866666666666666,-0.034693877551020436
249,2249,2,seed_trail_band,7-9,22,81,0.30612244897959184,0.2716049382716049,0.8872427983539094,-0.03451751070798692
249,4429,4,seed_trail_band,4-6,30,95,0.35374149659863946,0.3157894736842105,0.8927125506072874,-0.03795202291442895
249,9924,9,seed_structure,AABC,40,131,0.3401360544217687,0.3053435114503817,0.8977099236641222,-0.03479254297138701
249,9924,9,seed_unique_count,3,40,131,0.3401360544217687,0.3053435114503817,0.8977099236641222,-0.03479254297138701
249,9924,9,seed_lead_band,0-3,35,114,0.3401360544217687,0.30701754385964913,0.9026315789473685,-0.03311851056211956
249,2249,2,seed_sum_band,18-26,38,137,0.30612244897959184,0.2773722627737226,0.9060827250608272,-0.02875018620586922
249,4429,4,seed_sum_mod2,1,45,140,0.35374149659863946,0.32142857142857145,0.9086538461538463,-0.03231292517006801
256,6625,6,seed_sum_lastdigit,9,9,40,0.3495440729483283,0.225,0.643695652173913,-0.12454407294832828
256,2256,2,seed_sum_lastdigit,6,7,31,0.3434650455927052,0.22580645161290322,0.6574364830145589,-0.11765859397980197
256,5526,5,seed_sum_lastdigit,0,6,29,0.3069908814589666,0.20689655172413793,0.6739501536360533,-0.10009432973482865
256,2256,2,seed_high_count,1,20,82,0.3434650455927052,0.24390243902439024,0.7101230304338441,-0.09956260656831495
256,2256,2,seed_sum_lastdigit,3,11,45,0.3434650455927052,0.24444444444444444,0.7117010816125859,-0.09902060114826075
256,6625,6,seed_spread_band,0-3,10,40,0.3495440729483283,0.25,0.7152173913043478,-0.09954407294832829
256,5526,5,seed_sum_lastdigit,9,9,40,0.3069908814589666,0.225,0.7329207920792079,-0.08199088145896657
256,5526,5,seed_high_count,3,19,82,0.3069908814589666,0.23170731707317074,0.7547693793769621,-0.07528356438579584
256,2256,2,seed_sum_band,10-17,35,132,0.3434650455927052,0.26515151515151514,0.771989809600429,-0.07831353044119005
256,2256,2,seed_sum_lastdigit,2,7,26,0.3434650455927052,0.2692307692307692,0.7838665759019741,-0.07423427636193597
256,6625,6,seed_sum_lastdigit,0,8,29,0.3495440729483283,0.27586206896551724,0.7892053973013493,-0.07368200398281105
256,5526,5,seed_prime_count,0,12,49,0.3069908814589666,0.24489795918367346,0.7977369165487976,-0.062092922275293116
256,5526,5,seed_sum_band,18-26,38,155,0.3069908814589666,0.24516129032258063,0.7985946981794952,-0.06182959113638595
256,6625,6,seed_even_count,4,7,25,0.3495440729483283,0.28,0.8010434782608696,-0.06954407294832826
256,2256,2,seed_sum_lastdigit,5,8,29,0.3434650455927052,0.27586206896551724,0.8031736344217272,-0.06760297662718795
256,2256,2,seed_consecutive_pairs,2,17,61,0.3434650455927052,0.2786885245901639,0.8114028724793267,-0.06477652100254128
256,5526,5,seed_even_count,3,21,84,0.3069908814589666,0.25,0.8143564356435643,-0.05699088145896658
256,2256,2,seed_prime_count,2,31,110,0.3434650455927052,0.2818181818181818,0.8205148833467416,-0.061646863774523386
256,6625,6,seed_sum_lastdigit,6,9,31,0.3495440729483283,0.2903225806451613,0.8305750350631136,-0.05922149230316698
256,5526,5,seed_sum_lastdigit,1,9,35,0.3069908814589666,0.2571428571428571,0.8376237623762375,-0.04984802431610946
256,2256,2,seed_vtrac_unique,4,20,69,0.3434650455927052,0.2898550724637681,0.8439143260228292,-0.05360997312893706
256,6625,6,seed_even_count,1,27,91,0.3495440729483283,0.2967032967032967,0.8488294314381271,-0.052840776245031584
256,5526,5,seed_trail_band,4-6,24,92,0.3069908814589666,0.2608695652173913,0.8497632371932845,-0.04612131624157528
256,6625,6,seed_high_count,2,39,129,0.3495440729483283,0.3023255813953488,0.8649140546006066,-0.04721849155297947
256,6625,6,seed_sum_mod3,1,36,118,0.3495440729483283,0.3050847457627119,0.8728076639646278,-0.044459327185616404
256,5526,5,seed_sum_mod3,0,29,108,0.3069908814589666,0.26851851851851855,0.8746791345801247,-0.038472362940448035
256,5526,5,seed_lead_band,4-6,25,93,0.3069908814589666,0.26881720430107525,0.8756520813371659,-0.03817367715789133
256,6625,6,seed_sum_lastdigit,7,8,26,0.3495440729483283,0.3076923076923077,0.8802675585284281,-0.04185176525602058
256,5526,5,seed_spread_band,7-9,43,159,0.3069908814589666,0.27044025157232704,0.8809390372999564,-0.03655062988663954
256,2256,2,seed_high_count,3,25,82,0.3434650455927052,0.3048780487804878,0.8876537880423051,-0.03858699681221739
256,5526,5,seed_structure,AABC,36,131,0.3069908814589666,0.2748091603053435,0.8951704330738417,-0.032181721153623055
256,5526,5,seed_unique_count,3,36,131,0.3069908814589666,0.2748091603053435,0.8951704330738417,-0.032181721153623055
256,2256,2,seed_sum_lastdigit,8,9,29,0.3434650455927052,0.3103448275862069,0.903570338724443,-0.03312021800649828
256,5526,5,seed_vtrac_unique,2,19,68,0.3069908814589666,0.27941176470588236,0.9101630751310424,-0.02757911675308422
256,2256,2,seed_trail_band,7-9,32,102,0.3434650455927052,0.3137254901960784,0.9134131528717682,-0.02973955539662676
256,5526,5,seed_consecutive_pairs,1,45,160,0.3069908814589666,0.28125,0.9161509900990099,-0.02574088145896658
256,5526,5,seed_sum_mod3,2,29,103,0.3069908814589666,0.2815533980582524,0.9171392867442083,-0.025437483400714167
256,6625,6,seed_prime_count,3,17,53,0.3495440729483283,0.32075471698113206,0.9176374077112386,-0.02878935596719623
256,5526,5,seed_sum_lastdigit,4,11,39,0.3069908814589666,0.28205128205128205,0.9187611068799187,-0.024939599407684532
256,6625,6,seed_spread_band,4-6,42,130,0.3495440729483283,0.3230769230769231,0.9242809364548495,-0.026467149871405193
257,2257,2,seed_prime_count,0,7,37,0.3219814241486068,0.1891891891891892,0.5875779625779626,-0.1327922349594176
257,7725,7,seed_sum_lastdigit,4,6,29,0.34055727554179566,0.20689655172413793,0.6075235109717868,-0.13366072381765773
257,7725,7,seed_sum_lastdigit,8,7,30,0.34055727554179566,0.23333333333333334,0.6851515151515152,-0.10722394220846232
257,2257,2,seed_sum_lastdigit,5,9,38,0.3219814241486068,0.23684210526315788,0.735576923076923,-0.08513931888544893
257,5527,5,seed_sum_lastdigit,9,9,36,0.33746130030959753,0.25,0.7408256880733944,-0.08746130030959753
257,7725,7,seed_sum_lastdigit,6,7,27,0.34055727554179566,0.25925925925925924,0.7612794612794612,-0.08129801628253641
257,2257,2,seed_sum_lastdigit,3,9,36,0.3219814241486068,0.25,0.7764423076923077,-0.07198142414860681
257,5527,5,seed_spread_band,0-3,11,41,0.33746130030959753,0.2682926829268293,0.7950324457373015,-0.06916861738276825
257,7725,7,seed_sum_mod2,0,43,155,0.34055727554179566,0.27741935483870966,0.8146041055718475,-0.06313792070308599
257,5527,5,seed_sum_lastdigit,3,10,36,0.33746130030959753,0.2777777777777778,0.8231396534148828,-0.059683522531819744
257,2257,2,seed_even_count,1,20,75,0.3219814241486068,0.26666666666666666,0.8282051282051281,-0.05531475748194015
257,2257,2,seed_sum_lastdigit,0,11,41,0.3219814241486068,0.2682926829268293,0.8332551594746718,-0.053688741221777525
257,2257,2,seed_sum_lastdigit,1,11,41,0.3219814241486068,0.2682926829268293,0.8332551594746718,-0.053688741221777525
257,7725,7,seed_sum_lastdigit,2,8,28,0.34055727554179566,0.2857142857142857,0.8389610389610389,-0.05484298982750996
257,7725,7,seed_trail_band,7-9,28,98,0.34055727554179566,0.2857142857142857,0.8389610389610389,-0.05484298982750996
257,7725,7,seed_vtrac_unique,4,15,52,0.34055727554179566,0.28846153846153844,0.847027972027972,-0.05209573708025722
257,5527,5,seed_lead_band,4-6,25,87,0.33746130030959753,0.28735632183908044,0.8515237793947062,-0.05010497847051709
257,7725,7,seed_lead_band,0-3,37,127,0.34055727554179566,0.29133858267716534,0.8554760200429491,-0.04921869286463032
257,7725,7,seed_structure,ABCD,42,143,0.34055727554179566,0.2937062937062937,0.8624284806102988,-0.04685098183550196
257,7725,7,seed_unique_count,4,42,143,0.34055727554179566,0.2937062937062937,0.8624284806102988,-0.04685098183550196
257,7725,7,seed_repeat_digit,none,42,143,0.34055727554179566,0.2937062937062937,0.8624284806102988,-0.04685098183550196
257,5527,5,seed_even_count,1,22,75,0.33746130030959753,0.29333333333333333,0.8692354740061162,-0.0441279669762642
257,2257,2,seed_high_count,1,21,75,0.3219814241486068,0.28,0.8696153846153847,-0.04198142414860678
257,2257,2,seed_consecutive_pairs,0,30,107,0.3219814241486068,0.2803738317757009,0.8707764198418403,-0.0416075923729059
257,7725,7,seed_even_count,2,35,118,0.34055727554179566,0.2966101694915254,0.8709553158705701,-0.043947106050270246
257,5527,5,seed_prime_count,3,19,64,0.33746130030959753,0.296875,0.879730504587156,-0.040586300309597534
257,5527,5,seed_high_count,2,36,119,0.33746130030959753,0.3025210084033613,0.8964613368283092,-0.03494029190623621
257,7725,7,seed_sum_band,10-17,35,114,0.34055727554179566,0.30701754385964913,0.9015151515151516,-0.03353973168214652
257,7725,7,seed_prime_count,2,33,107,0.34055727554179566,0.308411214953271,0.905607476635514,-0.03214606058852465
257,2257,2,seed_sum_mod2,1,49,168,0.3219814241486068,0.2916666666666667,0.905849358974359,-0.030314757481940124
257,5527,5,seed_mirror_pairs_any,no,52,169,0.33746130030959753,0.3076923076923077,0.9117854622441779,-0.029768992617289824
257,5527,5,seed_vtrac_unique,4,16,52,0.33746130030959753,0.3076923076923077,0.9117854622441779,-0.029768992617289824
257,5527,5,seed_sum_mod2,1,52,168,0.33746130030959753,0.30952380952380953,0.917212756662298,-0.027937490785788
257,5527,5,seed_structure,AABC,49,158,0.33746130030959753,0.310126582278481,0.9189989548252235,-0.027334718031116534
257,5527,5,seed_unique_count,3,49,158,0.33746130030959753,0.310126582278481,0.9189989548252235,-0.027334718031116534
257,2257,2,seed_trail_band,0-3,37,125,0.3219814241486068,0.296,0.9193076923076923,-0.025981424148606824
257,2257,2,seed_prime_count,3,19,64,0.3219814241486068,0.296875,0.9220252403846154,-0.02510642414860681
257,7725,7,seed_consecutive_pairs,1,50,158,0.34055727554179566,0.31645569620253167,0.9292289988492521,-0.02410157933926399
257,5527,5,seed_sum_mod3,1,35,111,0.33746130030959753,0.3153153153153153,0.9343747417141912,-0.02214598499428222
257,5527,5,seed_sum_band,18-26,54,171,0.33746130030959753,0.3157894736842105,0.9357798165137614,-0.021671826625387025
258,5528,5,seed_sum_lastdigit,6,6,30,0.2908496732026144,0.2,0.6876404494382022,-0.09084967320261439
258,5528,5,seed_trail_band,7-9,19,94,0.2908496732026144,0.20212765957446807,0.6949557733683958,-0.08872201362814633
258,2258,2,seed_sum_lastdigit,7,10,36,0.39215686274509803,0.2777777777777778,0.7083333333333334,-0.11437908496732024
258,5528,5,seed_spread_band,0-3,8,37,0.2908496732026144,0.21621621621621623,0.7433950804737322,-0.07463345698639817
258,8825,8,seed_lead_band,4-6,20,83,0.31699346405228757,0.24096385542168675,0.7601540181343933,-0.07602960863060082
258,5528,5,seed_consecutive_pairs,2,10,45,0.2908496732026144,0.2222222222222222,0.7640449438202246,-0.06862745098039219
258,5528,5,seed_lead_band,7-9,22,97,0.2908496732026144,0.2268041237113402,0.779798447816518,-0.0640455494912742
258,5528,5,seed_sum_lastdigit,8,8,35,0.2908496732026144,0.22857142857142856,0.7858747993579454,-0.062278244631185836
258,8825,8,seed_sum_lastdigit,2,8,32,0.31699346405228757,0.25,0.7886597938144331,-0.06699346405228757
258,8825,8,seed_vtrac_unique,2,20,79,0.31699346405228757,0.25316455696202533,0.7986428291791727,-0.06382890709026223
258,2258,2,seed_sum_lastdigit,3,11,35,0.39215686274509803,0.3142857142857143,0.8014285714285714,-0.07787114845938375
258,8825,8,seed_prime_count,0,9,35,0.31699346405228757,0.2571428571428571,0.8111929307805597,-0.05985060690943045
258,5528,5,seed_even_count,2,29,122,0.2908496732026144,0.23770491803278687,0.817277583348683,-0.05314475516982753
258,5528,5,seed_vtrac_unique,4,10,42,0.2908496732026144,0.23809523809523808,0.8186195826645264,-0.05275443510737632
258,8825,8,seed_trail_band,0-3,31,119,0.31699346405228757,0.2605042016806723,0.8217967599410899,-0.05648926237161528
258,2258,2,seed_even_count,3,24,74,0.39215686274509803,0.32432432432432434,0.8270270270270271,-0.06783253842077369
258,2258,2,seed_spread_band,4-6,43,131,0.39215686274509803,0.3282442748091603,0.8370229007633587,-0.06391258793593774
258,8825,8,seed_sum_lastdigit,6,8,30,0.31699346405228757,0.26666666666666666,0.8412371134020619,-0.0503267973856209
258,5528,5,seed_high_count,3,16,65,0.2908496732026144,0.24615384615384617,0.8463267070008643,-0.04469582704876823
258,5528,5,seed_spread_band,7-9,34,138,0.2908496732026144,0.2463768115942029,0.8470933072789448,-0.04447286160841149
258,2258,2,seed_sum_lastdigit,4,10,30,0.39215686274509803,0.3333333333333333,0.85,-0.05882352941176472
258,8825,8,seed_high_count,1,24,89,0.31699346405228757,0.2696629213483146,0.8506892157998378,-0.047330542703972966
258,8825,8,seed_sum_mod3,1,30,111,0.31699346405228757,0.2702702702702703,0.8526051825020898,-0.04672319378201728
258,2258,2,seed_prime_count,2,35,104,0.39215686274509803,0.33653846153846156,0.858173076923077,-0.05561840120663647
258,5528,5,seed_sum_lastdigit,2,8,32,0.2908496732026144,0.25,0.8595505617977528,-0.0408496732026144
258,8825,8,seed_sum_lastdigit,9,9,33,0.31699346405228757,0.2727272727272727,0.8603561387066542,-0.04426619132501486
258,5528,5,seed_sum_mod3,0,24,95,0.2908496732026144,0.25263157894736843,0.8685984624482554,-0.03821809425524597
258,8825,8,seed_sum_lastdigit,0,8,29,0.31699346405228757,0.27586206896551724,0.8702452897262709,-0.04113139508677033
258,2258,2,seed_sum_mod2,1,52,150,0.39215686274509803,0.3466666666666667,0.884,-0.045490196078431355
258,5528,5,seed_trail_band,4-6,24,93,0.2908496732026144,0.25806451612903225,0.8872779992750995,-0.03278515707358215
258,8825,8,seed_consecutive_pairs,1,43,152,0.31699346405228757,0.28289473684210525,0.8924308193163321,-0.03409872721018231
258,5528,5,seed_structure,ABCD,39,149,0.2908496732026144,0.26174496644295303,0.8999321318150969,-0.02910470675966137
258,5528,5,seed_unique_count,4,39,149,0.2908496732026144,0.26174496644295303,0.8999321318150969,-0.02910470675966137
258,5528,5,seed_repeat_digit,none,39,149,0.2908496732026144,0.26174496644295303,0.8999321318150969,-0.02910470675966137
258,2258,2,seed_trail_band,0-3,42,119,0.39215686274509803,0.35294117647058826,0.9,-0.039215686274509776
258,8825,8,seed_vtrac_unique,4,12,42,0.31699346405228757,0.2857142857142857,0.9013254786450663,-0.03127917833800187
258,8825,8,seed_prime_count,3,14,49,0.31699346405228757,0.2857142857142857,0.9013254786450663,-0.03127917833800187
258,5528,5,seed_sum_mod2,0,41,156,0.2908496732026144,0.26282051282051283,0.9036300777873811,-0.02802916038210157
258,5528,5,seed_sum_band,18-26,36,135,0.2908496732026144,0.26666666666666666,0.9168539325842696,-0.024183006535947738
258,2258,2,seed_high_count,1,32,89,0.39215686274509803,0.3595505617977528,0.9168539325842696,-0.032606300947345235
259,2259,2,seed_sum_band,27-36,5,26,0.2996742671009772,0.19230769230769232,0.6417224080267558,-0.1073665747932849
259,5529,5,seed_high_count,1,16,74,0.3289902280130293,0.21621621621621623,0.6572116671126573,-0.11277401179681307
259,2259,2,seed_spread_band,0-3,8,40,0.2996742671009772,0.2,0.6673913043478261,-0.09967426710097721
259,5529,5,seed_sum_lastdigit,8,7,31,0.3289902280130293,0.22580645161290322,0.6863621846055573,-0.10318377640012608
259,2259,2,seed_consecutive_pairs,0,21,102,0.2996742671009772,0.20588235294117646,0.6870204603580562,-0.09379191415980076
259,5529,5,seed_even_count,2,27,118,0.3289902280130293,0.2288135593220339,0.6955026011075685,-0.1001766686909954
259,5529,5,seed_spread_band,7-9,30,131,0.3289902280130293,0.22900763358778625,0.6960925100143602,-0.09998259442524304
259,5529,5,seed_sum_lastdigit,2,7,30,0.3289902280130293,0.23333333333333334,0.7092409240924092,-0.09565689467969596
259,2259,2,seed_even_count,3,15,69,0.2996742671009772,0.21739130434782608,0.7254253308128543,-0.08228296275315114
259,9925,9,seed_prime_count,3,10,36,0.3713355048859935,0.2777777777777778,0.7480506822612086,-0.0935577271082157
259,5529,5,seed_sum_lastdigit,6,8,30,0.3289902280130293,0.26666666666666666,0.8105610561056106,-0.06232356134636263
259,5529,5,seed_prime_count,0,12,44,0.3289902280130293,0.2727272727272727,0.828982898289829,-0.05626295528575659
259,2259,2,seed_mirror_pairs_any,no,44,177,0.2996742671009772,0.24858757062146894,0.8295259150085974,-0.05108669647950828
259,9925,9,seed_trail_band,4-6,28,90,0.3713355048859935,0.3111111111111111,0.8378167641325536,-0.06022439377488237
259,5529,5,seed_structure,ABCD,42,151,0.3289902280130293,0.2781456953642384,0.8454527571962495,-0.05084453264879091
259,5529,5,seed_unique_count,4,42,151,0.3289902280130293,0.2781456953642384,0.8454527571962495,-0.05084453264879091
259,5529,5,seed_repeat_digit,none,42,151,0.3289902280130293,0.2781456953642384,0.8454527571962495,-0.05084453264879091
259,2259,2,seed_sum_mod2,1,36,142,0.2996742671009772,0.2535211267605634,0.8459889773423147,-0.046153140340413845
259,9925,9,seed_sum_lastdigit,4,11,35,0.3713355048859935,0.3142857142857143,0.8463659147869674,-0.057049790600279204
259,2259,2,seed_structure,AABC,36,139,0.2996742671009772,0.2589928057553957,0.8642477322489833,-0.04068146134558154
259,2259,2,seed_unique_count,3,36,139,0.2996742671009772,0.2589928057553957,0.8642477322489833,-0.04068146134558154
259,5529,5,seed_sum_band,10-17,28,98,0.3289902280130293,0.2857142857142857,0.8684582743988685,-0.0432759422987436
259,2259,2,seed_spread_band,4-6,36,136,0.2996742671009772,0.2647058823529412,0.883312020460358,-0.03496838474803604
259,2259,2,seed_prime_count,2,31,117,0.2996742671009772,0.26495726495726496,0.884150873281308,-0.03471700214371226
259,5529,5,seed_sum_mod2,0,48,165,0.3289902280130293,0.2909090909090909,0.8842484248424842,-0.0380811371039384
259,2259,2,seed_lead_band,7-9,25,94,0.2996742671009772,0.26595744680851063,0.8874884366327473,-0.03371682029246659
259,5529,5,seed_mirror_pairs_any,yes,38,130,0.3289902280130293,0.2923076923076923,0.8884996191926886,-0.03668253570533697
259,9925,9,seed_spread_band,4-6,45,136,0.3713355048859935,0.33088235294117646,0.8910603715170279,-0.04045315194481702
259,9925,9,seed_sum_lastdigit,0,13,39,0.3713355048859935,0.3333333333333333,0.8976608187134503,-0.03800217155266017
259,9925,9,seed_sum_lastdigit,6,10,30,0.3713355048859935,0.3333333333333333,0.8976608187134503,-0.03800217155266017
259,9925,9,seed_consecutive_pairs,2,19,57,0.3713355048859935,0.3333333333333333,0.8976608187134503,-0.03800217155266017
259,5529,5,seed_trail_band,7-9,29,98,0.3289902280130293,0.29591836734693877,0.8994746413416852,-0.033071860666090525
259,5529,5,seed_consecutive_pairs,1,41,137,0.3289902280130293,0.29927007299270075,0.9096624990966251,-0.029720155020328543
259,9925,9,seed_vtrac_unique,4,23,68,0.3713355048859935,0.3382352941176471,0.9108617131062952,-0.033100210768346405
259,9925,9,seed_mirror_pairs_any,yes,44,130,0.3713355048859935,0.3384615384615385,0.9114709851551958,-0.032873966424455
259,9925,9,seed_vtrac_unique,2,22,65,0.3713355048859935,0.3384615384615385,0.9114709851551958,-0.032873966424455
259,5529,5,seed_sum_lastdigit,3,9,30,0.3289902280130293,0.3,0.9118811881188119,-0.028990228013029307
259,9925,9,seed_even_count,1,25,73,0.3713355048859935,0.3424657534246575,0.92225426580149,-0.02886975146133597
259,9925,9,seed_high_count,3,31,90,0.3713355048859935,0.34444444444444444,0.9275828460038986,-0.026891060441549042
259,5529,5,seed_vtrac_unique,3,52,170,0.3289902280130293,0.3058823529411765,0.9297612114152592,-0.0231078750718528
267,7726,7,seed_sum_lastdigit,6,5,30,0.36619718309859156,0.16666666666666666,0.45512820512820507,-0.1995305164319249
267,6627,6,seed_sum_lastdigit,8,6,34,0.3274647887323944,0.17647058823529413,0.538899430740038,-0.15099420049710024
267,2267,2,seed_sum_lastdigit,4,6,30,0.30633802816901406,0.2,0.6528735632183909,-0.10633802816901405
267,2267,2,seed_sum_lastdigit,9,6,29,0.30633802816901406,0.20689655172413793,0.6753864447086801,-0.09944147644487614
267,6627,6,seed_sum_lastdigit,7,6,27,0.3274647887323944,0.2222222222222222,0.6786140979689366,-0.10524256651017216
267,6627,6,seed_spread_band,0-3,9,37,0.3274647887323944,0.24324324324324326,0.7428073234524848,-0.08422154548915112
267,7726,7,seed_sum_lastdigit,3,8,29,0.36619718309859156,0.27586206896551724,0.753315649867374,-0.09033511413307432
267,6627,6,seed_lead_band,4-6,24,96,0.3274647887323944,0.25,0.7634408602150538,-0.07746478873239437
267,7726,7,seed_sum_lastdigit,2,7,25,0.36619718309859156,0.28,0.7646153846153847,-0.08619718309859153
267,7726,7,seed_sum_lastdigit,5,7,25,0.36619718309859156,0.28,0.7646153846153847,-0.08619718309859153
267,7726,7,seed_even_count,3,18,63,0.36619718309859156,0.2857142857142857,0.7802197802197801,-0.08048289738430586
267,2267,2,seed_sum_lastdigit,0,7,29,0.30633802816901406,0.2413793103448276,0.787950852160127,-0.06495871782418647
267,2267,2,seed_sum_band,18-26,34,140,0.30633802816901406,0.24285714285714285,0.7927750410509031,-0.06348088531187121
267,2267,2,seed_prime_count,0,9,37,0.30633802816901406,0.24324324324324326,0.79403541472507,-0.06309478492577081
267,6627,6,seed_consecutive_pairs,2,10,38,0.3274647887323944,0.2631578947368421,0.8036219581211091,-0.06430689399555228
267,2267,2,seed_even_count,1,18,73,0.30633802816901406,0.2465753424657534,0.8049126121870571,-0.059762685703260654
267,2267,2,seed_lead_band,7-9,22,89,0.30633802816901406,0.24719101123595505,0.8069223815058763,-0.059147016933059016
267,2267,2,seed_consecutive_pairs,0,28,109,0.30633802816901406,0.25688073394495414,0.8385532004639883,-0.04945729422405992
267,7726,7,seed_sum_lastdigit,1,8,26,0.36619718309859156,0.3076923076923077,0.8402366863905326,-0.05850487540628385
267,7726,7,seed_spread_band,4-6,36,115,0.36619718309859156,0.3130434782608696,0.8548494983277592,-0.05315370483772197
267,7726,7,seed_sum_mod3,1,31,99,0.36619718309859156,0.31313131313131315,0.8550893550893551,-0.05306586996727841
267,7726,7,seed_sum_band,10-17,33,105,0.36619718309859156,0.3142857142857143,0.8582417582417582,-0.05191146881287728
267,2267,2,seed_sum_lastdigit,8,9,34,0.30633802816901406,0.2647058823529412,0.8640973630831643,-0.041632145816072885
267,7726,7,seed_trail_band,4-6,26,82,0.36619718309859156,0.3170731707317073,0.8658536585365854,-0.04912401236688424
267,2267,2,seed_even_count,2,29,109,0.30633802816901406,0.26605504587155965,0.8685015290519879,-0.04028298229745442
267,7726,7,seed_lead_band,0-3,32,99,0.36619718309859156,0.32323232323232326,0.8826728826728827,-0.0429648598662683
267,2267,2,seed_spread_band,7-9,36,132,0.30633802816901406,0.2727272727272727,0.890282131661442,-0.03361075544174136
267,2267,2,seed_sum_mod3,2,26,95,0.30633802816901406,0.2736842105263158,0.8934059286146402,-0.03265381764269826
267,2267,2,seed_trail_band,7-9,25,91,0.30633802816901406,0.27472527472527475,0.8968043450802072,-0.031612753443739317
267,2267,2,seed_high_count,3,22,80,0.30633802816901406,0.275,0.8977011494252874,-0.03133802816901404
267,6627,6,seed_prime_count,3,15,51,0.3274647887323944,0.29411764705882354,0.8981657179000633,-0.033347141673570835
267,7726,7,seed_consecutive_pairs,1,44,132,0.36619718309859156,0.3333333333333333,0.9102564102564101,-0.032863849765258246
267,7726,7,seed_vtrac_unique,4,15,45,0.36619718309859156,0.3333333333333333,0.9102564102564101,-0.032863849765258246
267,6627,6,seed_vtrac_unique,3,48,161,0.3274647887323944,0.2981366459627329,0.910438789821679,-0.029328142769661447
267,2267,2,seed_sum_lastdigit,5,7,25,0.30633802816901406,0.28,0.9140229885057473,-0.02633802816901404
267,6627,6,seed_sum_lastdigit,4,9,30,0.3274647887323944,0.3,0.9161290322580644,-0.027464788732394385
267,7726,7,seed_vtrac_unique,2,26,77,0.36619718309859156,0.33766233766233766,0.922077922077922,-0.028534845436253897
267,7726,7,seed_sum_mod2,1,46,136,0.36619718309859156,0.3382352941176471,0.9236425339366516,-0.027961888980944483
267,6627,6,seed_sum_mod2,0,45,148,0.3274647887323944,0.30405405405405406,0.9285091543156059,-0.023410734678340317
267,6627,6,seed_sum_mod3,2,29,95,0.3274647887323944,0.30526315789473685,0.9322014714204867,-0.022201630837657527
268,2268,2,seed_sum_lastdigit,6,5,26,0.35424354243542433,0.19230769230769232,0.5428685897435898,-0.161935850127732
268,6628,6,seed_sum_lastdigit,7,6,30,0.34317343173431736,0.2,0.5827956989247312,-0.14317343173431735
268,8826,8,seed_sum_lastdigit,1,5,27,0.3025830258302583,0.18518518518518517,0.6120144534778681,-0.11739784064507314
268,6628,6,seed_sum_lastdigit,0,7,31,0.34317343173431736,0.22580645161290322,0.6579951439472771,-0.11736698012141414
268,8826,8,seed_vtrac_unique,2,15,72,0.3025830258302583,0.20833333333333334,0.6885162601626016,-0.09424969249692497
268,2268,2,seed_consecutive_pairs,2,14,55,0.35424354243542433,0.2545454545454545,0.718560606060606,-0.09969808788996981
268,2268,2,seed_sum_lastdigit,8,7,27,0.35424354243542433,0.25925925925925924,0.7318672839506173,-0.09498428317616509
268,6628,6,seed_even_count,3,15,59,0.34317343173431736,0.2542372881355932,0.7408419901585566,-0.08893614359872415
268,2268,2,seed_sum_lastdigit,4,8,30,0.35424354243542433,0.26666666666666666,0.7527777777777778,-0.08757687576875767
268,2268,2,seed_even_count,2,27,100,0.35424354243542433,0.27,0.7621875000000001,-0.08424354243542431
268,6628,6,seed_sum_mod3,0,26,95,0.34317343173431736,0.2736842105263158,0.7975099037917375,-0.06948922120800155
268,2268,2,seed_sum_mod2,0,40,137,0.35424354243542433,0.291970802919708,0.8242092457420924,-0.062272739515716324
268,8826,8,seed_structure,AABC,27,108,0.3025830258302583,0.25,0.8262195121951219,-0.05258302583025831
268,8826,8,seed_unique_count,3,27,108,0.3025830258302583,0.25,0.8262195121951219,-0.05258302583025831
268,6628,6,seed_sum_mod2,1,38,134,0.34317343173431736,0.2835820895522388,0.8263521104156636,-0.059591342182078566
268,2268,2,seed_trail_band,4-6,23,78,0.35424354243542433,0.2948717948717949,0.8323985042735044,-0.05937174756362945
268,2268,2,seed_sum_mod3,1,26,87,0.35424354243542433,0.2988505747126437,0.8436302681992338,-0.05539296772278063
268,2268,2,seed_lead_band,0-3,31,103,0.35424354243542433,0.30097087378640774,0.8496156957928802,-0.053272668649016586
268,8826,8,seed_trail_band,0-3,27,105,0.3025830258302583,0.2571428571428571,0.8498257839721253,-0.045440168687401195
268,2268,2,seed_prime_count,3,14,46,0.35424354243542433,0.30434782608695654,0.8591485507246378,-0.04989571634846779
268,2268,2,seed_vtrac_unique,3,44,144,0.35424354243542433,0.3055555555555556,0.8625578703703705,-0.04868798687986875
268,8826,8,seed_sum_mod3,1,23,87,0.3025830258302583,0.26436781609195403,0.8737033922063359,-0.03821520973830428
268,6628,6,seed_high_count,3,22,73,0.34317343173431736,0.3013698630136986,0.8781852997495948,-0.041803568720618745
268,6628,6,seed_spread_band,4-6,41,136,0.34317343173431736,0.3014705882352941,0.8784788108791903,-0.04170284349902326
268,8826,8,seed_sum_lastdigit,4,8,30,0.3025830258302583,0.26666666666666666,0.88130081300813,-0.03591635916359165
268,8826,8,seed_sum_lastdigit,7,8,30,0.3025830258302583,0.26666666666666666,0.88130081300813,-0.03591635916359165
268,8826,8,seed_prime_count,0,12,45,0.3025830258302583,0.26666666666666666,0.88130081300813,-0.03591635916359165
268,2268,2,seed_spread_band,7-9,35,112,0.35424354243542433,0.3125,0.8821614583333334,-0.04174354243542433
268,8826,8,seed_consecutive_pairs,1,30,112,0.3025830258302583,0.26785714285714285,0.8852351916376306,-0.03472588297311546
268,6628,6,seed_prime_count,3,14,46,0.34317343173431736,0.30434782608695654,0.8868630201028518,-0.03882560564736082
268,6628,6,seed_even_count,1,23,75,0.34317343173431736,0.30666666666666664,0.8936200716845877,-0.036506765067650715
268,2268,2,seed_high_count,1,21,66,0.35424354243542433,0.3181818181818182,0.8982007575757576,-0.03606172425360615
268,2268,2,seed_structure,ABCD,45,141,0.35424354243542433,0.3191489361702128,0.9009308510638299,-0.03509460626521155
268,2268,2,seed_unique_count,4,45,141,0.35424354243542433,0.3191489361702128,0.9009308510638299,-0.03509460626521155
268,2268,2,seed_repeat_digit,none,45,141,0.35424354243542433,0.3191489361702128,0.9009308510638299,-0.03509460626521155
268,8826,8,seed_lead_band,4-6,23,84,0.3025830258302583,0.27380952380952384,0.9049070847851336,-0.028773502020734476
268,8826,8,seed_lead_band,7-9,23,84,0.3025830258302583,0.27380952380952384,0.9049070847851336,-0.028773502020734476
268,8826,8,seed_sum_lastdigit,9,8,29,0.3025830258302583,0.27586206896551724,0.911690496215307,-0.026720956864741074
268,6628,6,seed_sum_band,18-26,39,123,0.34317343173431736,0.3170731707317073,0.9239444007343299,-0.026100261002610037
268,6628,6,seed_trail_band,7-9,28,88,0.34317343173431736,0.3181818181818182,0.9271749755620723,-0.02499161355249918
269,6629,6,seed_prime_count,3,9,43,0.35494880546075086,0.20930232558139536,0.5896690518783543,-0.1456464798793555
269,6629,6,seed_sum_lastdigit,6,8,34,0.35494880546075086,0.23529411764705882,0.6628959276018099,-0.11965468781369204
269,2269,2,seed_spread_band,0-3,8,35,0.3378839590443686,0.22857142857142856,0.6764790764790765,-0.10931253047294001
269,2269,2,seed_sum_lastdigit,9,6,26,0.3378839590443686,0.23076923076923078,0.6829836829836831,-0.1071147282751378
269,9926,9,seed_consecutive_pairs,2,12,56,0.30716723549488056,0.21428571428571427,0.6976190476190476,-0.09288152120916629
269,2269,2,seed_sum_mod3,2,22,89,0.3378839590443686,0.24719101123595505,0.731585518102372,-0.09069294780841353
269,2269,2,seed_even_count,3,17,68,0.3378839590443686,0.25,0.73989898989899,-0.08788395904436858
269,9926,9,seed_sum_lastdigit,0,6,25,0.30716723549488056,0.24,0.7813333333333332,-0.06716723549488057
269,6629,6,seed_high_count,1,23,80,0.35494880546075086,0.2875,0.8099759615384614,-0.06744880546075088
269,2269,2,seed_trail_band,4-6,26,94,0.3378839590443686,0.2765957446808511,0.8186116483988826,-0.0612882143635175
269,2269,2,seed_prime_count,0,12,43,0.3378839590443686,0.27906976744186046,0.8259337561663144,-0.058814191602508115
269,2269,2,seed_even_count,4,7,25,0.3378839590443686,0.28,0.8286868686868688,-0.05788395904436855
269,9926,9,seed_prime_count,0,11,43,0.30716723549488056,0.2558139534883721,0.8328165374677002,-0.05135328200650846
269,9926,9,seed_sum_lastdigit,8,10,39,0.30716723549488056,0.2564102564102564,0.8347578347578346,-0.050756979084624176
269,6629,6,seed_vtrac_unique,4,16,54,0.35494880546075086,0.2962962962962963,0.8347578347578347,-0.05865250916445458
269,2269,2,seed_structure,AABC,36,127,0.3378839590443686,0.28346456692913385,0.8389405869720831,-0.05441939211523472
269,2269,2,seed_unique_count,3,36,127,0.3378839590443686,0.28346456692913385,0.8389405869720831,-0.05441939211523472
269,9926,9,seed_lead_band,4-6,24,93,0.30716723549488056,0.25806451612903225,0.8401433691756272,-0.04910271936584831
269,6629,6,seed_lead_band,0-3,35,117,0.35494880546075086,0.29914529914529914,0.8427843523997369,-0.05580350631545172
269,2269,2,seed_consecutive_pairs,0,26,89,0.3378839590443686,0.29213483146067415,0.8646010668482579,-0.04574912758369443
269,6629,6,seed_sum_lastdigit,9,8,26,0.35494880546075086,0.3076923076923077,0.8668639053254438,-0.04725649776844315
269,9926,9,seed_spread_band,7-9,32,120,0.30716723549488056,0.26666666666666666,0.8681481481481481,-0.0405005688282139
269,9926,9,seed_sum_mod3,0,29,108,0.30716723549488056,0.26851851851851855,0.8741769547325103,-0.03864871697636202
269,6629,6,seed_sum_band,10-17,36,116,0.35494880546075086,0.3103448275862069,0.8743368700265252,-0.044603977874543954
269,6629,6,seed_sum_mod3,1,30,96,0.35494880546075086,0.3125,0.8804086538461539,-0.04244880546075086
269,6629,6,seed_structure,ABCD,45,143,0.35494880546075086,0.3146853146853147,0.8865653577192039,-0.04026349077543617
269,6629,6,seed_unique_count,4,45,143,0.35494880546075086,0.3146853146853147,0.8865653577192039,-0.04026349077543617
269,6629,6,seed_repeat_digit,none,45,143,0.35494880546075086,0.3146853146853147,0.8865653577192039,-0.04026349077543617
269,2269,2,seed_sum_lastdigit,4,9,30,0.3378839590443686,0.3,0.8878787878787879,-0.03788395904436859
269,9926,9,seed_even_count,1,19,69,0.30716723549488056,0.2753623188405797,0.8964573268921094,-0.03180491665430085
269,2269,2,seed_sum_band,18-26,40,132,0.3378839590443686,0.30303030303030304,0.8968472604836242,-0.03485365601406554
269,9926,9,seed_vtrac_unique,2,21,76,0.30716723549488056,0.27631578947368424,0.899561403508772,-0.030851446021196327
269,6629,6,seed_sum_lastdigit,0,8,25,0.35494880546075086,0.32,0.9015384615384615,-0.034948805460750854
269,2269,2,seed_sum_lastdigit,1,11,36,0.3378839590443686,0.3055555555555556,0.9043209876543211,-0.032328403488812996
269,6629,6,seed_sum_lastdigit,2,9,28,0.35494880546075086,0.32142857142857145,0.9055631868131868,-0.03352023403217941
269,9926,9,seed_trail_band,7-9,24,86,0.30716723549488056,0.27906976744186046,0.9085271317829456,-0.028097468053020103
269,6629,6,seed_even_count,2,39,120,0.35494880546075086,0.325,0.915625,-0.02994880546075085
269,2269,2,seed_high_count,2,35,113,0.3378839590443686,0.30973451327433627,0.9166890140341468,-0.02814944577003231
269,2269,2,seed_spread_band,4-6,43,138,0.3378839590443686,0.3115942028985507,0.9221929439320744,-0.026289756145817855
269,9926,9,seed_even_count,2,34,120,0.30716723549488056,0.2833333333333333,0.9224074074074073,-0.023833902161547238
278,7728,7,seed_sum_lastdigit,5,5,25,0.34448160535117056,0.2,0.5805825242718448,-0.14448160535117055
278,8827,8,seed_prime_count,3,10,44,0.3612040133779264,0.22727272727272727,0.6292087542087542,-0.13393128610519914
278,7728,7,seed_spread_band,0-3,11,44,0.34448160535117056,0.25,0.7257281553398058,-0.09448160535117056
278,8827,8,seed_spread_band,7-9,35,130,0.3612040133779264,0.2692307692307692,0.7453703703703703,-0.09197324414715718
278,2278,2,seed_spread_band,4-6,28,125,0.29431438127090304,0.224,0.761090909090909,-0.07031438127090303
278,8827,8,seed_sum_band,0-9,7,25,0.3612040133779264,0.28,0.7751851851851853,-0.08120401337792638
278,8827,8,seed_prime_count,0,9,32,0.3612040133779264,0.28125,0.7786458333333334,-0.0799540133779264
278,8827,8,seed_trail_band,0-3,36,121,0.3612040133779264,0.2975206611570248,0.8236914600550965,-0.0636833522209016
278,2278,2,seed_even_count,3,17,70,0.29431438127090304,0.24285714285714285,0.8251623376623376,-0.05145723841376018
278,7728,7,seed_sum_band,27-36,8,28,0.34448160535117056,0.2857142857142857,0.8294036061026352,-0.05876731963688486
278,2278,2,seed_sum_mod3,1,21,86,0.29431438127090304,0.2441860465116279,0.8296775898520083,-0.05012833475927514
278,2278,2,seed_trail_band,7-9,24,98,0.29431438127090304,0.24489795918367346,0.8320964749536177,-0.04941642208722957
278,2278,2,seed_lead_band,7-9,20,81,0.29431438127090304,0.24691358024691357,0.8389450056116722,-0.04740080102398947
278,8827,8,seed_consecutive_pairs,0,29,95,0.3612040133779264,0.30526315789473685,0.8451267056530215,-0.055940855483189555
278,2278,2,seed_sum_band,27-36,7,28,0.29431438127090304,0.25,0.8494318181818181,-0.044314381270903036
278,7728,7,seed_even_count,2,38,128,0.34448160535117056,0.296875,0.8618021844660194,-0.04760660535117056
278,7728,7,seed_sum_lastdigit,8,11,37,0.34448160535117056,0.2972972972972973,0.8630280766203097,-0.04718430805387325
278,7728,7,seed_prime_count,1,34,114,0.34448160535117056,0.2982456140350877,0.8657809572474876,-0.04623599131608286
278,7728,7,seed_sum_mod3,0,33,110,0.34448160535117056,0.3,0.870873786407767,-0.04448160535117057
278,2278,2,seed_sum_lastdigit,1,10,39,0.29431438127090304,0.2564102564102564,0.8712121212121211,-0.03790412486064665
278,2278,2,seed_vtrac_unique,2,17,66,0.29431438127090304,0.25757575757575757,0.8751721763085398,-0.03673862369514547
278,8827,8,seed_lead_band,0-3,39,123,0.3612040133779264,0.3170731707317073,0.8778229448961157,-0.04413084264621908
278,7728,7,seed_consecutive_pairs,2,17,56,0.34448160535117056,0.30357142857142855,0.8812413314840499,-0.040910176779742013
278,2278,2,seed_mirror_pairs_any,yes,38,146,0.29431438127090304,0.2602739726027397,0.8843399750933997,-0.034040408668163324
278,8827,8,seed_sum_lastdigit,4,10,31,0.3612040133779264,0.3225806451612903,0.8930704898446834,-0.03862336821663609
278,7728,7,seed_sum_mod2,0,48,156,0.34448160535117056,0.3076923076923077,0.8932038834951457,-0.03678929765886285
278,2278,2,seed_lead_band,4-6,25,95,0.29431438127090304,0.2631578947368421,0.8941387559808611,-0.031156486534060945
278,2278,2,seed_high_count,3,23,87,0.29431438127090304,0.26436781609195403,0.8982497387669801,-0.029946565178949003
278,2278,2,seed_sum_lastdigit,6,9,34,0.29431438127090304,0.2647058823529412,0.899398395721925,-0.029608498917961856
278,2278,2,seed_sum_mod2,1,38,143,0.29431438127090304,0.26573426573426573,0.902892561983471,-0.028580115536637307
278,7728,7,seed_consecutive_pairs,1,43,138,0.34448160535117056,0.3115942028985507,0.9045307443365695,-0.03288740245261984
278,2278,2,seed_prime_count,2,28,105,0.29431438127090304,0.26666666666666666,0.906060606060606,-0.027647714604236373
278,7728,7,seed_sum_band,10-17,35,112,0.34448160535117056,0.3125,0.9071601941747574,-0.03198160535117056
278,7728,7,seed_mirror_pairs_any,no,48,153,0.34448160535117056,0.3137254901960784,0.9107176851323053,-0.030756115155092134
278,7728,7,seed_vtrac_unique,4,19,60,0.34448160535117056,0.31666666666666665,0.9192556634304206,-0.02781493868450391
278,8827,8,seed_sum_lastdigit,0,9,27,0.3612040133779264,0.3333333333333333,0.9228395061728395,-0.027870680044593088
278,8827,8,seed_sum_lastdigit,1,13,39,0.3612040133779264,0.3333333333333333,0.9228395061728395,-0.027870680044593088
278,8827,8,seed_high_count,2,33,99,0.3612040133779264,0.3333333333333333,0.9228395061728395,-0.027870680044593088
278,8827,8,seed_high_count,3,29,87,0.3612040133779264,0.3333333333333333,0.9228395061728395,-0.027870680044593088
278,8827,8,seed_vtrac_unique,4,20,60,0.3612040133779264,0.3333333333333333,0.9228395061728395,-0.027870680044593088
279,2279,2,seed_spread_band,0-3,7,33,0.3382899628252788,0.21212121212121213,0.6270396270396271,-0.12616875070406666
279,9927,9,seed_high_count,1,16,77,0.31226765799256506,0.2077922077922078,0.6654298082869512,-0.10447545020035726
279,9927,9,seed_sum_mod3,2,21,92,0.31226765799256506,0.22826086956521738,0.7309782608695652,-0.08400678842734768
279,9927,9,seed_prime_count,1,19,82,0.31226765799256506,0.23170731707317074,0.7420150987224158,-0.08056034091939432
279,2279,2,seed_sum_lastdigit,7,8,31,0.3382899628252788,0.25806451612903225,0.7628500531726339,-0.08022544669624654
279,7729,7,seed_sum_lastdigit,4,8,30,0.34944237918215615,0.26666666666666666,0.7631205673758865,-0.08277571251548949
279,9927,9,seed_consecutive_pairs,2,10,41,0.31226765799256506,0.24390243902439024,0.781068524970964,-0.06836521896817482
279,2279,2,seed_vtrac_unique,2,16,60,0.3382899628252788,0.26666666666666666,0.7882783882783884,-0.07162329615861213
279,2279,2,seed_prime_count,1,22,82,0.3382899628252788,0.2682926829268293,0.7930849638166713,-0.0699972798984495
279,7729,7,seed_prime_count,2,29,103,0.34944237918215615,0.2815533980582524,0.805721958273084,-0.06788898112390374
279,7729,7,seed_prime_count,3,11,39,0.34944237918215615,0.28205128205128205,0.8071467539552646,-0.0673910971308741
279,2279,2,seed_sum_lastdigit,2,8,29,0.3382899628252788,0.27586206896551724,0.8154604016672983,-0.06242789385976155
279,9927,9,seed_trail_band,7-9,19,74,0.31226765799256506,0.25675675675675674,0.8222329472329472,-0.05551090123580832
279,2279,2,seed_prime_count,0,12,43,0.3382899628252788,0.27906976744186046,0.8249424993611041,-0.05922019538341833
279,9927,9,seed_even_count,3,17,65,0.31226765799256506,0.26153846153846155,0.8375457875457876,-0.05072919645410351
279,7729,7,seed_trail_band,4-6,20,68,0.34944237918215615,0.29411764705882354,0.8416770963704631,-0.05532473212333261
279,7729,7,seed_high_count,3,22,74,0.34944237918215615,0.2972972972972973,0.8507763082231168,-0.052145081884858835
279,7729,7,seed_prime_count,0,13,43,0.34944237918215615,0.3023255813953488,0.8651657595249875,-0.04711679778680733
279,7729,7,seed_structure,AABC,34,111,0.34944237918215615,0.3063063063063063,0.876557408472302,-0.04313607287584986
279,7729,7,seed_unique_count,3,34,111,0.34944237918215615,0.3063063063063063,0.876557408472302,-0.04313607287584986
279,7729,7,seed_sum_lastdigit,6,12,39,0.34944237918215615,0.3076923076923077,0.8805237315875614,-0.04175007148984844
279,7729,7,seed_spread_band,4-6,34,110,0.34944237918215615,0.3090909090909091,0.8845261121856866,-0.040351470091247066
279,7729,7,seed_sum_mod3,0,26,84,0.34944237918215615,0.30952380952380953,0.8857649442755826,-0.039918569658346614
279,2279,2,seed_lead_band,7-9,28,93,0.3382899628252788,0.3010752688172043,0.8899917287014062,-0.03721469400807448
279,7729,7,seed_consecutive_pairs,2,13,41,0.34944237918215615,0.3170731707317073,0.9073689673066944,-0.03236920845044883
279,2279,2,seed_trail_band,0-3,39,127,0.3382899628252788,0.30708661417322836,0.907761529808774,-0.031203348652050433
279,2279,2,seed_sum_lastdigit,6,12,39,0.3382899628252788,0.3076923076923077,0.9095519864750635,-0.03059765513297108
279,2279,2,seed_prime_count,3,12,39,0.3382899628252788,0.3076923076923077,0.9095519864750635,-0.03059765513297108
279,9927,9,seed_structure,ABCD,39,137,0.31226765799256506,0.2846715328467153,0.9116266944734097,-0.027596125145849748
279,9927,9,seed_unique_count,4,39,137,0.31226765799256506,0.2846715328467153,0.9116266944734097,-0.027596125145849748
279,9927,9,seed_repeat_digit,none,39,137,0.31226765799256506,0.2846715328467153,0.9116266944734097,-0.027596125145849748
279,7729,7,seed_sum_band,10-17,37,116,0.34944237918215615,0.31896551724137934,0.9127842993396919,-0.03047686194077681
279,9927,9,seed_spread_band,7-9,36,126,0.31226765799256506,0.2857142857142857,0.9149659863945577,-0.026553372278279364
279,2279,2,seed_sum_mod3,0,26,84,0.3382899628252788,0.30952380952380953,0.914965986394558,-0.028766153301469255
279,7729,7,seed_lead_band,4-6,25,78,0.34944237918215615,0.32051282051282054,0.9172122204037098,-0.02892955866933561
279,7729,7,seed_sum_lastdigit,0,9,28,0.34944237918215615,0.32142857142857145,0.9198328267477204,-0.028013807753584696
279,2279,2,seed_sum_mod3,1,29,93,0.3382899628252788,0.3118279569892473,0.9217771475835993,-0.026462005836031477
279,9927,9,seed_sum_mod2,1,35,121,0.31226765799256506,0.2892561983471074,0.9263085399449035,-0.023011459645457644
279,7729,7,seed_even_count,2,34,105,0.34944237918215615,0.3238095238095238,0.926646403242148,-0.025632855372632324
279,2279,2,seed_consecutive_pairs,0,33,104,0.3382899628252788,0.3173076923076923,0.9379754860524091,-0.0209822705175865
289,2289,2,seed_spread_band,0-3,7,36,0.3971631205673759,0.19444444444444445,0.4895833333333333,-0.20271867612293146
289,9928,9,seed_even_count,3,15,72,0.2978723404255319,0.20833333333333334,0.699404761904762,-0.08953900709219856
289,9928,9,seed_high_count,3,13,62,0.2978723404255319,0.20967741935483872,0.7039170506912443,-0.08819492107069318
289,8829,8,seed_prime_count,0,8,37,0.3049645390070922,0.21621621621621623,0.7089880578252672,-0.08874832279087597
289,9928,9,seed_sum_band,18-26,24,113,0.2978723404255319,0.21238938053097345,0.7130214917825538,-0.08548295989455845
289,9928,9,seed_lead_band,7-9,16,74,0.2978723404255319,0.21621621621621623,0.725868725868726,-0.08165612420931567
289,2289,2,seed_consecutive_pairs,2,19,65,0.3971631205673759,0.2923076923076923,0.735989010989011,-0.10485542825968358
289,2289,2,seed_sum_lastdigit,9,9,30,0.3971631205673759,0.3,0.7553571428571428,-0.09716312056737592
289,8829,8,seed_high_count,0,6,26,0.3049645390070922,0.23076923076923078,0.7567084078711986,-0.07419530823786141
289,2289,2,seed_prime_count,3,14,46,0.3971631205673759,0.30434782608695654,0.7663043478260869,-0.09281529448041936
289,8829,8,seed_consecutive_pairs,0,20,84,0.3049645390070922,0.23809523809523808,0.7807308970099668,-0.06686930091185411
289,2289,2,seed_sum_lastdigit,7,9,29,0.3971631205673759,0.3103448275862069,0.7814039408866995,-0.086818292981169
289,9928,9,seed_spread_band,7-9,27,112,0.2978723404255319,0.24107142857142858,0.809311224489796,-0.056800911854103325
289,2289,2,seed_lead_band,4-6,27,84,0.3971631205673759,0.32142857142857145,0.809311224489796,-0.07573454913880445
289,9928,9,seed_trail_band,7-9,22,91,0.2978723404255319,0.24175824175824176,0.8116169544740974,-0.05611409866729014
289,2289,2,seed_sum_lastdigit,1,9,27,0.3971631205673759,0.3333333333333333,0.8392857142857142,-0.06382978723404259
289,2289,2,seed_sum_lastdigit,6,10,30,0.3971631205673759,0.3333333333333333,0.8392857142857142,-0.06382978723404259
289,9928,9,seed_prime_count,2,25,99,0.2978723404255319,0.25252525252525254,0.8477633477633478,-0.04534708790027936
289,2289,2,seed_even_count,1,22,64,0.3971631205673759,0.34375,0.8655133928571428,-0.053413120567375905
289,2289,2,seed_mirror_pairs_any,no,55,159,0.3971631205673759,0.34591194968553457,0.8709568733153638,-0.051251170881841335
289,8829,8,seed_even_count,1,17,64,0.3049645390070922,0.265625,0.8710029069767442,-0.039339539007092195
289,9928,9,seed_mirror_pairs_any,yes,32,123,0.2978723404255319,0.2601626016260163,0.8734030197444833,-0.03770973879951561
289,8829,8,seed_sum_lastdigit,6,8,30,0.3049645390070922,0.26666666666666666,0.8744186046511628,-0.03829787234042553
289,8829,8,seed_sum_mod2,0,39,146,0.3049645390070922,0.2671232876712329,0.8759158967824149,-0.037841251335859305
289,8829,8,seed_high_count,2,27,101,0.3049645390070922,0.26732673267326734,0.8765830071379231,-0.03763780633382485
289,8829,8,seed_trail_band,0-3,31,115,0.3049645390070922,0.26956521739130435,0.8839231547017189,-0.03539932161578785
289,2289,2,seed_prime_count,1,33,94,0.3971631205673759,0.35106382978723405,0.8839285714285714,-0.046099290780141855
289,9928,9,seed_vtrac_unique,2,14,53,0.2978723404255319,0.2641509433962264,0.8867924528301887,-0.03372139702930549
289,8829,8,seed_sum_lastdigit,2,9,33,0.3049645390070922,0.2727272727272727,0.894291754756871,-0.03223726627981949
289,2289,2,seed_trail_band,4-6,27,76,0.3971631205673759,0.35526315789473684,0.8945018796992481,-0.04189996267263907
289,2289,2,seed_vtrac_unique,4,21,59,0.3971631205673759,0.3559322033898305,0.896186440677966,-0.0412309171775454
289,9928,9,seed_high_count,2,27,101,0.2978723404255319,0.26732673267326734,0.8974540311173975,-0.03054560775226456
289,8829,8,seed_lead_band,0-3,34,124,0.3049645390070922,0.27419354838709675,0.8990997749437358,-0.030770990619995442
289,8829,8,seed_spread_band,4-6,37,134,0.3049645390070922,0.27611940298507465,0.9054147865324541,-0.028845136022017548
289,8829,8,seed_mirror_pairs_any,yes,34,123,0.3049645390070922,0.2764227642276423,0.9064095292115713,-0.028541774779449913
289,2289,2,seed_sum_band,10-17,45,125,0.3971631205673759,0.36,0.9064285714285714,-0.03716312056737592
289,8829,8,seed_sum_mod3,0,26,94,0.3049645390070922,0.2765957446808511,0.9069767441860466,-0.02836879432624112
289,2289,2,seed_sum_mod2,1,49,136,0.3971631205673759,0.3602941176470588,0.9071691176470588,-0.036869002920317084
289,2289,2,seed_structure,AABC,45,124,0.3971631205673759,0.3629032258064516,0.9137384792626728,-0.03425989476092428
289,2289,2,seed_unique_count,3,45,124,0.3971631205673759,0.3629032258064516,0.9137384792626728,-0.03425989476092428
345,3345,3,seed_high_count,3,12,61,0.3447098976109215,0.19672131147540983,0.5706865768544067,-0.1479885861355117
345,5534,5,seed_spread_band,0-3,10,45,0.3310580204778157,0.2222222222222222,0.6712485681557846,-0.10883579825559347
345,3345,3,seed_sum_lastdigit,5,6,25,0.3447098976109215,0.24,0.6962376237623762,-0.10470989761092153
345,4435,4,seed_vtrac_unique,4,12,51,0.3242320819112628,0.23529411764705882,0.7256965944272445,-0.08893796426420397
345,4435,4,seed_structure,ABCD,31,129,0.3242320819112628,0.24031007751937986,0.7411668706650347,-0.08392200439188294
345,4435,4,seed_unique_count,4,31,129,0.3242320819112628,0.24031007751937986,0.7411668706650347,-0.08392200439188294
345,4435,4,seed_repeat_digit,none,31,129,0.3242320819112628,0.24031007751937986,0.7411668706650347,-0.08392200439188294
345,3345,3,seed_sum_band,27-36,7,27,0.3447098976109215,0.25925925925925924,0.752108544187752,-0.08545063835166228
345,3345,3,seed_even_count,1,20,77,0.3447098976109215,0.2597402597402597,0.7535039218207534,-0.08496963787066181
345,5534,5,seed_sum_lastdigit,8,7,28,0.3310580204778157,0.25,0.7551546391752577,-0.08105802047781568
345,4435,4,seed_sum_lastdigit,8,7,28,0.3242320819112628,0.25,0.7710526315789474,-0.07423208191126279
345,4435,4,seed_sum_lastdigit,9,7,27,0.3242320819112628,0.25925925925925924,0.7996101364522417,-0.06497282265200355
345,5534,5,seed_vtrac_unique,2,19,71,0.3310580204778157,0.2676056338028169,0.8083345433425294,-0.0634523866749988
345,4435,4,seed_prime_count,2,27,103,0.3242320819112628,0.2621359223300971,0.8084823709759836,-0.06209615958116571
345,3345,3,seed_sum_lastdigit,1,7,25,0.3447098976109215,0.28,0.8122772277227723,-0.0647098976109215
345,3345,3,seed_sum_lastdigit,2,9,32,0.3447098976109215,0.28125,0.8159034653465346,-0.06345989761092152
345,5534,5,seed_prime_count,0,10,37,0.3310580204778157,0.2702702702702703,0.8163833937029814,-0.0607877502075454
345,3345,3,seed_sum_mod3,0,24,85,0.3447098976109215,0.2823529411764706,0.8191030867792661,-0.06235695643445094
345,3345,3,seed_lead_band,4-6,28,98,0.3447098976109215,0.2857142857142857,0.8288543140028287,-0.058995611896635825
345,3345,3,seed_trail_band,7-9,27,93,0.3447098976109215,0.2903225806451613,0.8422229319706164,-0.05438731696576021
345,4435,4,seed_high_count,2,32,117,0.3242320819112628,0.27350427350427353,0.8435447593342331,-0.05072780840698926
345,5534,5,seed_consecutive_pairs,0,28,99,0.3310580204778157,0.2828282828282828,0.8543163594709986,-0.04822973764953287
345,5534,5,seed_lead_band,0-3,30,106,0.3310580204778157,0.2830188679245283,0.8548920443493484,-0.04803915255328739
345,5534,5,seed_trail_band,4-6,25,88,0.3310580204778157,0.2840909090909091,0.8581302717900657,-0.04696711138690657
345,3345,3,seed_structure,AABC,43,145,0.3447098976109215,0.296551724137931,0.8602936155684533,-0.048158173472990506
345,3345,3,seed_unique_count,3,43,145,0.3447098976109215,0.296551724137931,0.8602936155684533,-0.048158173472990506
345,5534,5,seed_sum_lastdigit,0,8,28,0.3310580204778157,0.2857142857142857,0.8630338733431517,-0.045343734763529986
345,5534,5,seed_high_count,4,8,28,0.3310580204778157,0.2857142857142857,0.8630338733431517,-0.045343734763529986
345,4435,4,seed_even_count,3,21,75,0.3242320819112628,0.28,0.8635789473684211,-0.044232081911262766
345,3345,3,seed_prime_count,3,14,47,0.3447098976109215,0.2978723404255319,0.8641247103433747,-0.04683755718538962
345,5534,5,seed_high_count,1,20,69,0.3310580204778157,0.2898550724637681,0.8755416106379801,-0.04120294801404756
345,4435,4,seed_trail_band,4-6,25,88,0.3242320819112628,0.2840909090909091,0.876196172248804,-0.04014117282035368
345,4435,4,seed_sum_lastdigit,0,8,28,0.3242320819112628,0.2857142857142857,0.881203007518797,-0.038517796196977094
345,5534,5,seed_sum_mod3,2,32,109,0.3310580204778157,0.29357798165137616,0.8867870992149817,-0.03748003882643952
345,5534,5,seed_sum_lastdigit,3,10,34,0.3310580204778157,0.29411764705882354,0.8884172225591268,-0.036940373418992145
345,3345,3,seed_sum_mod2,1,47,152,0.3447098976109215,0.3092105263157895,0.8970166753517457,-0.03549937129513203
345,5534,5,seed_prime_count,1,30,101,0.3310580204778157,0.297029702970297,0.8972134326834745,-0.03402831750751867
345,3345,3,seed_spread_band,4-6,39,126,0.3447098976109215,0.30952380952380953,0.8979255068363979,-0.03518608808711199
345,5534,5,seed_sum_mod2,0,42,141,0.3310580204778157,0.2978723404255319,0.8997587190173284,-0.033185680052283784
345,3345,3,seed_sum_lastdigit,4,10,32,0.3447098976109215,0.3125,0.906559405940594,-0.03220989761092152
346,3346,3,seed_prime_count,3,8,47,0.28040540540540543,0.1702127659574468,0.6070238400410151,-0.11019263944795862
346,4436,4,seed_sum_lastdigit,3,7,30,0.38175675675675674,0.23333333333333334,0.6112094395280236,-0.1484234234234234
346,6634,6,seed_sum_lastdigit,4,6,28,0.33783783783783783,0.21428571428571427,0.6342857142857142,-0.12355212355212356
346,3346,3,seed_sum_mod3,0,19,94,0.28040540540540543,0.20212765957446807,0.7208408100487054,-0.07827774583093736
346,3346,3,seed_sum_lastdigit,0,7,33,0.28040540540540543,0.21212121212121213,0.7564804673238408,-0.0682841932841933
346,3346,3,seed_sum_lastdigit,1,7,33,0.28040540540540543,0.21212121212121213,0.7564804673238408,-0.0682841932841933
346,3346,3,seed_sum_lastdigit,9,6,28,0.28040540540540543,0.21428571428571427,0.7641996557659207,-0.06611969111969115
346,6634,6,seed_prime_count,0,12,46,0.33783783783783783,0.2608695652173913,0.7721739130434783,-0.07696827262044653
346,4436,4,seed_sum_lastdigit,2,11,37,0.38175675675675674,0.2972972972972973,0.7787610619469028,-0.08445945945945943
346,6634,6,seed_spread_band,0-3,10,38,0.33783783783783783,0.2631578947368421,0.7789473684210526,-0.07467994310099574
346,6634,6,seed_prime_count,2,23,87,0.33783783783783783,0.26436781609195403,0.782528735632184,-0.0734700217458838
346,3346,3,seed_lead_band,7-9,19,86,0.28040540540540543,0.22093023255813954,0.7878957691230036,-0.05947517284726589
346,6634,6,seed_sum_lastdigit,3,8,30,0.33783783783783783,0.26666666666666666,0.7893333333333333,-0.07117117117117117
346,4436,4,seed_sum_mod3,1,30,96,0.38175675675675674,0.3125,0.8185840707964602,-0.06925675675675674
346,3346,3,seed_high_count,2,22,95,0.28040540540540543,0.23157894736842105,0.825871908687381,-0.04882645803698438
346,3346,3,seed_trail_band,7-9,16,69,0.28040540540540543,0.2318840579710145,0.826960013968919,-0.04852134743439093
346,4436,4,seed_lead_band,4-6,31,97,0.38175675675675674,0.31958762886597936,0.8371498950825654,-0.06216912789077739
346,3346,3,seed_structure,AABC,32,133,0.28040540540540543,0.24060150375939848,0.8580487362985777,-0.039803901646006945
346,3346,3,seed_unique_count,3,32,133,0.28040540540540543,0.24060150375939848,0.8580487362985777,-0.039803901646006945
346,6634,6,seed_mirror_pairs_any,no,44,151,0.33783783783783783,0.2913907284768212,0.8625165562913907,-0.04644710936101665
346,4436,4,seed_even_count,3,29,87,0.38175675675675674,0.3333333333333333,0.8731563421828908,-0.04842342342342343
346,6634,6,seed_sum_lastdigit,2,11,37,0.33783783783783783,0.2972972972972973,0.8800000000000001,-0.040540540540540515
346,4436,4,seed_high_count,3,28,83,0.38175675675675674,0.3373493975903614,0.8836762981128051,-0.04440735916639532
346,4436,4,seed_prime_count,3,16,47,0.38175675675675674,0.3404255319148936,0.8917341366974204,-0.041331224841863135
346,6634,6,seed_sum_mod3,1,29,96,0.33783783783783783,0.3020833333333333,0.8941666666666667,-0.035754504504504514
346,6634,6,seed_sum_lastdigit,1,10,33,0.33783783783783783,0.30303030303030304,0.896969696969697,-0.03480753480753479
346,4436,4,seed_high_count,1,25,73,0.38175675675675674,0.3424657534246575,0.8970784337495454,-0.03929100333209923
346,4436,4,seed_prime_count,1,37,108,0.38175675675675674,0.3425925925925926,0.8974106850213046,-0.03916416416416413
346,4436,4,seed_vtrac_unique,2,24,70,0.38175675675675674,0.34285714285714286,0.8981036662452592,-0.03889961389961388
346,3346,3,seed_sum_mod3,2,27,106,0.28040540540540543,0.25471698113207547,0.9083882700613775,-0.025688424273329957
346,3346,3,seed_mirror_pairs_any,yes,37,145,0.28040540540540543,0.25517241379310346,0.9100124636476942,-0.02523299161230197
346,4436,4,seed_prime_count,0,16,46,0.38175675675675674,0.34782608695652173,0.911119661408234,-0.033930669800235014
346,3346,3,seed_sum_lastdigit,7,11,43,0.28040540540540543,0.2558139534883721,0.9123003642476883,-0.024591451917033325
346,4436,4,seed_sum_lastdigit,7,15,43,0.38175675675675674,0.3488372093023256,0.9137682650751184,-0.03291954745443115
346,3346,3,seed_vtrac_unique,2,18,70,0.28040540540540543,0.2571428571428571,0.9170395869191048,-0.02326254826254831
346,6634,6,seed_sum_mod3,2,33,106,0.33783783783783783,0.3113207547169811,0.9215094339622641,-0.02651708312085671
346,3346,3,seed_spread_band,7-9,32,123,0.28040540540540543,0.2601626016260163,0.9278087961602508,-0.02024280377938914
346,6634,6,seed_lead_band,7-9,27,86,0.33783783783783783,0.313953488372093,0.9293023255813954,-0.023884349465744803
346,6634,6,seed_sum_band,10-17,38,121,0.33783783783783783,0.3140495867768595,0.9295867768595042,-0.023788251060978316
346,4436,4,seed_spread_band,4-6,48,135,0.38175675675675674,0.35555555555555557,0.9313667649950836,-0.026201201201201174
347,7734,7,seed_vtrac_unique,4,11,62,0.3096774193548387,0.1774193548387097,0.5729166666666666,-0.13225806451612904
347,7734,7,seed_sum_lastdigit,0,6,32,0.3096774193548387,0.1875,0.60546875,-0.12217741935483872
347,3347,3,seed_even_count,0,6,25,0.34838709677419355,0.24,0.6888888888888889,-0.10838709677419356
347,3347,3,seed_sum_lastdigit,4,8,33,0.34838709677419355,0.24242424242424243,0.6958473625140292,-0.10596285434995112
347,3347,3,seed_consecutive_pairs,2,14,57,0.34838709677419355,0.24561403508771928,0.7050032488628979,-0.10277306168647427
347,7734,7,seed_prime_count,3,12,54,0.3096774193548387,0.2222222222222222,0.7175925925925926,-0.08745519713261651
347,3347,3,seed_sum_lastdigit,5,8,31,0.34838709677419355,0.25806451612903225,0.7407407407407407,-0.0903225806451613
347,3347,3,seed_lead_band,7-9,22,85,0.34838709677419355,0.25882352941176473,0.7429193899782136,-0.08956356736242882
347,3347,3,seed_sum_lastdigit,8,9,34,0.34838709677419355,0.2647058823529412,0.7598039215686274,-0.08368121442125237
347,7734,7,seed_sum_lastdigit,9,8,33,0.3096774193548387,0.24242424242424243,0.7828282828282828,-0.06725317693059629
347,4437,4,seed_sum_lastdigit,9,9,33,0.3419354838709677,0.2727272727272727,0.7975986277873071,-0.06920821114369502
347,7734,7,seed_sum_lastdigit,1,8,32,0.3096774193548387,0.25,0.8072916666666666,-0.05967741935483872
347,7734,7,seed_prime_count,0,8,32,0.3096774193548387,0.25,0.8072916666666666,-0.05967741935483872
347,7734,7,seed_consecutive_pairs,0,30,117,0.3096774193548387,0.2564102564102564,0.8279914529914529,-0.053267162944582336
347,3347,3,seed_sum_lastdigit,3,9,31,0.34838709677419355,0.2903225806451613,0.8333333333333334,-0.05806451612903224
347,4437,4,seed_sum_lastdigit,3,9,31,0.3419354838709677,0.2903225806451613,0.849056603773585,-0.05161290322580642
347,3347,3,seed_prime_count,3,16,54,0.34838709677419355,0.2962962962962963,0.8504801097393689,-0.05209080047789727
347,3347,3,seed_sum_lastdigit,2,11,37,0.34838709677419355,0.2972972972972973,0.8533533533533534,-0.051089799476896236
347,4437,4,seed_lead_band,0-3,40,136,0.3419354838709677,0.29411764705882354,0.8601553829078802,-0.04781783681214419
347,7734,7,seed_mirror_pairs_any,no,43,161,0.3096774193548387,0.2670807453416149,0.8624482401656315,-0.04259667401322381
347,3347,3,seed_sum_mod3,0,29,96,0.34838709677419355,0.3020833333333333,0.867091049382716,-0.046303763440860235
347,3347,3,seed_high_count,3,23,76,0.34838709677419355,0.3026315789473684,0.8686647173489279,-0.04575551782682513
347,3347,3,seed_vtrac_unique,2,21,69,0.34838709677419355,0.30434782608695654,0.8735909822866346,-0.04403927068723701
347,4437,4,seed_sum_mod3,1,33,110,0.3419354838709677,0.3,0.8773584905660378,-0.04193548387096774
347,4437,4,seed_sum_lastdigit,4,10,33,0.3419354838709677,0.30303030303030304,0.8862206975414523,-0.03890518084066469
347,4437,4,seed_spread_band,0-3,10,33,0.3419354838709677,0.30303030303030304,0.8862206975414523,-0.03890518084066469
347,4437,4,seed_high_count,1,24,79,0.3419354838709677,0.3037974683544304,0.8884642942440889,-0.03813801551653734
347,4437,4,seed_prime_count,2,31,102,0.3419354838709677,0.30392156862745096,0.8888272290048095,-0.03801391524351677
347,4437,4,seed_even_count,1,22,72,0.3419354838709677,0.3055555555555556,0.8936058700209645,-0.03637992831541215
347,4437,4,seed_structure,AABC,38,124,0.3419354838709677,0.3064516129032258,0.8962264150943396,-0.035483870967741915
347,4437,4,seed_unique_count,3,38,124,0.3419354838709677,0.3064516129032258,0.8962264150943396,-0.035483870967741915
347,7734,7,seed_sum_mod3,2,29,104,0.3096774193548387,0.27884615384615385,0.9004407051282051,-0.03083126550868487
347,3347,3,seed_spread_band,4-6,44,140,0.34838709677419355,0.3142857142857143,0.9021164021164021,-0.03410138248847927
347,7734,7,seed_lead_band,4-6,25,89,0.3096774193548387,0.2808988764044944,0.9070692883895132,-0.02877854295034432
347,3347,3,seed_trail_band,0-3,38,120,0.34838709677419355,0.31666666666666665,0.9089506172839505,-0.0317204301075269
347,4437,4,seed_trail_band,7-9,33,106,0.3419354838709677,0.3113207547169811,0.9104663581345674,-0.03061472915398661
347,7734,7,seed_high_count,2,33,117,0.3096774193548387,0.28205128205128205,0.9107905982905983,-0.027626137303556675
347,4437,4,seed_prime_count,1,35,112,0.3419354838709677,0.3125,0.9139150943396227,-0.029435483870967727
347,7734,7,seed_structure,ABCD,47,166,0.3096774193548387,0.28313253012048195,0.9142821285140562,-0.026544889234356772
347,7734,7,seed_unique_count,4,47,166,0.3096774193548387,0.28313253012048195,0.9142821285140562,-0.026544889234356772
348,8834,8,seed_sum_lastdigit,6,7,30,0.3611111111111111,0.23333333333333334,0.6461538461538462,-0.12777777777777777
348,3348,3,seed_sum_lastdigit,4,9,40,0.3159722222222222,0.225,0.7120879120879121,-0.0909722222222222
348,3348,3,seed_prime_count,0,6,25,0.3159722222222222,0.24,0.7595604395604396,-0.07597222222222222
348,3348,3,seed_spread_band,4-6,36,149,0.3159722222222222,0.24161073825503357,0.7646581606313151,-0.07436148396718864
348,4438,4,seed_sum_lastdigit,2,8,32,0.3229166666666667,0.25,0.7741935483870968,-0.07291666666666669
348,3348,3,seed_sum_mod3,2,24,98,0.3159722222222222,0.24489795918367346,0.7750616730208567,-0.07107426303854875
348,3348,3,seed_consecutive_pairs,2,13,53,0.3159722222222222,0.24528301886792453,0.7762803234501348,-0.07068920335429768
348,4438,4,seed_trail_band,7-9,23,90,0.3229166666666667,0.25555555555555554,0.7913978494623655,-0.06736111111111115
348,4438,4,seed_lead_band,7-9,20,78,0.3229166666666667,0.2564102564102564,0.7940446650124068,-0.0665064102564103
348,4438,4,seed_spread_band,0-3,7,27,0.3229166666666667,0.25925925925925924,0.8028673835125447,-0.06365740740740744
348,4438,4,seed_sum_mod3,1,25,95,0.3229166666666667,0.2631578947368421,0.8149405772495755,-0.059758771929824595
348,3348,3,seed_sum_lastdigit,5,7,27,0.3159722222222222,0.25925925925925924,0.8205128205128205,-0.056712962962962965
348,8834,8,seed_even_count,3,19,63,0.3611111111111111,0.30158730158730157,0.8351648351648351,-0.059523809523809534
348,8834,8,seed_sum_mod3,0,29,95,0.3611111111111111,0.30526315789473685,0.8453441295546559,-0.05584795321637426
348,3348,3,seed_even_count,3,17,63,0.3159722222222222,0.2698412698412698,0.8540031397174254,-0.046130952380952384
348,3348,3,seed_high_count,3,20,74,0.3159722222222222,0.2702702702702703,0.8553608553608555,-0.045701951951951925
348,8834,8,seed_prime_count,3,13,42,0.3611111111111111,0.30952380952380953,0.8571428571428572,-0.05158730158730157
348,3348,3,seed_high_count,1,19,70,0.3159722222222222,0.2714285714285714,0.8590266875981162,-0.0445436507936508
348,4438,4,seed_sum_lastdigit,8,10,36,0.3229166666666667,0.2777777777777778,0.8602150537634409,-0.045138888888888895
348,8834,8,seed_consecutive_pairs,0,32,103,0.3611111111111111,0.3106796116504854,0.8603435399551904,-0.050431499460625695
348,8834,8,seed_spread_band,7-9,35,112,0.3611111111111111,0.3125,0.8653846153846154,-0.048611111111111105
348,8834,8,seed_lead_band,0-3,38,119,0.3611111111111111,0.31932773109243695,0.8842921784098254,-0.041783380018674154
348,4438,4,seed_lead_band,4-6,26,91,0.3229166666666667,0.2857142857142857,0.8847926267281105,-0.03720238095238099
348,3348,3,seed_sum_band,10-17,35,125,0.3159722222222222,0.28,0.8861538461538463,-0.03597222222222218
348,4438,4,seed_even_count,1,17,59,0.3229166666666667,0.288135593220339,0.8922908693275013,-0.03478107344632769
348,3348,3,seed_mirror_pairs_any,no,43,152,0.3159722222222222,0.28289473684210525,0.8953152111046848,-0.033077485380116955
348,3348,3,seed_vtrac_unique,4,15,53,0.3159722222222222,0.2830188679245283,0.8957080655193863,-0.032953354297693915
348,3348,3,seed_trail_band,4-6,25,88,0.3159722222222222,0.2840909090909091,0.8991008991008992,-0.031881313131313094
348,8834,8,seed_high_count,2,38,117,0.3611111111111111,0.3247863247863248,0.8994082840236687,-0.03632478632478631
348,8834,8,seed_sum_band,18-26,40,123,0.3611111111111111,0.3252032520325203,0.900562851782364,-0.03590785907859079
348,3348,3,seed_lead_band,0-3,34,119,0.3159722222222222,0.2857142857142857,0.9042386185243328,-0.03025793650793651
348,4438,4,seed_spread_band,7-9,33,112,0.3229166666666667,0.29464285714285715,0.912442396313364,-0.028273809523809534
348,4438,4,seed_sum_mod2,0,49,166,0.3229166666666667,0.29518072289156627,0.91410804508356,-0.027735943775100413
348,4438,4,seed_even_count,2,37,125,0.3229166666666667,0.296,0.9166451612903225,-0.0269166666666667
348,4438,4,seed_prime_count,1,30,101,0.3229166666666667,0.297029702970297,0.9198339188757585,-0.02588696369636967
348,8834,8,seed_sum_lastdigit,5,9,27,0.3611111111111111,0.3333333333333333,0.923076923076923,-0.02777777777777779
348,8834,8,seed_spread_band,0-3,9,27,0.3611111111111111,0.3333333333333333,0.923076923076923,-0.02777777777777779
348,4438,4,seed_sum_lastdigit,4,12,40,0.3229166666666667,0.3,0.9290322580645161,-0.022916666666666696
348,8834,8,seed_sum_mod2,1,41,122,0.3611111111111111,0.3360655737704918,0.9306431273644388,-0.025045537340619317
348,8834,8,seed_trail_band,0-3,37,110,0.3611111111111111,0.33636363636363636,0.9314685314685315,-0.02474747474747474
349,9934,9,seed_spread_band,0-3,5,27,0.3234323432343234,0.18518518518518517,0.572562358276644,-0.13824715804913823
349,9934,9,seed_sum_lastdigit,5,5,26,0.3234323432343234,0.19230769230769232,0.5945839874411304,-0.1311246509266311
349,3349,3,seed_sum_lastdigit,3,6,29,0.3333333333333333,0.20689655172413793,0.6206896551724138,-0.1264367816091954
349,4439,4,seed_sum_lastdigit,0,6,28,0.3432343234323432,0.21428571428571427,0.6243131868131868,-0.12894860914662895
349,4439,4,seed_prime_count,0,9,42,0.3432343234323432,0.21428571428571427,0.6243131868131868,-0.12894860914662895
349,9934,9,seed_sum_lastdigit,2,7,32,0.3234323432343234,0.21875,0.6763392857142858,-0.1046823432343234
349,9934,9,seed_vtrac_unique,2,15,68,0.3234323432343234,0.22058823529411764,0.6820228091236495,-0.10284410794020576
349,9934,9,seed_even_count,3,17,77,0.3234323432343234,0.22077922077922077,0.6826133050622847,-0.10265312245510264
349,3349,3,seed_sum_lastdigit,4,8,33,0.3333333333333333,0.24242424242424243,0.7272727272727273,-0.09090909090909088
349,3349,3,seed_sum_lastdigit,2,8,32,0.3333333333333333,0.25,0.75,-0.08333333333333331
349,4439,4,seed_sum_lastdigit,4,9,33,0.3432343234323432,0.2727272727272727,0.7945804195804196,-0.07050705070507052
349,4439,4,seed_consecutive_pairs,2,14,50,0.3432343234323432,0.28,0.8157692307692309,-0.0632343234323432
349,4439,4,seed_sum_lastdigit,8,9,32,0.3432343234323432,0.28125,0.8194110576923077,-0.061984323432343225
349,4439,4,seed_trail_band,7-9,26,91,0.3432343234323432,0.2857142857142857,0.8324175824175823,-0.057520037718057526
349,3349,3,seed_trail_band,0-3,34,121,0.3333333333333333,0.2809917355371901,0.8429752066115703,-0.052341597796143224
349,9934,9,seed_sum_lastdigit,9,9,33,0.3234323432343234,0.2727272727272727,0.8432282003710575,-0.0507050705070507
349,9934,9,seed_trail_band,4-6,25,91,0.3234323432343234,0.27472527472527475,0.849405696344472,-0.04870706850904866
349,4439,4,seed_high_count,1,21,72,0.3432343234323432,0.2916666666666667,0.8497596153846154,-0.05156765676567654
349,9934,9,seed_sum_lastdigit,3,8,29,0.3234323432343234,0.27586206896551724,0.8529204785362421,-0.04757027426880617
349,3349,3,seed_sum_band,10-17,35,123,0.3333333333333333,0.2845528455284553,0.8536585365853658,-0.04878048780487804
349,3349,3,seed_even_count,1,22,77,0.3333333333333333,0.2857142857142857,0.8571428571428571,-0.047619047619047616
349,9934,9,seed_sum_band,18-26,39,140,0.3234323432343234,0.2785714285714286,0.8612973760932946,-0.044860914662894824
349,3349,3,seed_prime_count,2,27,94,0.3333333333333333,0.2872340425531915,0.8617021276595745,-0.0460992907801418
349,9934,9,seed_mirror_pairs_any,yes,42,149,0.3234323432343234,0.28187919463087246,0.8715244487056568,-0.04155314860345094
349,4439,4,seed_sum_lastdigit,9,10,33,0.3432343234323432,0.30303030303030304,0.8828671328671329,-0.040204020402040186
349,9934,9,seed_sum_mod2,1,44,154,0.3234323432343234,0.2857142857142857,0.8833819241982508,-0.03771805752003771
349,3349,3,seed_sum_mod3,2,28,95,0.3333333333333333,0.29473684210526313,0.8842105263157894,-0.038596491228070184
349,3349,3,seed_spread_band,4-6,38,128,0.3333333333333333,0.296875,0.890625,-0.036458333333333315
349,9934,9,seed_prime_count,1,34,118,0.3234323432343234,0.288135593220339,0.8908682116914564,-0.03529675001398441
349,4439,4,seed_sum_lastdigit,5,8,26,0.3432343234323432,0.3076923076923077,0.8964497041420119,-0.035542015740035515
349,3349,3,seed_vtrac_unique,3,52,173,0.3333333333333333,0.30057803468208094,0.9017341040462429,-0.032755298651252374
349,4439,4,seed_prime_count,3,14,45,0.3432343234323432,0.3111111111111111,0.9064102564102564,-0.03212321232123211
349,4439,4,seed_mirror_pairs_any,no,48,154,0.3432343234323432,0.3116883116883117,0.9080919080919081,-0.031546011744031544
349,9934,9,seed_consecutive_pairs,0,31,105,0.3234323432343234,0.29523809523809524,0.9128279883381926,-0.02819424799622816
349,4439,4,seed_even_count,2,37,118,0.3432343234323432,0.3135593220338983,0.9135430247718384,-0.029675001398444922
349,4439,4,seed_structure,AABC,40,127,0.3432343234323432,0.31496062992125984,0.917625681405209,-0.028273693511083386
349,4439,4,seed_unique_count,3,40,127,0.3432343234323432,0.31496062992125984,0.917625681405209,-0.028273693511083386
349,4439,4,seed_lead_band,4-6,26,82,0.3432343234323432,0.3170731707317073,0.9237804878048781,-0.026161152700635903
349,9934,9,seed_high_count,3,18,60,0.3234323432343234,0.3,0.9275510204081633,-0.023432343234323416
349,9934,9,seed_lead_band,7-9,29,96,0.3234323432343234,0.3020833333333333,0.9339923469387755,-0.02134900990099009
356,5536,5,seed_sum_lastdigit,2,5,28,0.3263157894736842,0.17857142857142858,0.5472350230414746,-0.14774436090225565
356,3356,3,seed_sum_lastdigit,7,7,30,0.3508771929824561,0.23333333333333334,0.665,-0.11754385964912278
356,5536,5,seed_sum_lastdigit,5,7,30,0.3263157894736842,0.23333333333333334,0.7150537634408602,-0.09298245614035089
356,3356,3,seed_prime_count,3,12,45,0.3508771929824561,0.26666666666666666,0.76,-0.08421052631578946
356,3356,3,seed_sum_lastdigit,1,7,26,0.3508771929824561,0.2692307692307692,0.7673076923076924,-0.0816464237516869
356,3356,3,seed_high_count,1,16,57,0.3508771929824561,0.2807017543859649,0.8,-0.07017543859649122
356,5536,5,seed_high_count,1,15,57,0.3263157894736842,0.2631578947368421,0.8064516129032258,-0.06315789473684214
356,3356,3,seed_spread_band,7-9,31,107,0.3508771929824561,0.2897196261682243,0.8257009345794393,-0.061157566814231845
356,6635,6,seed_high_count,3,22,82,0.32280701754385965,0.2682926829268293,0.8311240721102864,-0.05451433461703037
356,6635,6,seed_sum_lastdigit,1,7,26,0.32280701754385965,0.2692307692307692,0.8340301003344481,-0.053576248313090435
356,6635,6,seed_vtrac_unique,2,20,74,0.32280701754385965,0.2702702702702703,0.837250293772033,-0.05253674727358937
356,3356,3,seed_lead_band,7-9,21,71,0.3508771929824561,0.29577464788732394,0.8429577464788732,-0.05510254509513218
356,6635,6,seed_lead_band,4-6,24,88,0.32280701754385965,0.2727272727272727,0.8448616600790513,-0.050079744816586946
356,6635,6,seed_sum_lastdigit,3,8,29,0.32280701754385965,0.27586206896551724,0.8545727136431784,-0.046944948578342416
356,3356,3,seed_sum_lastdigit,4,9,30,0.3508771929824561,0.3,0.855,-0.05087719298245613
356,6635,6,seed_prime_count,2,25,90,0.32280701754385965,0.2777777777777778,0.8605072463768116,-0.04502923976608186
356,6635,6,seed_consecutive_pairs,0,27,97,0.32280701754385965,0.27835051546391754,0.8622814881219184,-0.04445650207994212
356,5536,5,seed_consecutive_pairs,2,17,60,0.3263157894736842,0.2833333333333333,0.868279569892473,-0.0429824561403509
356,3356,3,seed_sum_lastdigit,0,9,29,0.3508771929824561,0.3103448275862069,0.8844827586206897,-0.040532365396249215
356,3356,3,seed_sum_lastdigit,3,9,29,0.3508771929824561,0.3103448275862069,0.8844827586206897,-0.040532365396249215
356,6635,6,seed_sum_mod3,2,26,91,0.32280701754385965,0.2857142857142857,0.8850931677018633,-0.037092731829573955
356,6635,6,seed_spread_band,4-6,38,133,0.32280701754385965,0.2857142857142857,0.8850931677018633,-0.037092731829573955
356,3356,3,seed_even_count,1,25,80,0.3508771929824561,0.3125,0.890625,-0.03837719298245612
356,5536,5,seed_sum_band,10-17,30,103,0.3263157894736842,0.2912621359223301,0.8925775133103663,-0.03505365355135415
356,5536,5,seed_lead_band,0-3,37,126,0.3263157894736842,0.29365079365079366,0.8998975934459805,-0.032664995822890563
356,5536,5,seed_sum_mod3,0,30,102,0.3263157894736842,0.29411764705882354,0.9013282732447818,-0.032198142414860687
356,6635,6,seed_trail_band,4-6,30,103,0.32280701754385965,0.2912621359223301,0.9022794428028703,-0.031544881621529575
356,6635,6,seed_high_count,2,32,109,0.32280701754385965,0.29357798165137616,0.9094535301156761,-0.02922903589248349
356,6635,6,seed_vtrac_unique,4,13,44,0.32280701754385965,0.29545454545454547,0.9152667984189724,-0.027352472089314184
356,6635,6,seed_sum_lastdigit,8,8,27,0.32280701754385965,0.2962962962962963,0.9178743961352657,-0.026510721247563374
356,5536,5,seed_sum_lastdigit,4,9,30,0.3263157894736842,0.3,0.9193548387096774,-0.026315789473684237
356,3356,3,seed_even_count,2,38,117,0.3508771929824561,0.3247863247863248,0.9256410256410257,-0.026090868196131323
356,5536,5,seed_trail_band,7-9,26,86,0.3263157894736842,0.3023255813953488,0.9264816204051012,-0.023990208078335407
356,3356,3,seed_trail_band,7-9,28,86,0.3508771929824561,0.32558139534883723,0.9279069767441862,-0.02529579763361889
356,3356,3,seed_sum_mod2,1,46,141,0.3508771929824561,0.3262411347517731,0.9297872340425534,-0.024636058230683044
356,5536,5,seed_vtrac_unique,3,50,163,0.3263157894736842,0.3067484662576687,0.9400356224025331,-0.01956732321601551
356,3356,3,seed_structure,ABCD,41,124,0.3508771929824561,0.33064516129032256,0.9423387096774194,-0.020232031692133556
356,3356,3,seed_unique_count,4,41,124,0.3508771929824561,0.33064516129032256,0.9423387096774194,-0.020232031692133556
356,3356,3,seed_repeat_digit,none,41,124,0.3508771929824561,0.33064516129032256,0.9423387096774194,-0.020232031692133556
356,6635,6,seed_mirror_pairs_any,no,47,154,0.32280701754385965,0.3051948051948052,0.9454404291360813,-0.017612212349054468
357,3357,3,seed_sum_lastdigit,7,6,30,0.3539518900343643,0.2,0.5650485436893203,-0.15395189003436427
357,5537,5,seed_sum_lastdigit,6,5,25,0.3402061855670103,0.2,0.5878787878787879,-0.1402061855670103
357,7735,7,seed_vtrac_unique,2,12,66,0.30584192439862545,0.18181818181818182,0.5944841675178754,-0.12402374258044363
357,7735,7,seed_sum_mod3,1,16,86,0.30584192439862545,0.18604651162790697,0.6083093807159654,-0.11979541277071848
357,3357,3,seed_high_count,1,19,86,0.3539518900343643,0.22093023255813954,0.624181530819598,-0.13302165747622474
357,5537,5,seed_spread_band,0-3,10,44,0.3402061855670103,0.22727272727272727,0.6680440771349861,-0.11293345829428306
357,7735,7,seed_sum_lastdigit,8,7,32,0.30584192439862545,0.21875,0.7152387640449438,-0.08709192439862545
357,7735,7,seed_prime_count,3,12,54,0.30584192439862545,0.2222222222222222,0.7265917602996254,-0.08361970217640324
357,3357,3,seed_sum_band,10-17,31,120,0.3539518900343643,0.25833333333333336,0.7298543689320389,-0.09561855670103092
357,3357,3,seed_vtrac_unique,4,12,45,0.3539518900343643,0.26666666666666666,0.7533980582524271,-0.08728522336769762
357,5537,5,seed_sum_lastdigit,1,7,27,0.3402061855670103,0.25925925925925924,0.7620650953984287,-0.08094692630775108
357,7735,7,seed_even_count,1,17,67,0.30584192439862545,0.2537313432835821,0.8296159651182291,-0.05211058111504335
357,5537,5,seed_vtrac_unique,4,13,45,0.3402061855670103,0.28888888888888886,0.849158249158249,-0.05131729667812146
357,7735,7,seed_spread_band,4-6,31,118,0.30584192439862545,0.2627118644067797,0.8589792420491335,-0.04313005999184577
357,7735,7,seed_mirror_pairs_any,yes,36,137,0.30584192439862545,0.26277372262773724,0.859181497580579,-0.043068201770888215
357,3357,3,seed_even_count,3,21,69,0.3539518900343643,0.30434782608695654,0.8598564795272267,-0.04960406394740774
357,7735,7,seed_sum_band,18-26,34,129,0.30584192439862545,0.26356589147286824,0.8617716226809512,-0.04227603292575721
357,5537,5,seed_prime_count,2,26,88,0.3402061855670103,0.29545454545454547,0.8684573002754821,-0.04475164011246485
357,5537,5,seed_sum_mod3,2,29,98,0.3402061855670103,0.29591836734693877,0.8698206555349413,-0.04428781822007155
357,5537,5,seed_lead_band,7-9,29,98,0.3402061855670103,0.29591836734693877,0.8698206555349413,-0.04428781822007155
357,3357,3,seed_sum_mod3,0,33,107,0.3539518900343643,0.308411214953271,0.8713365393339986,-0.045540675081093274
357,5537,5,seed_structure,ABCD,41,138,0.3402061855670103,0.2971014492753623,0.8732981993851558,-0.043104736291648016
357,5537,5,seed_unique_count,4,41,138,0.3402061855670103,0.2971014492753623,0.8732981993851558,-0.043104736291648016
357,5537,5,seed_repeat_digit,none,41,138,0.3402061855670103,0.2971014492753623,0.8732981993851558,-0.043104736291648016
357,5537,5,seed_high_count,3,21,70,0.3402061855670103,0.3,0.8818181818181817,-0.04020618556701033
357,7735,7,seed_lead_band,4-6,19,70,0.30584192439862545,0.2714285714285714,0.8874799357945424,-0.034413352970054045
357,5537,5,seed_sum_lastdigit,5,10,33,0.3402061855670103,0.30303030303030304,0.8907254361799817,-0.03717588253670728
357,7735,7,seed_sum_lastdigit,5,9,33,0.30584192439862545,0.2727272727272727,0.8917262512768129,-0.033114651671352746
357,7735,7,seed_prime_count,0,9,33,0.30584192439862545,0.2727272727272727,0.8917262512768129,-0.033114651671352746
357,3357,3,seed_lead_band,0-3,39,123,0.3539518900343643,0.3170731707317073,0.8958086668245323,-0.03687871930265696
357,5537,5,seed_prime_count,1,32,105,0.3402061855670103,0.3047619047619048,0.8958152958152958,-0.03544428080510553
357,7735,7,seed_trail_band,7-9,23,83,0.30584192439862545,0.27710843373493976,0.9060511709760389,-0.02873349066368569
357,3357,3,seed_consecutive_pairs,0,31,96,0.3539518900343643,0.3229166666666667,0.9123179611650486,-0.031035223367697595
357,5537,5,seed_consecutive_pairs,1,41,132,0.3402061855670103,0.3106060606060606,0.9129935720844812,-0.029600124960949714
357,5537,5,seed_mirror_pairs_any,no,48,154,0.3402061855670103,0.3116883116883117,0.9161747343565525,-0.02851787387869864
357,3357,3,seed_structure,AABC,42,129,0.3539518900343643,0.32558139534883723,0.9198464664709867,-0.028370494685527048
357,3357,3,seed_unique_count,3,42,129,0.3539518900343643,0.32558139534883723,0.9198464664709867,-0.028370494685527048
357,3357,3,seed_spread_band,7-9,42,129,0.3539518900343643,0.32558139534883723,0.9198464664709867,-0.028370494685527048
357,3357,3,seed_sum_mod3,2,32,98,0.3539518900343643,0.32653061224489793,0.9225282345948087,-0.027421277789466347
357,5537,5,seed_sum_lastdigit,4,11,35,0.3402061855670103,0.3142857142857143,0.9238095238095237,-0.025920471281296042
358,5538,5,seed_sum_lastdigit,3,7,30,0.37037037037037035,0.23333333333333334,0.63,-0.137037037037037
358,3358,3,seed_prime_count,0,6,36,0.23703703703703705,0.16666666666666666,0.7031249999999999,-0.07037037037037039
358,8835,8,seed_prime_count,3,12,43,0.3925925925925926,0.27906976744186046,0.7108380868802106,-0.11352282515073214
358,8835,8,seed_trail_band,0-3,29,96,0.3925925925925926,0.3020833333333333,0.7694575471698113,-0.09050925925925929
358,3358,3,seed_trail_band,7-9,18,96,0.23703703703703705,0.1875,0.791015625,-0.049537037037037046
358,3358,3,seed_lead_band,4-6,13,69,0.23703703703703705,0.18840579710144928,0.7948369565217391,-0.04863123993558777
358,3358,3,seed_spread_band,0-3,7,37,0.23703703703703705,0.1891891891891892,0.7981418918918919,-0.047847847847847846
358,3358,3,seed_sum_lastdigit,4,5,26,0.23703703703703705,0.19230769230769232,0.811298076923077,-0.04472934472934473
358,5538,5,seed_prime_count,2,26,86,0.37037037037037035,0.3023255813953488,0.8162790697674419,-0.06804478897502153
358,8835,8,seed_sum_lastdigit,0,11,34,0.3925925925925926,0.3235294117647059,0.8240843507214206,-0.0690631808278867
358,3358,3,seed_sum_mod2,0,28,141,0.23703703703703705,0.19858156028368795,0.8377659574468085,-0.038455476753349094
358,3358,3,seed_sum_lastdigit,3,6,30,0.23703703703703705,0.2,0.84375,-0.037037037037037035
358,5538,5,seed_even_count,3,20,64,0.37037037037037035,0.3125,0.84375,-0.05787037037037035
358,5538,5,seed_vtrac_unique,2,20,64,0.37037037037037035,0.3125,0.84375,-0.05787037037037035
358,3358,3,seed_even_count,2,22,108,0.23703703703703705,0.2037037037037037,0.8593749999999999,-0.033333333333333354
358,3358,3,seed_sum_mod3,1,16,78,0.23703703703703705,0.20512820512820512,0.8653846153846153,-0.031908831908831925
358,3358,3,seed_high_count,3,15,73,0.23703703703703705,0.2054794520547945,0.8668664383561643,-0.03155758498224254
358,8835,8,seed_consecutive_pairs,2,15,44,0.3925925925925926,0.3409090909090909,0.8683533447684391,-0.05168350168350172
358,3358,3,seed_sum_lastdigit,0,7,34,0.23703703703703705,0.20588235294117646,0.8685661764705882,-0.031154684095860585
358,5538,5,seed_spread_band,4-6,39,121,0.37037037037037035,0.32231404958677684,0.8702479338842976,-0.04805632078359351
358,5538,5,seed_sum_mod2,1,42,129,0.37037037037037035,0.32558139534883723,0.8790697674418606,-0.04478897502153312
358,8835,8,seed_spread_band,7-9,39,112,0.3925925925925926,0.3482142857142857,0.8869609164420484,-0.044378306878306906
358,5538,5,seed_trail_band,4-6,26,78,0.37037037037037035,0.3333333333333333,0.9,-0.037037037037037035
358,3358,3,seed_sum_lastdigit,2,6,28,0.23703703703703705,0.21428571428571427,0.9040178571428571,-0.022751322751322772
358,5538,5,seed_even_count,1,22,65,0.37037037037037035,0.3384615384615385,0.913846153846154,-0.03190883190883187
358,8835,8,seed_sum_band,10-17,37,103,0.3925925925925926,0.3592233009708738,0.9150027477559992,-0.03336929162171881
358,3358,3,seed_sum_mod3,2,22,101,0.23703703703703705,0.21782178217821782,0.9189356435643564,-0.019215254858819225
358,5538,5,seed_consecutive_pairs,2,15,44,0.37037037037037035,0.3409090909090909,0.9204545454545454,-0.029461279461279466
358,8835,8,seed_sum_mod3,0,33,91,0.3925925925925926,0.3626373626373626,0.923698942566867,-0.02995522995522998
358,3358,3,seed_consecutive_pairs,1,29,132,0.23703703703703705,0.2196969696969697,0.9268465909090908,-0.01734006734006735
358,5538,5,seed_mirror_pairs_any,yes,44,128,0.37037037037037035,0.34375,0.9281250000000001,-0.02662037037037035
358,8835,8,seed_lead_band,0-3,43,118,0.3925925925925926,0.3644067796610169,0.9282059481931563,-0.028185812931575682
358,5538,5,seed_sum_lastdigit,6,9,26,0.37037037037037035,0.34615384615384615,0.9346153846153846,-0.024216524216524205
358,3358,3,seed_sum_lastdigit,8,6,27,0.23703703703703705,0.2222222222222222,0.9374999999999999,-0.014814814814814836
358,3358,3,seed_vtrac_unique,3,34,153,0.23703703703703705,0.2222222222222222,0.9374999999999999,-0.014814814814814836
358,8835,8,seed_sum_lastdigit,8,10,27,0.3925925925925926,0.37037037037037035,0.9433962264150942,-0.022222222222222254
358,8835,8,seed_sum_lastdigit,7,13,35,0.3925925925925926,0.37142857142857144,0.9460916442048518,-0.021164021164021163
358,3358,3,seed_vtrac_unique,4,11,49,0.23703703703703705,0.22448979591836735,0.9470663265306122,-0.0125472411186697
358,5538,5,seed_high_count,2,33,94,0.37037037037037035,0.35106382978723405,0.947872340425532,-0.0193065405831363
358,5538,5,seed_sum_mod3,0,32,91,0.37037037037037035,0.3516483516483517,0.9494505494505496,-0.018722018722018674
359,5539,5,seed_sum_lastdigit,7,6,31,0.3408360128617363,0.1935483870967742,0.5678636640292148,-0.14728762576496213
359,3359,3,seed_sum_lastdigit,4,9,37,0.36012861736334406,0.24324324324324326,0.675434362934363,-0.1168853741201008
359,5539,5,seed_high_count,1,19,82,0.3408360128617363,0.23170731707317074,0.6798205246203406,-0.10912869578856557
359,9935,9,seed_even_count,1,17,81,0.2990353697749196,0.20987654320987653,0.7018452143900172,-0.08915882656504309
359,9935,9,seed_sum_lastdigit,2,7,33,0.2990353697749196,0.21212121212121213,0.7093515803193222,-0.0869141576537075
359,9935,9,seed_spread_band,0-3,9,41,0.2990353697749196,0.21951219512195122,0.7340676632572777,-0.0795231746529684
359,3359,3,seed_lead_band,7-9,23,86,0.36012861736334406,0.26744186046511625,0.7426287375415281,-0.0926867568982278
359,9935,9,seed_sum_lastdigit,1,8,36,0.2990353697749196,0.2222222222222222,0.7431302270011947,-0.07681314755269741
359,9935,9,seed_sum_mod3,1,24,107,0.2990353697749196,0.22429906542056074,0.750075369309617,-0.07473630435435888
359,5539,5,seed_sum_lastdigit,5,9,35,0.3408360128617363,0.2571428571428571,0.7544474393530997,-0.0836931557188792
359,3359,3,seed_sum_lastdigit,9,8,29,0.36012861736334406,0.27586206896551724,0.7660098522167488,-0.08426654839782682
359,3359,3,seed_prime_count,3,13,47,0.36012861736334406,0.2765957446808511,0.7680471124620061,-0.08353287268249299
359,3359,3,seed_vtrac_unique,2,20,72,0.36012861736334406,0.2777777777777778,0.7713293650793651,-0.08235083958556627
359,3359,3,seed_sum_lastdigit,6,9,31,0.36012861736334406,0.2903225806451613,0.8061635944700462,-0.06980603671818275
359,9935,9,seed_sum_lastdigit,9,7,29,0.2990353697749196,0.2413793103448276,0.8071931776047461,-0.05765605943009203
359,3359,3,seed_trail_band,7-9,28,96,0.36012861736334406,0.2916666666666667,0.8098958333333334,-0.06846195069667738
359,5539,5,seed_sum_band,10-17,38,137,0.3408360128617363,0.2773722627737226,0.8137997521002617,-0.06346375008801369
359,3359,3,seed_even_count,3,20,68,0.36012861736334406,0.29411764705882354,0.8167016806722689,-0.06601097030452052
359,5539,5,seed_spread_band,7-9,36,128,0.3408360128617363,0.28125,0.8251768867924528,-0.059586012861736315
359,9935,9,seed_mirror_pairs_any,no,42,170,0.2990353697749196,0.24705882352941178,0.8261859582542694,-0.05197654624550785
359,9935,9,seed_sum_lastdigit,8,7,28,0.2990353697749196,0.25,0.836021505376344,-0.049035369774919624
359,5539,5,seed_sum_lastdigit,8,8,28,0.3408360128617363,0.2857142857142857,0.8382749326145552,-0.055121727147450617
359,3359,3,seed_sum_lastdigit,1,11,36,0.36012861736334406,0.3055555555555556,0.8484623015873016,-0.05457306180778848
359,3359,3,seed_spread_band,4-6,44,142,0.36012861736334406,0.30985915492957744,0.8604124748490944,-0.05026946243376662
359,9935,9,seed_vtrac_unique,4,19,73,0.2990353697749196,0.2602739726027397,0.8703785535424952,-0.03876139717217991
359,5539,5,seed_sum_lastdigit,4,11,37,0.3408360128617363,0.2972972972972973,0.8722590515043346,-0.043538715564439
359,3359,3,seed_structure,AABC,40,127,0.36012861736334406,0.31496062992125984,0.874578177727784,-0.04516798744208422
359,3359,3,seed_unique_count,3,40,127,0.36012861736334406,0.31496062992125984,0.874578177727784,-0.04516798744208422
359,9935,9,seed_consecutive_pairs,2,17,65,0.2990353697749196,0.26153846153846155,0.8746071133167908,-0.03749690823645807
359,5539,5,seed_trail_band,4-6,27,90,0.3408360128617363,0.3,0.880188679245283,-0.040836012861736326
359,3359,3,seed_mirror_pairs_any,yes,45,141,0.36012861736334406,0.3191489361702128,0.8862082066869301,-0.04097968119313128
359,5539,5,seed_even_count,2,40,132,0.3408360128617363,0.30303030303030304,0.8890794739851344,-0.037805709831433276
359,5539,5,seed_prime_count,2,34,112,0.3408360128617363,0.30357142857142855,0.890667115902965,-0.03726458429030777
359,5539,5,seed_prime_count,0,11,36,0.3408360128617363,0.3055555555555556,0.8964884696016773,-0.035280457306180735
359,3359,3,seed_sum_mod3,2,33,102,0.36012861736334406,0.3235294117647059,0.8983718487394958,-0.03659920559863816
359,5539,5,seed_lead_band,0-3,40,129,0.3408360128617363,0.31007751937984496,0.909755740821998,-0.030758493481891358
359,9935,9,seed_sum_lastdigit,0,9,33,0.2990353697749196,0.2727272727272727,0.912023460410557,-0.026308097047646917
359,5539,5,seed_structure,ABCD,52,166,0.3408360128617363,0.3132530120481928,0.9190725164810185,-0.027583000813543535
359,5539,5,seed_unique_count,4,52,166,0.3408360128617363,0.3132530120481928,0.9190725164810185,-0.027583000813543535
359,5539,5,seed_repeat_digit,none,52,166,0.3408360128617363,0.3132530120481928,0.9190725164810185,-0.027583000813543535
367,6637,6,seed_sum_lastdigit,8,6,31,0.3356643356643357,0.1935483870967742,0.5766129032258064,-0.1421159485675615
367,3367,3,seed_sum_lastdigit,7,7,34,0.33916083916083917,0.20588235294117646,0.6070345664038811,-0.1332784862196627
367,3367,3,seed_sum_lastdigit,4,6,27,0.33916083916083917,0.2222222222222222,0.6552119129438717,-0.11693861693861696
367,7736,7,seed_sum_lastdigit,0,8,36,0.32517482517482516,0.2222222222222222,0.6833930704898447,-0.10295260295260295
367,6637,6,seed_sum_lastdigit,9,7,29,0.3356643356643357,0.2413793103448276,0.7191091954022989,-0.09428502531950808
367,3367,3,seed_consecutive_pairs,0,28,107,0.33916083916083917,0.2616822429906542,0.7715579535600732,-0.07747859617018499
367,6637,6,seed_consecutive_pairs,2,12,46,0.3356643356643357,0.2608695652173913,0.7771739130434782,-0.07479477044694438
367,7736,7,seed_trail_band,7-9,24,94,0.32517482517482516,0.2553191489361702,0.785175017158545,-0.06985567623865496
367,6637,6,seed_spread_band,4-6,33,124,0.3356643356643357,0.2661290322580645,0.7928427419354838,-0.06953530340627118
367,3367,3,seed_sum_lastdigit,6,7,26,0.33916083916083917,0.2692307692307692,0.7938144329896907,-0.06993006993006995
367,7736,7,seed_consecutive_pairs,2,12,46,0.32517482517482516,0.2608695652173913,0.8022440392706872,-0.06430525995743386
367,6637,6,seed_sum_mod3,1,27,100,0.3356643356643357,0.27,0.8043750000000001,-0.06566433566433566
367,6637,6,seed_even_count,3,18,65,0.3356643356643357,0.27692307692307694,0.8250000000000001,-0.05874125874125874
367,7736,7,seed_sum_lastdigit,6,7,26,0.32517482517482516,0.2692307692307692,0.8279569892473119,-0.05594405594405594
367,7736,7,seed_sum_mod3,2,26,94,0.32517482517482516,0.2765957446808511,0.8506062685884238,-0.04857908049397408
367,6637,6,seed_high_count,1,20,70,0.3356643356643357,0.2857142857142857,0.8511904761904762,-0.04995004995004998
367,7736,7,seed_high_count,3,18,65,0.32517482517482516,0.27692307692307694,0.8516129032258065,-0.04825174825174822
367,7736,7,seed_even_count,2,32,115,0.32517482517482516,0.2782608695652174,0.8557269752220664,-0.04691395560960776
367,6637,6,seed_trail_band,4-6,23,80,0.3356643356643357,0.2875,0.8565104166666666,-0.0481643356643357
367,3367,3,seed_sum_lastdigit,2,8,27,0.33916083916083917,0.2962962962962963,0.8736158839251622,-0.04286454286454289
367,3367,3,seed_sum_mod3,2,28,94,0.33916083916083917,0.2978723404255319,0.8782627769247642,-0.041288498735307266
367,3367,3,seed_sum_band,10-17,34,114,0.33916083916083917,0.2982456140350877,0.8793633568457225,-0.040915225125751464
367,3367,3,seed_high_count,2,35,117,0.33916083916083917,0.29914529914529914,0.8820160366552119,-0.04001554001554003
367,3367,3,seed_vtrac_unique,4,12,40,0.33916083916083917,0.3,0.8845360824742268,-0.03916083916083918
367,7736,7,seed_sum_lastdigit,8,9,31,0.32517482517482516,0.2903225806451613,0.8928199791883455,-0.034852244529663845
367,3367,3,seed_trail_band,0-3,34,112,0.33916083916083917,0.30357142857142855,0.8950662739322532,-0.03558941058941062
367,6637,6,seed_prime_count,2,28,93,0.3356643356643357,0.3010752688172043,0.8969534050179211,-0.03458906684713137
367,6637,6,seed_lead_band,7-9,25,83,0.3356643356643357,0.30120481927710846,0.8973393574297189,-0.03445951638722722
367,7736,7,seed_spread_band,7-9,38,130,0.32517482517482516,0.2923076923076923,0.8989247311827958,-0.03286713286713283
367,3367,3,seed_spread_band,7-9,40,130,0.33916083916083917,0.3076923076923077,0.9072164948453608,-0.03146853146853146
367,3367,3,seed_vtrac_unique,2,20,65,0.33916083916083917,0.3076923076923077,0.9072164948453608,-0.03146853146853146
367,7736,7,seed_sum_lastdigit,2,8,27,0.32517482517482516,0.2962962962962963,0.9111907606531262,-0.028878528878528875
367,3367,3,seed_even_count,1,23,74,0.33916083916083917,0.3108108108108108,0.9164112566174422,-0.028350028350028367
367,7736,7,seed_structure,ABCD,41,137,0.32517482517482516,0.29927007299270075,0.9203359233969077,-0.025904752182124402
367,7736,7,seed_unique_count,4,41,137,0.32517482517482516,0.29927007299270075,0.9203359233969077,-0.025904752182124402
367,7736,7,seed_repeat_digit,none,41,137,0.32517482517482516,0.29927007299270075,0.9203359233969077,-0.025904752182124402
367,7736,7,seed_sum_mod2,0,44,147,0.32517482517482516,0.29931972789115646,0.92048862555775,-0.025855097283668693
367,3367,3,seed_spread_band,0-3,10,32,0.33916083916083917,0.3125,0.9213917525773195,-0.026660839160839167
367,3367,3,seed_lead_band,4-6,25,80,0.33916083916083917,0.3125,0.9213917525773195,-0.026660839160839167
367,7736,7,seed_sum_band,18-26,39,130,0.32517482517482516,0.3,0.9225806451612903,-0.025174825174825166
368,8836,8,seed_sum_lastdigit,8,5,25,0.3548387096774194,0.2,0.5636363636363636,-0.15483870967741936
368,3368,3,seed_sum_lastdigit,4,6,36,0.2806451612903226,0.16666666666666666,0.5938697318007663,-0.11397849462365592
368,3368,3,seed_high_count,3,13,74,0.2806451612903226,0.17567567567567569,0.6259707983845916,-0.10496948561464689
368,6638,6,seed_vtrac_unique,4,15,61,0.36451612903225805,0.2459016393442623,0.6745974176701001,-0.11861448968799576
368,3368,3,seed_sum_lastdigit,7,6,28,0.2806451612903226,0.21428571428571427,0.7635467980295566,-0.0663594470046083
368,8836,8,seed_sum_lastdigit,6,9,33,0.3548387096774194,0.2727272727272727,0.7685950413223139,-0.08211143695014667
368,8836,8,seed_high_count,2,36,132,0.3548387096774194,0.2727272727272727,0.7685950413223139,-0.08211143695014667
368,8836,8,seed_sum_lastdigit,1,12,43,0.3548387096774194,0.27906976744186046,0.7864693446088794,-0.07576894223555891
368,3368,3,seed_sum_mod3,2,23,102,0.2806451612903226,0.22549019607843138,0.8034708136128015,-0.0551549652118912
368,3368,3,seed_even_count,1,17,75,0.2806451612903226,0.22666666666666666,0.8076628352490421,-0.05397849462365592
368,8836,8,seed_mirror_pairs_any,yes,45,155,0.3548387096774194,0.2903225806451613,0.8181818181818182,-0.06451612903225806
368,6638,6,seed_sum_mod3,0,32,106,0.36451612903225805,0.3018867924528302,0.8281850058440474,-0.06262933657942787
368,3368,3,seed_spread_band,0-3,10,43,0.2806451612903226,0.23255813953488372,0.8286554397219995,-0.04808702175543886
368,8836,8,seed_sum_mod3,1,30,102,0.3548387096774194,0.29411764705882354,0.8288770053475936,-0.060721062618595834
368,6638,6,seed_sum_lastdigit,6,10,33,0.36451612903225805,0.30303030303030304,0.8313220702601234,-0.06148582600195501
368,6638,6,seed_sum_lastdigit,4,11,36,0.36451612903225805,0.3055555555555556,0.8382497541789579,-0.05896057347670247
368,3368,3,seed_structure,AABC,29,122,0.2806451612903226,0.23770491803278687,0.8469945355191256,-0.042940243257535704
368,3368,3,seed_unique_count,3,29,122,0.2806451612903226,0.23770491803278687,0.8469945355191256,-0.042940243257535704
368,3368,3,seed_trail_band,7-9,22,92,0.2806451612903226,0.2391304347826087,0.8520739630184908,-0.04151472650771387
368,6638,6,seed_high_count,3,23,74,0.36451612903225805,0.3108108108108108,0.8526668261181536,-0.05370531822144725
368,6638,6,seed_prime_count,1,30,96,0.36451612903225805,0.3125,0.8573008849557523,-0.05201612903225805
368,8836,8,seed_consecutive_pairs,0,29,95,0.3548387096774194,0.30526315789473685,0.8602870813397129,-0.049575551782682525
368,6638,6,seed_prime_count,3,17,54,0.36451612903225805,0.3148148148148148,0.8636512618813504,-0.049701314217443227
368,8836,8,seed_sum_lastdigit,5,8,26,0.3548387096774194,0.3076923076923077,0.8671328671328672,-0.04714640198511166
368,6638,6,seed_even_count,2,39,123,0.36451612903225805,0.3170731707317073,0.8698467515648608,-0.04744295830055073
368,6638,6,seed_sum_lastdigit,8,8,25,0.36451612903225805,0.32,0.8778761061946904,-0.044516129032258045
368,6638,6,seed_sum_lastdigit,7,9,28,0.36451612903225805,0.32142857142857145,0.8817951959544881,-0.0430875576036866
368,6638,6,seed_mirror_pairs_any,no,50,155,0.36451612903225805,0.3225806451612903,0.8849557522123894,-0.04193548387096774
368,6638,6,seed_consecutive_pairs,2,21,65,0.36451612903225805,0.3230769230769231,0.8863172226004086,-0.04143920595533496
368,8836,8,seed_trail_band,0-3,36,114,0.3548387096774194,0.3157894736842105,0.8899521531100477,-0.039049235993208864
368,6638,6,seed_sum_mod2,0,50,154,0.36451612903225805,0.3246753246753247,0.8907022181358465,-0.03984080435693338
368,3368,3,seed_sum_lastdigit,3,7,28,0.2806451612903226,0.25,0.8908045977011494,-0.030645161290322576
368,8836,8,seed_sum_lastdigit,9,10,31,0.3548387096774194,0.3225806451612903,0.9090909090909091,-0.03225806451612906
368,3368,3,seed_sum_lastdigit,1,11,43,0.2806451612903226,0.2558139534883721,0.9115209836941994,-0.024831207801950472
368,8836,8,seed_prime_count,0,11,34,0.3548387096774194,0.3235294117647059,0.9117647058823529,-0.031309297912713474
368,3368,3,seed_sum_mod2,1,40,156,0.2806451612903226,0.2564102564102564,0.9136457412319481,-0.024234904880066188
368,8836,8,seed_vtrac_unique,3,60,184,0.3548387096774194,0.32608695652173914,0.9189723320158102,-0.028751753155680237
368,3368,3,seed_mirror_pairs_any,no,40,155,0.2806451612903226,0.25806451612903225,0.9195402298850575,-0.022580645161290325
368,3368,3,seed_vtrac_unique,2,16,62,0.2806451612903226,0.25806451612903225,0.9195402298850575,-0.022580645161290325
368,6638,6,seed_structure,ABCD,58,172,0.36451612903225805,0.3372093023255814,0.9250874665569047,-0.027306826706676668
369,9936,9,seed_sum_lastdigit,5,5,25,0.37809187279151946,0.2,0.5289719626168224,-0.17809187279151945
369,6639,6,seed_sum_lastdigit,9,5,28,0.29328621908127206,0.17857142857142858,0.6088640275387264,-0.11471479050984348
369,3369,3,seed_sum_lastdigit,7,6,27,0.3286219081272085,0.2222222222222222,0.6762246117084826,-0.10639968590498627
369,9936,9,seed_sum_lastdigit,2,7,27,0.37809187279151946,0.25925925925925924,0.6857043959847697,-0.11883261353226021
369,9936,9,seed_prime_count,3,12,43,0.37809187279151946,0.27906976744186046,0.7381004129537057,-0.099022105349659
369,9936,9,seed_high_count,1,20,70,0.37809187279151946,0.2857142857142857,0.7556742323097463,-0.09237758707723376
369,6639,6,seed_even_count,3,14,61,0.29328621908127206,0.22950819672131148,0.782539996049773,-0.06377802235996058
369,6639,6,seed_vtrac_unique,2,14,61,0.29328621908127206,0.22950819672131148,0.782539996049773,-0.06377802235996058
369,3369,3,seed_even_count,1,18,69,0.3286219081272085,0.2608695652173913,0.79382889200561,-0.06775234290981719
369,3369,3,seed_structure,AABC,32,121,0.3286219081272085,0.2644628099173554,0.8047631742646405,-0.0641590982098531
369,3369,3,seed_unique_count,3,32,121,0.3286219081272085,0.2644628099173554,0.8047631742646405,-0.0641590982098531
369,6639,6,seed_sum_lastdigit,1,6,25,0.29328621908127206,0.24,0.8183132530120483,-0.05328621908127207
369,6639,6,seed_spread_band,4-6,29,120,0.29328621908127206,0.24166666666666667,0.823995983935743,-0.05161955241460539
369,9936,9,seed_sum_lastdigit,6,10,32,0.37809187279151946,0.3125,0.826518691588785,-0.06559187279151946
369,6639,6,seed_mirror_pairs_any,yes,28,114,0.29328621908127206,0.24561403508771928,0.8374550834918623,-0.047672183993552775
369,6639,6,seed_sum_mod2,1,32,130,0.29328621908127206,0.24615384615384617,0.8392956441149213,-0.04713237292742589
369,3369,3,seed_vtrac_unique,3,43,155,0.3286219081272085,0.27741935483870966,0.844190079778009,-0.05120255328849882
369,3369,3,seed_sum_lastdigit,1,7,25,0.3286219081272085,0.28,0.8520430107526883,-0.04862190812720846
369,3369,3,seed_spread_band,0-3,11,39,0.3286219081272085,0.28205128205128205,0.8582850840915357,-0.046570626075926436
369,3369,3,seed_sum_band,18-26,39,138,0.3286219081272085,0.2826086956521739,0.8599812996727442,-0.04601321247503459
369,3369,3,seed_mirror_pairs_any,no,48,169,0.3286219081272085,0.28402366863905326,0.8642870776865814,-0.04459823948815522
369,9936,9,seed_sum_band,10-17,35,107,0.37809187279151946,0.32710280373831774,0.865141060354616,-0.05098906905320172
369,9936,9,seed_vtrac_unique,2,20,61,0.37809187279151946,0.32786885245901637,0.8671671518308564,-0.05022302033250309
369,9936,9,seed_sum_mod3,0,29,88,0.37809187279151946,0.32954545454545453,0.8716015293118096,-0.048546418246064926
369,3369,3,seed_sum_lastdigit,4,9,31,0.3286219081272085,0.2903225806451613,0.8834547346514048,-0.038299327482047174
369,3369,3,seed_spread_band,7-9,36,124,0.3286219081272085,0.2903225806451613,0.8834547346514048,-0.038299327482047174
369,6639,6,seed_sum_lastdigit,7,7,27,0.29328621908127206,0.25925925925925924,0.8839803659080768,-0.034026959822012814
369,9936,9,seed_even_count,2,39,116,0.37809187279151946,0.33620689655172414,0.8892201095713825,-0.04188497623979531
369,6639,6,seed_even_count,1,18,69,0.29328621908127206,0.2608695652173913,0.8894709271870089,-0.03241665386388076
369,9936,9,seed_high_count,3,23,68,0.37809187279151946,0.3382352941176471,0.8945849367784497,-0.03985657867387238
369,3369,3,seed_prime_count,0,10,34,0.3286219081272085,0.29411764705882354,0.8950031625553447,-0.034504261068384945
369,9936,9,seed_vtrac_unique,4,22,65,0.37809187279151946,0.3384615384615385,0.8951833213515457,-0.039630334329980976
369,9936,9,seed_sum_mod2,0,52,153,0.37809187279151946,0.33986928104575165,0.8989066031396983,-0.03822259174576781
369,3369,3,seed_sum_mod3,2,29,98,0.3286219081272085,0.29591836734693877,0.9004827737546631,-0.03270354078026971
369,9936,9,seed_lead_band,7-9,28,82,0.37809187279151946,0.34146341463414637,0.903122863004331,-0.03662845815737309
369,6639,6,seed_lead_band,0-3,31,117,0.29328621908127206,0.26495726495726496,0.9034085058181445,-0.0283289541240071
369,6639,6,seed_high_count,2,28,105,0.29328621908127206,0.26666666666666666,0.9092369477911647,-0.026619552414605396
369,6639,6,seed_prime_count,1,25,93,0.29328621908127206,0.26881720430107525,0.9165695038217386,-0.024469014780196807
369,3369,3,seed_high_count,2,32,105,0.3286219081272085,0.3047619047619048,0.9273937532002049,-0.023860003365303695
369,3369,3,seed_prime_count,2,32,105,0.3286219081272085,0.3047619047619048,0.9273937532002049,-0.023860003365303695
378,7738,7,seed_sum_lastdigit,4,5,34,0.2857142857142857,0.14705882352941177,0.5147058823529412,-0.13865546218487393
378,3378,3,seed_sum_lastdigit,5,6,34,0.31746031746031744,0.17647058823529413,0.5558823529411765,-0.1409897292250233
378,7738,7,seed_sum_lastdigit,1,5,27,0.2857142857142857,0.18518518518518517,0.6481481481481481,-0.10052910052910052
378,3378,3,seed_even_count,1,18,83,0.31746031746031744,0.21686746987951808,0.683132530120482,-0.10059284758079937
378,8837,8,seed_prime_count,0,13,47,0.3968253968253968,0.2765957446808511,0.6970212765957448,-0.12022965214454573
378,3378,3,seed_vtrac_unique,4,14,60,0.31746031746031744,0.23333333333333334,0.7350000000000001,-0.0841269841269841
378,8837,8,seed_sum_lastdigit,9,8,27,0.3968253968253968,0.2962962962962963,0.7466666666666667,-0.10052910052910052
378,8837,8,seed_sum_lastdigit,2,9,29,0.3968253968253968,0.3103448275862069,0.7820689655172415,-0.0864805692391899
378,7738,7,seed_prime_count,3,9,40,0.2857142857142857,0.225,0.7875000000000001,-0.06071428571428569
378,8837,8,seed_sum_band,27-36,8,25,0.3968253968253968,0.32,0.8064000000000001,-0.0768253968253968
378,3378,3,seed_sum_lastdigit,8,7,27,0.31746031746031744,0.25925925925925924,0.8166666666666667,-0.0582010582010582
378,7738,7,seed_lead_band,0-3,29,124,0.2857142857142857,0.23387096774193547,0.8185483870967742,-0.05184331797235023
378,3378,3,seed_sum_lastdigit,3,10,38,0.31746031746031744,0.2631578947368421,0.8289473684210527,-0.05430242272347535
378,7738,7,seed_consecutive_pairs,1,35,146,0.2857142857142857,0.23972602739726026,0.839041095890411,-0.04598825831702544
378,7738,7,seed_structure,AABC,34,141,0.2857142857142857,0.24113475177304963,0.8439716312056738,-0.044579533941236066
378,7738,7,seed_unique_count,3,34,141,0.2857142857142857,0.24113475177304963,0.8439716312056738,-0.044579533941236066
378,8837,8,seed_lead_band,4-6,30,88,0.3968253968253968,0.3409090909090909,0.8590909090909091,-0.05591630591630592
378,8837,8,seed_trail_band,4-6,29,85,0.3968253968253968,0.3411764705882353,0.859764705882353,-0.0556489262371615
378,3378,3,seed_prime_count,3,11,40,0.31746031746031744,0.275,0.8662500000000001,-0.04246031746031742
378,7738,7,seed_sum_lastdigit,7,8,32,0.2857142857142857,0.25,0.875,-0.0357142857142857
378,8837,8,seed_high_count,2,44,126,0.3968253968253968,0.3492063492063492,0.88,-0.047619047619047616
378,7738,7,seed_sum_mod3,0,26,103,0.2857142857142857,0.2524271844660194,0.883495145631068,-0.03328710124826628
378,3378,3,seed_sum_lastdigit,7,9,32,0.31746031746031744,0.28125,0.8859375,-0.03621031746031744
378,3378,3,seed_lead_band,7-9,29,103,0.31746031746031744,0.2815533980582524,0.8868932038834951,-0.03590691940206503
378,8837,8,seed_spread_band,4-6,47,132,0.3968253968253968,0.3560606060606061,0.8972727272727273,-0.040764790764790726
378,7738,7,seed_vtrac_unique,2,18,70,0.2857142857142857,0.2571428571428571,0.8999999999999999,-0.02857142857142858
378,3378,3,seed_sum_lastdigit,6,10,35,0.31746031746031744,0.2857142857142857,0.9,-0.031746031746031744
378,3378,3,seed_structure,ABCD,45,157,0.31746031746031744,0.28662420382165604,0.9028662420382166,-0.0308361136386614
378,3378,3,seed_unique_count,4,45,157,0.31746031746031744,0.28662420382165604,0.9028662420382166,-0.0308361136386614
378,3378,3,seed_repeat_digit,none,45,157,0.31746031746031744,0.28662420382165604,0.9028662420382166,-0.0308361136386614
378,7738,7,seed_even_count,2,31,120,0.2857142857142857,0.25833333333333336,0.9041666666666668,-0.02738095238095234
378,3378,3,seed_high_count,1,21,73,0.31746031746031744,0.2876712328767123,0.9061643835616439,-0.02978908458360513
378,8837,8,seed_even_count,3,27,75,0.3968253968253968,0.36,0.9072,-0.03682539682539682
378,8837,8,seed_consecutive_pairs,2,18,50,0.3968253968253968,0.36,0.9072,-0.03682539682539682
378,7738,7,seed_sum_lastdigit,9,7,27,0.2857142857142857,0.25925925925925924,0.9074074074074074,-0.026455026455026454
378,3378,3,seed_spread_band,7-9,43,149,0.31746031746031744,0.28859060402684567,0.9090604026845639,-0.028869713433471778
378,7738,7,seed_high_count,1,19,73,0.2857142857142857,0.2602739726027397,0.910958904109589,-0.025440313111545987
378,7738,7,seed_sum_mod2,0,41,157,0.2857142857142857,0.2611464968152866,0.9140127388535032,-0.024567788898999077
378,7738,7,seed_trail_band,0-3,34,130,0.2857142857142857,0.26153846153846155,0.9153846153846155,-0.024175824175824145
378,3378,3,seed_sum_mod2,1,46,158,0.31746031746031744,0.2911392405063291,0.9170886075949367,-0.02632107695398833
379,7739,7,seed_spread_band,0-3,9,52,0.31186440677966104,0.17307692307692307,0.5549749163879598,-0.13878748370273797
379,7739,7,seed_consecutive_pairs,2,9,47,0.31186440677966104,0.19148936170212766,0.6140148011100832,-0.12037504507753338
379,3379,3,seed_sum_lastdigit,1,9,43,0.31864406779661014,0.20930232558139536,0.6568530430479962,-0.10934174221521478
379,3379,3,seed_sum_lastdigit,7,8,37,0.31864406779661014,0.21621621621621623,0.6785508913168489,-0.10242785158039391
379,3379,3,seed_even_count,1,17,76,0.31864406779661014,0.2236842105263158,0.7019876819708847,-0.09495985727029435
379,9937,9,seed_even_count,2,27,101,0.3694915254237288,0.26732673267326734,0.7234989554001272,-0.10216479275046148
379,3379,3,seed_unique_count,2,6,26,0.31864406779661014,0.23076923076923078,0.7242225859247137,-0.08787483702737936
379,3379,3,seed_sum_band,27-36,6,26,0.31864406779661014,0.23076923076923078,0.7242225859247137,-0.08787483702737936
379,9937,9,seed_sum_lastdigit,4,7,26,0.3694915254237288,0.2692307692307692,0.728652081863091,-0.1002607561929596
379,7739,7,seed_high_count,0,6,26,0.31186440677966104,0.23076923076923078,0.7399665551839465,-0.08109517601043026
379,3379,3,seed_consecutive_pairs,0,25,106,0.31864406779661014,0.2358490566037736,0.7401645925331193,-0.08279501119283655
379,7739,7,seed_sum_lastdigit,7,9,37,0.31186440677966104,0.24324324324324326,0.7799647473560517,-0.06862116353641778
379,3379,3,seed_high_count,3,18,72,0.31864406779661014,0.25,0.7845744680851064,-0.06864406779661014
379,7739,7,seed_sum_lastdigit,9,7,28,0.31186440677966104,0.25,0.8016304347826086,-0.06186440677966104
379,3379,3,seed_lead_band,7-9,20,77,0.31864406779661014,0.2597402597402597,0.8151423045040066,-0.058903808056350426
379,9937,9,seed_sum_lastdigit,0,10,33,0.3694915254237288,0.30303030303030304,0.8201278843480678,-0.06646122239342578
379,3379,3,seed_sum_mod2,1,42,160,0.31864406779661014,0.2625,0.8238031914893618,-0.05614406779661013
379,7739,7,seed_lead_band,0-3,31,120,0.31186440677966104,0.25833333333333336,0.8283514492753623,-0.05353107344632768
379,9937,9,seed_lead_band,4-6,30,98,0.3694915254237288,0.30612244897959184,0.8284965362291706,-0.06336907644413697
379,9937,9,seed_sum_lastdigit,2,9,29,0.3694915254237288,0.3103448275862069,0.8399240746599178,-0.05914669783752191
379,9937,9,seed_sum_lastdigit,8,9,29,0.3694915254237288,0.3103448275862069,0.8399240746599178,-0.05914669783752191
379,9937,9,seed_sum_mod2,0,42,135,0.3694915254237288,0.3111111111111111,0.8419979612640163,-0.0583804143126177
379,7739,7,seed_even_count,1,20,76,0.31186440677966104,0.2631578947368421,0.8438215102974828,-0.04870651204281895
379,3379,3,seed_spread_band,7-9,32,119,0.31864406779661014,0.2689075630252101,0.8439120328982658,-0.04973650477140007
379,3379,3,seed_vtrac_unique,2,23,85,0.31864406779661014,0.27058823529411763,0.8491864831038799,-0.04805583250249251
379,9937,9,seed_spread_band,4-6,39,124,0.3694915254237288,0.31451612903225806,0.85121337673868,-0.054975396391470754
379,9937,9,seed_mirror_pairs_any,yes,43,135,0.3694915254237288,0.31851851851851853,0.8620455317703024,-0.05097300690521028
379,3379,3,seed_sum_band,10-17,30,109,0.31864406779661014,0.27522935779816515,0.8637517079836035,-0.04341470999844499
379,7739,7,seed_vtrac_unique,3,44,163,0.31186440677966104,0.26993865030674846,0.8655641504401173,-0.04192575647291258
379,9937,9,seed_sum_lastdigit,3,9,28,0.3694915254237288,0.32142857142857145,0.8699213630406292,-0.048062953995157365
379,9937,9,seed_sum_lastdigit,9,9,28,0.3694915254237288,0.32142857142857145,0.8699213630406292,-0.048062953995157365
379,9937,9,seed_sum_band,18-26,43,133,0.3694915254237288,0.3233082706766917,0.8750086224736152,-0.046183254747037106
379,7739,7,seed_mirror_pairs_any,no,44,160,0.31186440677966104,0.275,0.8817934782608696,-0.03686440677966102
379,7739,7,seed_sum_lastdigit,2,8,29,0.31186440677966104,0.27586206896551724,0.8845577211394302,-0.0360023378141438
379,9937,9,seed_high_count,2,36,110,0.3694915254237288,0.32727272727272727,0.8857381150959133,-0.042218798151001546
379,7739,7,seed_high_count,1,18,65,0.31186440677966104,0.27692307692307694,0.8879598662207357,-0.0349413298565841
379,9937,9,seed_vtrac_unique,2,28,85,0.3694915254237288,0.32941176470588235,0.8915272531030761,-0.04007976071784647
379,7739,7,seed_trail_band,0-3,34,122,0.31186440677966104,0.2786885245901639,0.8936208125445473,-0.03317588218949713
379,9937,9,seed_consecutive_pairs,1,45,136,0.3694915254237288,0.33088235294117646,0.8955072854830005,-0.038609172482552356
379,3379,3,seed_sum_lastdigit,3,8,28,0.31864406779661014,0.2857142857142857,0.8966565349544073,-0.032929782082324444
389,9938,9,seed_sum_lastdigit,6,10,45,0.3415384615384615,0.2222222222222222,0.6506506506506506,-0.1193162393162393
389,3389,3,seed_sum_lastdigit,9,8,33,0.3507692307692308,0.24242424242424243,0.6911217437533227,-0.10834498834498835
389,8839,8,seed_sum_lastdigit,3,8,37,0.3076923076923077,0.21621621621621623,0.7027027027027027,-0.09147609147609148
389,8839,8,seed_prime_count,0,8,37,0.3076923076923077,0.21621621621621623,0.7027027027027027,-0.09147609147609148
389,3389,3,seed_even_count,1,19,75,0.3507692307692308,0.25333333333333335,0.7222222222222223,-0.09743589743589742
389,8839,8,seed_sum_lastdigit,2,6,26,0.3076923076923077,0.23076923076923078,0.75,-0.07692307692307693
389,8839,8,seed_prime_count,2,28,121,0.3076923076923077,0.23140495867768596,0.7520661157024793,-0.07628734901462175
389,8839,8,seed_prime_count,3,10,43,0.3076923076923077,0.23255813953488372,0.755813953488372,-0.07513416815742399
389,3389,3,seed_spread_band,0-3,9,33,0.3507692307692308,0.2727272727272727,0.7775119617224879,-0.07804195804195807
389,3389,3,seed_prime_count,1,32,117,0.3507692307692308,0.27350427350427353,0.7797270955165693,-0.07726495726495725
389,9938,9,seed_sum_lastdigit,4,8,30,0.3415384615384615,0.26666666666666666,0.7807807807807808,-0.07487179487179485
389,3389,3,seed_sum_lastdigit,1,11,40,0.3507692307692308,0.275,0.7839912280701755,-0.07576923076923076
389,8839,8,seed_spread_band,0-3,8,33,0.3076923076923077,0.24242424242424243,0.7878787878787878,-0.06526806526806528
389,3389,3,seed_lead_band,7-9,27,97,0.3507692307692308,0.27835051546391754,0.7935431361909929,-0.07241871530531324
389,3389,3,seed_sum_lastdigit,8,7,25,0.3507692307692308,0.28,0.7982456140350878,-0.07076923076923075
389,9938,9,seed_sum_mod2,0,42,154,0.3415384615384615,0.2727272727272727,0.7985257985257985,-0.0688111888111888
389,8839,8,seed_trail_band,7-9,22,89,0.3076923076923077,0.24719101123595505,0.8033707865168539,-0.06050129645635266
389,9938,9,seed_sum_lastdigit,5,9,32,0.3415384615384615,0.28125,0.8234797297297298,-0.06028846153846151
389,9938,9,seed_even_count,2,32,113,0.3415384615384615,0.2831858407079646,0.8291477318025992,-0.058352620830496915
389,9938,9,seed_sum_lastdigit,0,8,28,0.3415384615384615,0.2857142857142857,0.8365508365508366,-0.055824175824175815
389,9938,9,seed_consecutive_pairs,0,32,112,0.3415384615384615,0.2857142857142857,0.8365508365508366,-0.055824175824175815
389,9938,9,seed_lead_band,4-6,30,105,0.3415384615384615,0.2857142857142857,0.8365508365508366,-0.055824175824175815
389,9938,9,seed_sum_band,10-17,41,142,0.3415384615384615,0.2887323943661972,0.8453876411622891,-0.052806067172264326
389,8839,8,seed_even_count,3,25,96,0.3076923076923077,0.2604166666666667,0.8463541666666666,-0.047275641025641024
389,9938,9,seed_prime_count,1,34,117,0.3415384615384615,0.2905982905982906,0.850850850850851,-0.05094017094017089
389,8839,8,seed_consecutive_pairs,2,11,42,0.3076923076923077,0.2619047619047619,0.8511904761904762,-0.04578754578754579
389,8839,8,seed_structure,AABC,38,142,0.3076923076923077,0.2676056338028169,0.8697183098591548,-0.04008667388949083
389,8839,8,seed_unique_count,3,38,142,0.3076923076923077,0.2676056338028169,0.8697183098591548,-0.04008667388949083
389,3389,3,seed_sum_band,18-26,44,144,0.3507692307692308,0.3055555555555556,0.8711013645224172,-0.0452136752136752
389,8839,8,seed_mirror_pairs_any,no,47,173,0.3076923076923077,0.27167630057803466,0.8829479768786126,-0.03601600711427305
389,9938,9,seed_mirror_pairs_any,yes,46,152,0.3415384615384615,0.3026315789473684,0.8860834518729256,-0.038906882591093095
389,8839,8,seed_sum_lastdigit,7,8,29,0.3076923076923077,0.27586206896551724,0.8965517241379309,-0.03183023872679047
389,8839,8,seed_lead_band,0-3,34,123,0.3076923076923077,0.2764227642276423,0.8983739837398373,-0.03126954346466543
389,3389,3,seed_sum_mod2,1,54,171,0.3507692307692308,0.3157894736842105,0.9002770083102493,-0.03497975708502027
389,9938,9,seed_sum_lastdigit,2,8,26,0.3415384615384615,0.3076923076923077,0.900900900900901,-0.033846153846153804
389,3389,3,seed_trail_band,0-3,43,135,0.3507692307692308,0.31851851851851853,0.9080571799870045,-0.03225071225071224
389,8839,8,seed_sum_mod2,1,48,171,0.3076923076923077,0.2807017543859649,0.9122807017543859,-0.026990553306342813
389,9938,9,seed_high_count,1,24,77,0.3415384615384615,0.3116883116883117,0.9126009126009127,-0.029850149850149832
389,3389,3,seed_sum_mod3,2,35,109,0.3507692307692308,0.3211009174311927,0.91541928215033,-0.0296683133380381
389,3389,3,seed_sum_lastdigit,0,9,28,0.3507692307692308,0.32142857142857145,0.9163533834586467,-0.029340659340659325
456,6645,6,seed_sum_lastdigit,4,9,39,0.37003058103975534,0.23076923076923078,0.6236490781945329,-0.13926135027052455
456,6645,6,seed_trail_band,7-9,23,94,0.37003058103975534,0.24468085106382978,0.6612449446105152,-0.12534972997592556
456,5546,5,seed_sum_lastdigit,5,7,38,0.2782874617737003,0.18421052631578946,0.6619433198380567,-0.09407693545791082
456,4456,4,seed_consecutive_pairs,2,14,54,0.3516819571865443,0.25925925925925924,0.7371980676328502,-0.09242269792728508
456,5546,5,seed_high_count,1,18,85,0.2782874617737003,0.21176470588235294,0.7609566903684551,-0.06652275589134735
456,6645,6,seed_spread_band,7-9,37,131,0.37003058103975534,0.2824427480916031,0.7632956911235885,-0.08758783294815226
456,4456,4,seed_sum_lastdigit,6,7,26,0.3516819571865443,0.2692307692307692,0.7655518394648829,-0.08245118795577511
456,4456,4,seed_lead_band,4-6,28,103,0.3516819571865443,0.27184466019417475,0.77298438159561,-0.07983729699236958
456,5546,5,seed_even_count,3,19,88,0.2782874617737003,0.2159090909090909,0.775849150849151,-0.06237837086460937
456,5546,5,seed_structure,AABC,33,149,0.2782874617737003,0.2214765100671141,0.7958551515598496,-0.05681095170658618
456,5546,5,seed_unique_count,3,33,149,0.2782874617737003,0.2214765100671141,0.7958551515598496,-0.05681095170658618
456,4456,4,seed_sum_band,0-9,7,25,0.3516819571865443,0.28,0.7961739130434784,-0.0716819571865443
456,5546,5,seed_consecutive_pairs,2,12,54,0.2782874617737003,0.2222222222222222,0.7985347985347986,-0.056065239551478074
456,6645,6,seed_sum_lastdigit,9,11,37,0.37003058103975534,0.2972972972972973,0.8034398034398035,-0.07273328374245802
456,6645,6,seed_high_count,3,23,77,0.37003058103975534,0.2987012987012987,0.8072340882258238,-0.07132928233845665
456,5546,5,seed_sum_lastdigit,8,7,31,0.2782874617737003,0.22580645161290322,0.8114143920595533,-0.052481010160797065
456,5546,5,seed_sum_mod3,1,24,106,0.2782874617737003,0.22641509433962265,0.813601492846776,-0.05187236743407764
456,5546,5,seed_sum_lastdigit,1,9,39,0.2782874617737003,0.23076923076923078,0.8292476754015217,-0.0475182310044695
456,5546,5,seed_lead_band,7-9,21,91,0.2782874617737003,0.23076923076923078,0.8292476754015217,-0.0475182310044695
456,5546,5,seed_sum_lastdigit,7,7,30,0.2782874617737003,0.23333333333333334,0.8384615384615386,-0.04495412844036695
456,4456,4,seed_sum_lastdigit,2,8,27,0.3516819571865443,0.2962962962962963,0.842512077294686,-0.055385660890248045
456,5546,5,seed_trail_band,4-6,23,98,0.2782874617737003,0.23469387755102042,0.8433505270239965,-0.043593584222679865
456,4456,4,seed_spread_band,4-6,45,151,0.3516819571865443,0.2980132450331126,0.8473941837028507,-0.05366871215343172
456,4456,4,seed_structure,ABCD,48,159,0.3516819571865443,0.3018867924528302,0.858408531583265,-0.04979516473371415
456,4456,4,seed_unique_count,4,48,159,0.3516819571865443,0.3018867924528302,0.858408531583265,-0.04979516473371415
456,4456,4,seed_repeat_digit,none,48,159,0.3516819571865443,0.3018867924528302,0.858408531583265,-0.04979516473371415
456,4456,4,seed_sum_mod3,0,30,99,0.3516819571865443,0.30303030303030304,0.8616600790513834,-0.048651654156241286
456,4456,4,seed_even_count,1,26,85,0.3516819571865443,0.3058823529411765,0.8697698209718672,-0.04579960424536783
456,5546,5,seed_sum_mod2,1,42,173,0.2782874617737003,0.24277456647398843,0.8723877278790574,-0.035512895299711855
456,6645,6,seed_vtrac_unique,2,23,71,0.37003058103975534,0.323943661971831,0.8754510534280061,-0.04608691906792434
456,5546,5,seed_spread_band,0-3,11,45,0.2782874617737003,0.24444444444444444,0.8783882783882784,-0.03384301732925585
456,5546,5,seed_sum_band,10-17,30,122,0.2782874617737003,0.2459016393442623,0.8836245721491623,-0.032385822429437994
456,6645,6,seed_consecutive_pairs,0,35,107,0.37003058103975534,0.32710280373831774,0.8839885687804124,-0.0429277773014376
456,4456,4,seed_trail_band,0-3,42,135,0.3516819571865443,0.3111111111111111,0.8846376811594203,-0.04057084607543321
456,6645,6,seed_high_count,2,40,122,0.37003058103975534,0.32786885245901637,0.8860587996206476,-0.042161728580738966
456,6645,6,seed_sum_band,18-26,53,161,0.37003058103975534,0.32919254658385094,0.8896360556439609,-0.04083803445590439
456,4456,4,seed_even_count,2,38,121,0.3516819571865443,0.3140495867768595,0.8929931728350702,-0.03763237040968481
456,5546,5,seed_trail_band,0-3,34,135,0.2782874617737003,0.2518518518518518,0.905006105006105,-0.026435609921848457
456,5546,5,seed_consecutive_pairs,0,27,107,0.2782874617737003,0.2523364485981308,0.9067474581493273,-0.02595101317556947
456,5546,5,seed_sum_mod3,0,25,99,0.2782874617737003,0.25252525252525254,0.9074259074259076,-0.025762209248447743
457,5547,5,seed_sum_lastdigit,3,5,29,0.33650793650793653,0.1724137931034483,0.5123617436564737,-0.16409414340448825
457,7745,7,seed_sum_lastdigit,0,6,33,0.32063492063492066,0.18181818181818182,0.567056705670567,-0.13881673881673884
457,7745,7,seed_sum_lastdigit,8,7,33,0.32063492063492066,0.21212121212121213,0.6615661566156615,-0.10851370851370853
457,7745,7,seed_sum_lastdigit,4,8,37,0.32063492063492066,0.21621621621621623,0.6743377040406743,-0.10441870441870443
457,7745,7,seed_even_count,0,6,27,0.32063492063492066,0.2222222222222222,0.693069306930693,-0.09841269841269845
457,4457,4,seed_sum_lastdigit,1,8,32,0.34285714285714286,0.25,0.7291666666666666,-0.09285714285714286
457,7745,7,seed_sum_band,27-36,6,25,0.32063492063492066,0.24,0.7485148514851484,-0.08063492063492067
457,5547,5,seed_sum_mod3,1,25,97,0.33650793650793653,0.25773195876288657,0.7659015755689553,-0.07877597774504996
457,4457,4,seed_sum_lastdigit,3,8,29,0.34285714285714286,0.27586206896551724,0.8045977011494253,-0.06699507389162562
457,5547,5,seed_prime_count,3,13,48,0.33650793650793653,0.2708333333333333,0.8048349056603772,-0.06567460317460322
457,7745,7,seed_prime_count,2,30,115,0.32063492063492066,0.2608695652173913,0.8136030994403788,-0.059765355417529364
457,7745,7,seed_sum_mod2,0,43,164,0.32063492063492066,0.2621951219512195,0.8177372615310311,-0.05843979868370114
457,7745,7,seed_sum_mod3,0,25,95,0.32063492063492066,0.2631578947368421,0.8207399687337154,-0.05747702589807857
457,7745,7,seed_vtrac_unique,4,14,53,0.32063492063492066,0.2641509433962264,0.8238371006912011,-0.05648397723869425
457,7745,7,seed_unique_count,2,8,30,0.32063492063492066,0.26666666666666666,0.8316831683168316,-0.053968253968254
457,5547,5,seed_spread_band,0-3,14,50,0.33650793650793653,0.28,0.8320754716981132,-0.05650793650793651
457,5547,5,seed_vtrac_unique,4,15,53,0.33650793650793653,0.2830188679245283,0.8410466358134566,-0.05348906858340824
457,5547,5,seed_consecutive_pairs,1,40,141,0.33650793650793653,0.28368794326241137,0.8430349257326375,-0.052819993245525165
457,4457,4,seed_prime_count,3,14,48,0.34285714285714286,0.2916666666666667,0.8506944444444445,-0.051190476190476175
457,7745,7,seed_even_count,2,31,113,0.32063492063492066,0.2743362831858407,0.8556032594409883,-0.04629863744907997
457,4457,4,seed_sum_lastdigit,6,10,34,0.34285714285714286,0.29411764705882354,0.857843137254902,-0.04873949579831932
457,4457,4,seed_trail_band,4-6,26,88,0.34285714285714286,0.29545454545454547,0.8617424242424243,-0.04740259740259739
457,7745,7,seed_sum_mod3,2,34,123,0.32063492063492066,0.2764227642276423,0.8621106013040328,-0.04421215640727838
457,7745,7,seed_consecutive_pairs,0,33,119,0.32063492063492066,0.2773109243697479,0.8648806057076296,-0.04332399626517275
457,7745,7,seed_trail_band,0-3,37,133,0.32063492063492066,0.2781954887218045,0.8676393955184991,-0.042439431913116166
457,5547,5,seed_sum_band,10-17,36,123,0.33650793650793653,0.2926829268292683,0.869765301426599,-0.04382500967866826
457,4457,4,seed_even_count,3,23,77,0.34285714285714286,0.2987012987012987,0.8712121212121212,-0.04415584415584417
457,4457,4,seed_spread_band,0-3,15,50,0.34285714285714286,0.3,0.875,-0.04285714285714287
457,4457,4,seed_lead_band,0-3,37,123,0.34285714285714286,0.3008130081300813,0.8773712737127372,-0.04204413472706153
457,5547,5,seed_sum_lastdigit,2,8,27,0.33650793650793653,0.2962962962962963,0.880503144654088,-0.040211640211640254
457,5547,5,seed_even_count,1,22,74,0.33650793650793653,0.2972972972972973,0.8834778174400816,-0.03921063921063922
457,4457,4,seed_sum_lastdigit,8,10,33,0.34285714285714286,0.30303030303030304,0.8838383838383839,-0.03982683982683982
457,4457,4,seed_mirror_pairs_any,yes,40,132,0.34285714285714286,0.30303030303030304,0.8838383838383839,-0.03982683982683982
457,7745,7,seed_structure,ABCD,40,141,0.32063492063492066,0.28368794326241137,0.8847693279966294,-0.03694697737250929
457,7745,7,seed_unique_count,4,40,141,0.32063492063492066,0.28368794326241137,0.8847693279966294,-0.03694697737250929
457,7745,7,seed_repeat_digit,none,40,141,0.32063492063492066,0.28368794326241137,0.8847693279966294,-0.03694697737250929
457,4457,4,seed_sum_mod2,1,46,151,0.34285714285714286,0.304635761589404,0.8885209713024282,-0.038221381267738885
457,7745,7,seed_lead_band,7-9,29,101,0.32063492063492066,0.2871287128712871,0.8955004411332221,-0.033506207763633555
457,5547,5,seed_sum_lastdigit,0,10,33,0.33650793650793653,0.30303030303030304,0.9005145797598627,-0.033477633477633495
457,4457,4,seed_sum_mod3,1,30,97,0.34285714285714286,0.30927835051546393,0.9020618556701031,-0.03357879234167893
458,8845,8,seed_sum_lastdigit,5,5,26,0.37383177570093457,0.19230769230769232,0.514423076923077,-0.18152408339324225
458,4458,4,seed_sum_lastdigit,2,6,33,0.32398753894080995,0.18181818181818182,0.5611888111888113,-0.14216935712262813
458,4458,4,seed_sum_lastdigit,0,7,34,0.32398753894080995,0.20588235294117646,0.6354638009049773,-0.11810518599963349
458,5548,5,seed_sum_lastdigit,4,6,30,0.30218068535825543,0.2,0.6618556701030929,-0.10218068535825542
458,8845,8,seed_prime_count,3,11,43,0.37383177570093457,0.2558139534883721,0.6843023255813954,-0.11801782221256246
458,8845,8,seed_even_count,1,16,62,0.37383177570093457,0.25806451612903225,0.6903225806451613,-0.11576725957190231
458,8845,8,seed_lead_band,7-9,23,84,0.37383177570093457,0.27380952380952384,0.7324404761904763,-0.10002225189141073
458,5548,5,seed_consecutive_pairs,2,13,58,0.30218068535825543,0.22413793103448276,0.741734802701742,-0.07804275432377267
458,4458,4,seed_sum_lastdigit,6,11,44,0.32398753894080995,0.25,0.7716346153846154,-0.07398753894080995
458,8845,8,seed_sum_mod2,1,45,149,0.37383177570093457,0.30201342281879195,0.8078859060402686,-0.07181835288214261
458,8845,8,seed_high_count,3,26,85,0.37383177570093457,0.3058823529411765,0.8182352941176472,-0.06794942275975807
458,5548,5,seed_sum_lastdigit,9,8,32,0.30218068535825543,0.25,0.827319587628866,-0.05218068535825543
458,4458,4,seed_spread_band,0-3,11,41,0.32398753894080995,0.2682926829268293,0.828095684803002,-0.055694856013980665
458,4458,4,seed_sum_lastdigit,5,7,26,0.32398753894080995,0.2692307692307692,0.830991124260355,-0.05475676971004073
458,8845,8,seed_sum_lastdigit,9,10,32,0.37383177570093457,0.3125,0.8359375,-0.061331775700934565
458,4458,4,seed_prime_count,0,13,48,0.32398753894080995,0.2708333333333333,0.8359375,-0.053154205607476634
458,4458,4,seed_sum_band,10-17,35,129,0.32398753894080995,0.2713178294573643,0.837432915921288,-0.052669709483445626
458,5548,5,seed_vtrac_unique,2,17,67,0.30218068535825543,0.2537313432835821,0.8396676411755656,-0.04844934207467333
458,5548,5,seed_sum_mod3,0,24,94,0.30218068535825543,0.2553191489361702,0.8449221320465015,-0.04686153642208524
458,5548,5,seed_trail_band,4-6,24,94,0.30218068535825543,0.2553191489361702,0.8449221320465015,-0.04686153642208524
458,5548,5,seed_prime_count,3,11,43,0.30218068535825543,0.2558139534883721,0.8465595780388397,-0.046366731869883326
458,8845,8,seed_spread_band,0-3,13,41,0.37383177570093457,0.3170731707317073,0.8481707317073172,-0.056758604969227244
458,4458,4,seed_sum_mod2,0,48,172,0.32398753894080995,0.27906976744186046,0.8613595706618963,-0.04491777149894949
458,8845,8,seed_sum_mod3,2,36,111,0.37383177570093457,0.32432432432432434,0.8675675675675677,-0.04950745137661022
458,5548,5,seed_spread_band,4-6,38,144,0.30218068535825543,0.2638888888888889,0.8732817869415809,-0.038291796469366535
458,4458,4,seed_lead_band,0-3,38,134,0.32398753894080995,0.2835820895522388,0.8752870264064294,-0.04040544938857116
458,8845,8,seed_even_count,3,29,87,0.37383177570093457,0.3333333333333333,0.8916666666666666,-0.04049844236760125
458,4458,4,seed_high_count,2,37,128,0.32398753894080995,0.2890625,0.8922025240384616,-0.03492503894080995
458,5548,5,seed_vtrac_unique,4,19,70,0.30218068535825543,0.2714285714285714,0.8982326951399117,-0.030752113929684022
458,4458,4,seed_consecutive_pairs,1,46,158,0.32398753894080995,0.2911392405063291,0.8986124634858813,-0.03284829843448084
458,4458,4,seed_trail_band,7-9,30,103,0.32398753894080995,0.2912621359223301,0.898991784914115,-0.03272540301847987
458,5548,5,seed_prime_count,1,34,125,0.30218068535825543,0.272,0.9001237113402063,-0.03018068535825541
458,4458,4,seed_sum_mod3,1,34,116,0.32398753894080995,0.29310344827586204,0.9046750663129973,-0.030884090664947905
458,4458,4,seed_even_count,2,39,132,0.32398753894080995,0.29545454545454547,0.9119318181818182,-0.02853299348626448
458,5548,5,seed_sum_lastdigit,7,8,29,0.30218068535825543,0.27586206896551724,0.9129043725559901,-0.026318616392738192
458,4458,4,seed_high_count,1,21,71,0.32398753894080995,0.29577464788732394,0.912919826652221,-0.02821289105348601
458,5548,5,seed_consecutive_pairs,0,28,101,0.30218068535825543,0.27722772277227725,0.9174237011330001,-0.024952962585978178
458,8845,8,seed_sum_lastdigit,7,10,29,0.37383177570093457,0.3448275862068966,0.9224137931034484,-0.02900418949403799
458,8845,8,seed_structure,AABC,46,133,0.37383177570093457,0.3458646616541353,0.925187969924812,-0.027967114046799246
458,8845,8,seed_unique_count,3,46,133,0.37383177570093457,0.3458646616541353,0.925187969924812,-0.027967114046799246
459,9945,9,seed_sum_lastdigit,1,5,25,0.3141891891891892,0.2,0.6365591397849463,-0.11418918918918919
459,4459,4,seed_sum_lastdigit,9,6,29,0.32432432432432434,0.20689655172413793,0.6379310344827586,-0.11742777260018641
459,4459,4,seed_even_count,1,15,72,0.32432432432432434,0.20833333333333334,0.642361111111111,-0.115990990990991
459,9945,9,seed_sum_lastdigit,2,7,34,0.3141891891891892,0.20588235294117646,0.6552814674256799,-0.10830683624801274
459,9945,9,seed_sum_lastdigit,8,7,33,0.3141891891891892,0.21212121212121213,0.6751384815900945,-0.10206797706797707
459,5549,5,seed_unique_count,2,7,27,0.3614864864864865,0.25925925925925924,0.717203184492904,-0.10222722722722727
459,9945,9,seed_consecutive_pairs,2,10,41,0.3141891891891892,0.24390243902439024,0.7762916338840807,-0.07028675016479896
459,4459,4,seed_unique_count,2,7,27,0.32432432432432434,0.25925925925925924,0.7993827160493826,-0.0650650650650651
459,4459,4,seed_sum_band,0-9,7,27,0.32432432432432434,0.25925925925925924,0.7993827160493826,-0.0650650650650651
459,5549,5,seed_even_count,3,20,67,0.3614864864864865,0.29850746268656714,0.825777653787139,-0.06297902379991938
459,5549,5,seed_sum_lastdigit,6,10,33,0.3614864864864865,0.30303030303030304,0.8382894364202775,-0.058456183456183475
459,4459,4,seed_sum_lastdigit,8,9,33,0.32432432432432434,0.2727272727272727,0.8409090909090908,-0.051597051597051635
459,9945,9,seed_sum_mod2,0,42,157,0.3141891891891892,0.267515923566879,0.8514485309225395,-0.04667326562231022
459,5549,5,seed_vtrac_unique,2,21,68,0.3614864864864865,0.3088235294117647,0.8543155579989005,-0.052662957074721795
459,5549,5,seed_sum_mod3,2,30,97,0.3614864864864865,0.30927835051546393,0.8555737546969843,-0.052208135971022585
459,9945,9,seed_even_count,2,33,122,0.3141891891891892,0.27049180327868855,0.8609201480698043,-0.04369738591050065
459,4459,4,seed_high_count,1,19,68,0.32432432432432434,0.27941176470588236,0.8615196078431372,-0.04491255961844198
459,4459,4,seed_sum_lastdigit,5,7,25,0.32432432432432434,0.28,0.8633333333333334,-0.044324324324324316
459,9945,9,seed_sum_lastdigit,6,9,33,0.3141891891891892,0.2727272727272727,0.8680351906158357,-0.04146191646191649
459,9945,9,seed_sum_mod3,0,28,102,0.3141891891891892,0.27450980392156865,0.87370862323424,-0.03967938526762055
459,5549,5,seed_high_count,3,22,69,0.3614864864864865,0.3188405797101449,0.8820262765813354,-0.04264590677634161
459,5549,5,seed_sum_lastdigit,5,8,25,0.3614864864864865,0.32,0.885233644859813,-0.04148648648648651
459,4459,4,seed_sum_mod2,1,40,139,0.32432432432432434,0.28776978417266186,0.8872901678657074,-0.036554540151662485
459,4459,4,seed_mirror_pairs_any,yes,38,132,0.32432432432432434,0.2878787878787879,0.8876262626262627,-0.03644553644553644
459,9945,9,seed_prime_count,3,12,43,0.3141891891891892,0.27906976744186046,0.8882220555138785,-0.03511942174732874
459,9945,9,seed_high_count,1,19,68,0.3141891891891892,0.27941176470588236,0.8893105629348513,-0.03477742448330684
459,4459,4,seed_sum_mod3,1,28,97,0.32432432432432434,0.28865979381443296,0.8900343642611682,-0.03566453050989138
459,9945,9,seed_vtrac_unique,3,49,174,0.3141891891891892,0.28160919540229884,0.8963045359040909,-0.03257999378689036
459,5549,5,seed_trail_band,7-9,29,89,0.3614864864864865,0.3258426966292135,0.9013966187125906,-0.03564378985727301
459,9945,9,seed_sum_band,10-17,31,109,0.3141891891891892,0.28440366972477066,0.9051987767584098,-0.02978551946441854
459,4459,4,seed_vtrac_unique,2,20,68,0.32432432432432434,0.29411764705882354,0.9068627450980392,-0.030206677265500803
459,9945,9,seed_vtrac_unique,4,14,49,0.3141891891891892,0.2857142857142857,0.9093701996927802,-0.0284749034749035
459,4459,4,seed_prime_count,0,13,44,0.32432432432432434,0.29545454545454547,0.9109848484848485,-0.028869778869778873
459,9945,9,seed_prime_count,2,30,104,0.3141891891891892,0.28846153846153844,0.9181141439205954,-0.025727650727650764
459,4459,4,seed_trail_band,0-3,36,120,0.32432432432432434,0.3,0.9249999999999999,-0.024324324324324353
459,9945,9,seed_lead_band,7-9,25,86,0.3141891891891892,0.29069767441860467,0.9252313078269567,-0.023491514770584532
459,5549,5,seed_lead_band,0-3,39,116,0.3614864864864865,0.33620689655172414,0.9300676764421527,-0.02527958993476237
459,4459,4,seed_spread_band,7-9,36,119,0.32432432432432434,0.3025210084033613,0.9327731092436974,-0.021803315920963018
459,4459,4,seed_sum_lastdigit,0,10,33,0.32432432432432434,0.30303030303030304,0.9343434343434344,-0.021294021294021304
459,4459,4,seed_sum_mod3,0,31,102,0.32432432432432434,0.30392156862745096,0.9370915032679737,-0.020402755696873387
467,4467,4,seed_even_count,1,15,78,0.3333333333333333,0.19230769230769232,0.576923076923077,-0.141025641025641
467,6647,6,seed_sum_lastdigit,0,5,29,0.29411764705882354,0.1724137931034483,0.5862068965517242,-0.12170385395537525
467,4467,4,seed_sum_lastdigit,1,6,30,0.3333333333333333,0.2,0.6000000000000001,-0.1333333333333333
467,4467,4,seed_sum_lastdigit,7,7,35,0.3333333333333333,0.2,0.6000000000000001,-0.1333333333333333
467,6647,6,seed_sum_lastdigit,6,5,26,0.29411764705882354,0.19230769230769232,0.6538461538461539,-0.10180995475113122
467,4467,4,seed_sum_lastdigit,3,7,31,0.3333333333333333,0.22580645161290322,0.6774193548387097,-0.1075268817204301
467,6647,6,seed_spread_band,0-3,9,45,0.29411764705882354,0.2,0.68,-0.09411764705882353
467,6647,6,seed_sum_lastdigit,9,6,28,0.29411764705882354,0.21428571428571427,0.7285714285714285,-0.07983193277310927
467,7746,7,seed_vtrac_unique,4,16,56,0.37254901960784315,0.2857142857142857,0.7669172932330827,-0.08683473389355745
467,6647,6,seed_prime_count,1,21,93,0.29411764705882354,0.22580645161290322,0.7677419354838709,-0.06831119544592032
467,4467,4,seed_prime_count,0,10,38,0.3333333333333333,0.2631578947368421,0.7894736842105263,-0.07017543859649122
467,6647,6,seed_sum_mod2,0,36,155,0.29411764705882354,0.23225806451612904,0.7896774193548387,-0.0618595825426945
467,4467,4,seed_vtrac_unique,3,47,178,0.3333333333333333,0.2640449438202247,0.7921348314606741,-0.06928838951310862
467,4467,4,seed_sum_mod2,1,40,151,0.3333333333333333,0.26490066225165565,0.794701986754967,-0.06843267108167767
467,7746,7,seed_sum_lastdigit,5,8,27,0.37254901960784315,0.2962962962962963,0.7953216374269005,-0.07625272331154687
467,6647,6,seed_even_count,2,28,119,0.29411764705882354,0.23529411764705882,0.7999999999999999,-0.05882352941176472
467,6647,6,seed_sum_lastdigit,8,9,38,0.29411764705882354,0.23684210526315788,0.8052631578947368,-0.05727554179566566
467,7746,7,seed_sum_lastdigit,6,8,26,0.37254901960784315,0.3076923076923077,0.8259109311740891,-0.06485671191553544
467,4467,4,seed_structure,AABC,35,127,0.3333333333333333,0.2755905511811024,0.8267716535433072,-0.05774278215223094
467,4467,4,seed_unique_count,3,35,127,0.3333333333333333,0.2755905511811024,0.8267716535433072,-0.05774278215223094
467,4467,4,seed_sum_mod3,2,26,93,0.3333333333333333,0.27956989247311825,0.8387096774193548,-0.05376344086021506
467,7746,7,seed_sum_lastdigit,7,11,35,0.37254901960784315,0.3142857142857143,0.8436090225563909,-0.05826330532212887
467,7746,7,seed_structure,ABCD,50,158,0.37254901960784315,0.31645569620253167,0.8494337108594271,-0.05609332340531148
467,7746,7,seed_unique_count,4,50,158,0.37254901960784315,0.31645569620253167,0.8494337108594271,-0.05609332340531148
467,7746,7,seed_repeat_digit,none,50,158,0.37254901960784315,0.31645569620253167,0.8494337108594271,-0.05609332340531148
467,6647,6,seed_consecutive_pairs,2,14,56,0.29411764705882354,0.25,0.85,-0.04411764705882354
467,7746,7,seed_consecutive_pairs,2,18,56,0.37254901960784315,0.32142857142857145,0.8627819548872181,-0.051120448179271694
467,7746,7,seed_sum_mod3,1,33,102,0.37254901960784315,0.3235294117647059,0.868421052631579,-0.04901960784313725
467,7746,7,seed_mirror_pairs_any,yes,48,148,0.37254901960784315,0.32432432432432434,0.8705547652916075,-0.048224695283518804
467,7746,7,seed_vtrac_unique,2,23,70,0.37254901960784315,0.32857142857142857,0.881954887218045,-0.043977591036414576
467,6647,6,seed_sum_band,18-26,38,146,0.29411764705882354,0.2602739726027397,0.884931506849315,-0.03384367445608383
467,4467,4,seed_sum_lastdigit,5,8,27,0.3333333333333333,0.2962962962962963,0.8888888888888888,-0.037037037037037035
467,4467,4,seed_high_count,3,19,64,0.3333333333333333,0.296875,0.890625,-0.036458333333333315
467,7746,7,seed_sum_lastdigit,2,12,36,0.37254901960784315,0.3333333333333333,0.894736842105263,-0.03921568627450983
467,7746,7,seed_prime_count,3,19,57,0.37254901960784315,0.3333333333333333,0.894736842105263,-0.03921568627450983
467,7746,7,seed_sum_band,10-17,40,119,0.37254901960784315,0.33613445378151263,0.9022556390977444,-0.036414565826330514
467,6647,6,seed_mirror_pairs_any,no,42,158,0.29411764705882354,0.26582278481012656,0.9037974683544303,-0.028294862248696984
467,6647,6,seed_trail_band,4-6,23,86,0.29411764705882354,0.26744186046511625,0.9093023255813952,-0.026675786593707285
467,6647,6,seed_vtrac_unique,4,15,56,0.29411764705882354,0.26785714285714285,0.9107142857142857,-0.02626050420168069
467,6647,6,seed_lead_band,4-6,22,82,0.29411764705882354,0.2682926829268293,0.9121951219512195,-0.025824964131994255
468,8846,8,seed_vtrac_unique,2,12,63,0.2872727272727273,0.19047619047619047,0.6630500301386376,-0.09679653679653683
468,8846,8,seed_spread_band,0-3,7,34,0.2872727272727273,0.20588235294117646,0.7166790766939687,-0.08139037433155083
468,4468,4,seed_sum_mod3,0,20,80,0.32727272727272727,0.25,0.7638888888888888,-0.07727272727272727
468,8846,8,seed_consecutive_pairs,0,19,85,0.2872727272727273,0.2235294117647059,0.7781087118391661,-0.0637433155080214
468,4468,4,seed_mirror_pairs_any,yes,32,123,0.32727272727272727,0.2601626016260163,0.7949412827461609,-0.06711012564671098
468,4468,4,seed_prime_count,3,12,46,0.32727272727272727,0.2608695652173913,0.7971014492753623,-0.06640316205533597
468,8846,8,seed_sum_lastdigit,1,6,26,0.2872727272727273,0.23076923076923078,0.8033106134371957,-0.05650349650349651
468,8846,8,seed_prime_count,2,21,90,0.2872727272727273,0.23333333333333334,0.8122362869198312,-0.053939393939393954
468,6648,6,seed_sum_lastdigit,0,11,35,0.38545454545454544,0.3142857142857143,0.8153638814016173,-0.07116883116883116
468,8846,8,seed_vtrac_unique,4,14,59,0.2872727272727273,0.23728813559322035,0.826003003647286,-0.049984591679506946
468,6648,6,seed_sum_lastdigit,5,9,28,0.38545454545454544,0.32142857142857145,0.8338948787061996,-0.06402597402597399
468,8846,8,seed_structure,AABC,30,125,0.2872727272727273,0.24,0.8354430379746834,-0.0472727272727273
468,8846,8,seed_unique_count,3,30,125,0.2872727272727273,0.24,0.8354430379746834,-0.0472727272727273
468,8846,8,seed_mirror_pairs_any,no,37,152,0.2872727272727273,0.24342105263157895,0.8473517654896735,-0.043851674641148336
468,4468,4,seed_spread_band,4-6,34,122,0.32727272727272727,0.2786885245901639,0.8515482695810564,-0.04858420268256336
468,8846,8,seed_trail_band,4-6,24,98,0.2872727272727273,0.24489795918367346,0.8524928958925342,-0.04237476808905383
468,8846,8,seed_even_count,3,19,77,0.2872727272727273,0.24675324675324675,0.8589511754068716,-0.04051948051948054
468,6648,6,seed_vtrac_unique,3,51,151,0.38545454545454544,0.33774834437086093,0.8762339122828939,-0.04770620108368451
468,8846,8,seed_sum_mod2,1,37,146,0.2872727272727273,0.2534246575342466,0.8821744407837697,-0.0338480697384807
468,6648,6,seed_sum_band,18-26,46,135,0.38545454545454544,0.34074074074074073,0.8839972047519218,-0.044713804713804706
468,6648,6,seed_prime_count,0,15,44,0.38545454545454544,0.3409090909090909,0.8844339622641509,-0.044545454545454555
468,6648,6,seed_sum_lastdigit,9,12,35,0.38545454545454544,0.34285714285714286,0.8894878706199462,-0.04259740259740258
468,6648,6,seed_sum_mod3,2,35,102,0.38545454545454544,0.3431372549019608,0.8902145763965964,-0.04231729055258465
468,6648,6,seed_even_count,2,32,93,0.38545454545454544,0.34408602150537637,0.8926759991884765,-0.04136852394916907
468,8846,8,seed_sum_lastdigit,9,9,35,0.2872727272727273,0.2571428571428571,0.8951175406871608,-0.030129870129870173
468,6648,6,seed_structure,ABCD,47,136,0.38545454545454544,0.34558823529411764,0.8965732519422863,-0.0398663101604278
468,6648,6,seed_unique_count,4,47,136,0.38545454545454544,0.34558823529411764,0.8965732519422863,-0.0398663101604278
468,6648,6,seed_repeat_digit,none,47,136,0.38545454545454544,0.34558823529411764,0.8965732519422863,-0.0398663101604278
468,6648,6,seed_prime_count,3,16,46,0.38545454545454544,0.34782608695652173,0.9023789991796555,-0.03762845849802371
468,6648,6,seed_consecutive_pairs,2,14,40,0.38545454545454544,0.35,0.9080188679245282,-0.03545454545454546
468,8846,8,seed_even_count,1,18,69,0.2872727272727273,0.2608695652173913,0.9080902586681342,-0.026403162055335994
468,4468,4,seed_trail_band,0-3,31,104,0.32727272727272727,0.2980769230769231,0.9107905982905983,-0.029195804195804198
468,6648,6,seed_consecutive_pairs,1,51,145,0.38545454545454544,0.35172413793103446,0.9124918672739102,-0.033730407523510975
468,6648,6,seed_spread_band,7-9,42,119,0.38545454545454544,0.35294117647058826,0.9156492785793564,-0.03251336898395718
468,8846,8,seed_prime_count,1,24,91,0.2872727272727273,0.26373626373626374,0.9180692724996522,-0.023536463536463548
468,4468,4,seed_even_count,2,28,93,0.32727272727272727,0.3010752688172043,0.9199522102747909,-0.02619745845552296
468,8846,8,seed_sum_mod3,2,27,102,0.2872727272727273,0.2647058823529412,0.9214445271779598,-0.02256684491978611
468,4468,4,seed_high_count,1,19,63,0.32727272727272727,0.30158730158730157,0.9215167548500881,-0.0256854256854257
468,4468,4,seed_vtrac_unique,2,19,63,0.32727272727272727,0.30158730158730157,0.9215167548500881,-0.0256854256854257
468,6648,6,seed_trail_band,7-9,26,73,0.38545454545454544,0.3561643835616438,0.9240113724476609,-0.029290161892901623
469,4469,4,seed_sum_lastdigit,4,6,31,0.33214285714285713,0.1935483870967742,0.5827263267429761,-0.13859447004608294
469,9946,9,seed_prime_count,3,8,38,0.35,0.21052631578947367,0.6015037593984962,-0.1394736842105263
469,9946,9,seed_vtrac_unique,2,14,57,0.35,0.24561403508771928,0.7017543859649122,-0.1043859649122807
469,4469,4,seed_sum_lastdigit,7,8,34,0.33214285714285713,0.23529411764705882,0.7084123972169514,-0.09684873949579831
469,4469,4,seed_prime_count,0,8,33,0.33214285714285713,0.24242424242424243,0.729879439556859,-0.0897186147186147
469,9946,9,seed_prime_count,0,9,33,0.35,0.2727272727272727,0.7792207792207793,-0.07727272727272727
469,6649,6,seed_sum_lastdigit,0,8,32,0.31785714285714284,0.25,0.7865168539325843,-0.06785714285714284
469,4469,4,seed_sum_lastdigit,1,10,38,0.33214285714285713,0.2631578947368421,0.7923033389926429,-0.06898496240601504
469,6649,6,seed_prime_count,1,27,107,0.31785714285714284,0.2523364485981308,0.7938674787356925,-0.06552069425901202
469,4469,4,seed_sum_mod3,0,27,100,0.33214285714285713,0.27,0.8129032258064517,-0.06214285714285711
469,6649,6,seed_sum_mod3,2,27,102,0.31785714285714284,0.2647058823529412,0.8327825512227364,-0.05315126050420166
469,9946,9,seed_even_count,2,27,91,0.35,0.2967032967032967,0.847723704866562,-0.053296703296703274
469,9946,9,seed_trail_band,0-3,33,110,0.35,0.3,0.8571428571428572,-0.04999999999999999
469,4469,4,seed_vtrac_unique,3,50,173,0.33214285714285713,0.28901734104046245,0.8701597364659085,-0.04312551610239468
469,4469,4,seed_trail_band,4-6,24,82,0.33214285714285713,0.2926829268292683,0.8811959087332809,-0.039459930313588854
469,6649,6,seed_trail_band,4-6,23,82,0.31785714285714284,0.2804878048780488,0.8824335434365581,-0.03736933797909403
469,4469,4,seed_consecutive_pairs,0,27,92,0.33214285714285713,0.29347826086956524,0.8835904628330997,-0.038664596273291885
469,6649,6,seed_even_count,1,18,64,0.31785714285714284,0.28125,0.8848314606741574,-0.03660714285714284
469,6649,6,seed_structure,ABCD,40,142,0.31785714285714284,0.28169014084507044,0.8862161734451655,-0.0361670020120724
469,6649,6,seed_unique_count,4,40,142,0.31785714285714284,0.28169014084507044,0.8862161734451655,-0.0361670020120724
469,6649,6,seed_repeat_digit,none,40,142,0.31785714285714284,0.28169014084507044,0.8862161734451655,-0.0361670020120724
469,9946,9,seed_spread_band,4-6,36,116,0.35,0.3103448275862069,0.8866995073891627,-0.03965517241379307
469,6649,6,seed_consecutive_pairs,2,13,46,0.31785714285714284,0.2826086956521739,0.8891060087933561,-0.03524844720496895
469,4469,4,seed_spread_band,7-9,39,132,0.33214285714285713,0.29545454545454547,0.8895405669599219,-0.03668831168831166
469,9946,9,seed_sum_lastdigit,5,10,32,0.35,0.3125,0.8928571428571429,-0.03749999999999998
469,6649,6,seed_sum_band,10-17,32,112,0.31785714285714284,0.2857142857142857,0.898876404494382,-0.03214285714285714
469,6649,6,seed_vtrac_unique,4,14,49,0.31785714285714284,0.2857142857142857,0.898876404494382,-0.03214285714285714
469,4469,4,seed_lead_band,7-9,26,87,0.33214285714285713,0.2988505747126437,0.899765171177852,-0.03329228243021343
469,6649,6,seed_high_count,2,28,97,0.31785714285714284,0.28865979381443296,0.9081431715510251,-0.029197349042709875
469,4469,4,seed_even_count,3,26,86,0.33214285714285713,0.3023255813953488,0.9102275568892223,-0.02981727574750831
469,9946,9,seed_high_count,1,23,72,0.35,0.3194444444444444,0.9126984126984127,-0.030555555555555558
469,9946,9,seed_sum_mod3,1,25,78,0.35,0.32051282051282054,0.9157509157509159,-0.029487179487179438
469,6649,6,seed_high_count,1,21,72,0.31785714285714284,0.2916666666666667,0.9176029962546818,-0.026190476190476153
469,9946,9,seed_sum_mod2,0,42,130,0.35,0.3230769230769231,0.9230769230769232,-0.026923076923076883
469,6649,6,seed_sum_lastdigit,7,10,34,0.31785714285714284,0.29411764705882354,0.9253139458030404,-0.0237394957983193
469,6649,6,seed_mirror_pairs_any,yes,38,129,0.31785714285714284,0.29457364341085274,0.9267485410678513,-0.0232834994462901
469,9946,9,seed_sum_band,18-26,42,129,0.35,0.32558139534883723,0.930232558139535,-0.024418604651162745
469,4469,4,seed_high_count,2,30,97,0.33214285714285713,0.30927835051546393,0.9311606252078485,-0.0228645066273932
469,9946,9,seed_consecutive_pairs,2,15,46,0.35,0.32608695652173914,0.9316770186335405,-0.023913043478260843
469,4469,4,seed_structure,AABC,37,119,0.33214285714285713,0.31092436974789917,0.9361163820366857,-0.021218487394957963
478,4478,4,seed_sum_lastdigit,7,6,34,0.3482758620689655,0.17647058823529413,0.5066977285963892,-0.17180527383367136
478,4478,4,seed_even_count,3,16,71,0.3482758620689655,0.22535211267605634,0.6470506205550133,-0.12292374939290915
478,8847,8,seed_sum_lastdigit,8,6,29,0.3137931034482759,0.20689655172413793,0.6593406593406593,-0.10689655172413795
478,8847,8,seed_prime_count,2,22,104,0.3137931034482759,0.21153846153846154,0.6741335587489433,-0.10225464190981434
478,4478,4,seed_spread_band,0-3,8,34,0.3482758620689655,0.23529411764705882,0.6755969714618522,-0.11298174442190667
478,7748,7,seed_lead_band,7-9,21,91,0.33793103448275863,0.23076923076923078,0.6828885400313972,-0.10716180371352785
478,4478,4,seed_sum_band,0-9,6,25,0.3482758620689655,0.24,0.6891089108910892,-0.1082758620689655
478,4478,4,seed_prime_count,0,10,41,0.3482758620689655,0.24390243902439024,0.7003139338324077,-0.10437342304457525
478,4478,4,seed_vtrac_unique,2,13,53,0.3482758620689655,0.24528301886792453,0.7042779749673082,-0.10299284320104096
478,8847,8,seed_sum_lastdigit,9,6,27,0.3137931034482759,0.2222222222222222,0.7081807081807081,-0.09157088122605367
478,4478,4,seed_prime_count,3,9,36,0.3482758620689655,0.25,0.7178217821782179,-0.09827586206896549
478,8847,8,seed_lead_band,4-6,20,87,0.3137931034482759,0.22988505747126436,0.7326007326007326,-0.08390804597701151
478,8847,8,seed_structure,ABCD,36,153,0.3137931034482759,0.23529411764705882,0.7498383968972204,-0.07849898580121706
478,8847,8,seed_unique_count,4,36,153,0.3137931034482759,0.23529411764705882,0.7498383968972204,-0.07849898580121706
478,8847,8,seed_repeat_digit,none,36,153,0.3137931034482759,0.23529411764705882,0.7498383968972204,-0.07849898580121706
478,8847,8,seed_even_count,1,16,68,0.3137931034482759,0.23529411764705882,0.7498383968972204,-0.07849898580121706
478,8847,8,seed_consecutive_pairs,2,14,59,0.3137931034482759,0.23728813559322035,0.7561929595827901,-0.07650496785505553
478,7748,7,seed_sum_lastdigit,4,9,34,0.33793103448275863,0.2647058823529412,0.7833133253301321,-0.07322515212981745
478,8847,8,seed_vtrac_unique,4,16,65,0.3137931034482759,0.24615384615384617,0.7844463229078614,-0.06763925729442971
478,7748,7,seed_sum_lastdigit,1,8,30,0.33793103448275863,0.26666666666666666,0.7891156462585034,-0.07126436781609197
478,4478,4,seed_sum_lastdigit,3,7,25,0.3482758620689655,0.28,0.8039603960396041,-0.06827586206896546
478,7748,7,seed_sum_lastdigit,6,9,33,0.33793103448275863,0.2727272727272727,0.8070500927643784,-0.06520376175548592
478,7748,7,seed_structure,AABC,32,116,0.33793103448275863,0.27586206896551724,0.8163265306122449,-0.06206896551724139
478,7748,7,seed_unique_count,3,32,116,0.33793103448275863,0.27586206896551724,0.8163265306122449,-0.06206896551724139
478,4478,4,seed_lead_band,0-3,32,112,0.3482758620689655,0.2857142857142857,0.8203677510608204,-0.0625615763546798
478,7748,7,seed_sum_mod3,0,22,79,0.33793103448275863,0.27848101265822783,0.8240764660294497,-0.0594500218245308
478,8847,8,seed_high_count,1,20,77,0.3137931034482759,0.2597402597402597,0.8277436848865419,-0.05405284370801616
478,4478,4,seed_sum_lastdigit,4,10,34,0.3482758620689655,0.29411764705882354,0.8444962143273151,-0.05415821501014195
478,7748,7,seed_prime_count,0,12,41,0.33793103448275863,0.2926829268292683,0.8661025385764061,-0.045248107653490355
478,7748,7,seed_spread_band,0-3,10,34,0.33793103448275863,0.29411764705882354,0.8703481392557023,-0.04381338742393509
478,4478,4,seed_trail_band,7-9,30,98,0.3482758620689655,0.30612244897959184,0.8789654475651648,-0.04215341308937365
478,4478,4,seed_sum_lastdigit,2,9,29,0.3482758620689655,0.3103448275862069,0.8910891089108912,-0.037931034482758585
478,8847,8,seed_sum_band,0-9,7,25,0.3137931034482759,0.28,0.8923076923076924,-0.03379310344827585
478,8847,8,seed_even_count,4,7,25,0.3137931034482759,0.28,0.8923076923076924,-0.03379310344827585
478,7748,7,seed_high_count,3,23,76,0.33793103448275863,0.3026315789473684,0.8955424274973147,-0.03529945553539021
478,8847,8,seed_spread_band,4-6,36,127,0.3137931034482759,0.28346456692913385,0.9033486198840529,-0.030328536519142024
478,4478,4,seed_consecutive_pairs,1,41,130,0.3482758620689655,0.3153846153846154,0.9055597867479056,-0.03289124668435012
478,7748,7,seed_consecutive_pairs,0,30,98,0.33793103448275863,0.30612244897959184,0.9058725531028738,-0.031808585503166786
478,8847,8,seed_sum_band,10-17,31,109,0.3137931034482759,0.28440366972477066,0.9063413650569614,-0.02938943372350522
478,8847,8,seed_trail_band,4-6,24,84,0.3137931034482759,0.2857142857142857,0.9105180533751961,-0.02807881773399018
479,7749,7,seed_sum_lastdigit,3,5,28,0.34285714285714286,0.17857142857142858,0.5208333333333334,-0.16428571428571428
479,9947,9,seed_sum_lastdigit,9,5,29,0.3238095238095238,0.1724137931034483,0.5324543610547667,-0.15139573070607554
479,7749,7,seed_sum_lastdigit,6,7,36,0.34285714285714286,0.19444444444444445,0.5671296296296297,-0.1484126984126984
479,4479,4,seed_sum_lastdigit,2,7,36,0.3333333333333333,0.19444444444444445,0.5833333333333334,-0.13888888888888887
479,9947,9,seed_sum_lastdigit,0,7,33,0.3238095238095238,0.21212121212121213,0.6550802139037433,-0.1116883116883117
479,9947,9,seed_even_count,0,6,28,0.3238095238095238,0.21428571428571427,0.6617647058823529,-0.10952380952380955
479,9947,9,seed_sum_lastdigit,7,7,32,0.3238095238095238,0.21875,0.6755514705882353,-0.10505952380952382
479,9947,9,seed_sum_lastdigit,8,6,26,0.3238095238095238,0.23076923076923078,0.7126696832579186,-0.09304029304029304
479,9947,9,seed_consecutive_pairs,2,14,56,0.3238095238095238,0.25,0.7720588235294117,-0.07380952380952382
479,7749,7,seed_high_count,1,21,78,0.34285714285714286,0.2692307692307692,0.7852564102564102,-0.07362637362637364
479,9947,9,seed_sum_mod3,2,27,106,0.3238095238095238,0.25471698113207547,0.7866259711431742,-0.06909254267744835
479,7749,7,seed_sum_mod3,1,32,118,0.34285714285714286,0.2711864406779661,0.7909604519774012,-0.07167070217917676
479,4479,4,seed_sum_lastdigit,1,8,30,0.3333333333333333,0.26666666666666666,0.8,-0.06666666666666665
479,4479,4,seed_vtrac_unique,4,17,63,0.3333333333333333,0.2698412698412698,0.8095238095238095,-0.06349206349206349
479,9947,9,seed_spread_band,0-3,12,45,0.3238095238095238,0.26666666666666666,0.8235294117647058,-0.05714285714285716
479,9947,9,seed_even_count,1,20,75,0.3238095238095238,0.26666666666666666,0.8235294117647058,-0.05714285714285716
479,7749,7,seed_mirror_pairs_any,yes,39,137,0.34285714285714286,0.2846715328467153,0.8302919708029196,-0.058185610010427546
479,4479,4,seed_even_count,2,31,112,0.3333333333333333,0.2767857142857143,0.8303571428571429,-0.05654761904761901
479,7749,7,seed_even_count,0,8,28,0.34285714285714286,0.2857142857142857,0.8333333333333333,-0.05714285714285716
479,9947,9,seed_high_count,2,32,118,0.3238095238095238,0.2711864406779661,0.8374875373878364,-0.052623083131557724
479,4479,4,seed_sum_lastdigit,4,8,28,0.3333333333333333,0.2857142857142857,0.8571428571428571,-0.047619047619047616
479,4479,4,seed_consecutive_pairs,1,44,152,0.3333333333333333,0.2894736842105263,0.868421052631579,-0.04385964912280699
479,4479,4,seed_spread_band,7-9,36,124,0.3333333333333333,0.2903225806451613,0.870967741935484,-0.043010752688172005
479,7749,7,seed_vtrac_unique,3,56,187,0.34285714285714286,0.2994652406417112,0.8734402852049911,-0.043391902215431655
479,7749,7,seed_prime_count,0,13,43,0.34285714285714286,0.3023255813953488,0.881782945736434,-0.04053156146179404
479,9947,9,seed_vtrac_unique,2,18,63,0.3238095238095238,0.2857142857142857,0.8823529411764705,-0.038095238095238126
479,9947,9,seed_vtrac_unique,4,18,63,0.3238095238095238,0.2857142857142857,0.8823529411764705,-0.038095238095238126
479,4479,4,seed_even_count,3,24,81,0.3333333333333333,0.2962962962962963,0.8888888888888888,-0.037037037037037035
479,7749,7,seed_sum_lastdigit,2,11,36,0.34285714285714286,0.3055555555555556,0.8912037037037037,-0.03730158730158728
479,7749,7,seed_sum_lastdigit,8,8,26,0.34285714285714286,0.3076923076923077,0.8974358974358975,-0.03516483516483515
479,9947,9,seed_consecutive_pairs,0,30,103,0.3238095238095238,0.2912621359223301,0.8994860079954311,-0.032547387887193746
479,4479,4,seed_prime_count,0,13,43,0.3333333333333333,0.3023255813953488,0.9069767441860465,-0.031007751937984496
479,4479,4,seed_sum_lastdigit,0,10,33,0.3333333333333333,0.30303030303030304,0.9090909090909092,-0.030303030303030276
479,9947,9,seed_sum_mod3,0,27,91,0.3238095238095238,0.2967032967032967,0.916289592760181,-0.02710622710622712
479,7749,7,seed_spread_band,4-6,46,146,0.34285714285714286,0.3150684931506849,0.9189497716894977,-0.027788649706457946
479,4479,4,seed_mirror_pairs_any,no,55,178,0.3333333333333333,0.3089887640449438,0.9269662921348314,-0.024344569288389517
479,9947,9,seed_sum_mod2,1,47,156,0.3238095238095238,0.30128205128205127,0.9304298642533936,-0.02252747252747256
479,7749,7,seed_consecutive_pairs,0,33,103,0.34285714285714286,0.32038834951456313,0.9344660194174758,-0.02246879334257973
479,9947,9,seed_mirror_pairs_any,no,54,178,0.3238095238095238,0.30337078651685395,0.9368803701255783,-0.020438737292669873
479,4479,4,seed_prime_count,2,36,115,0.3333333333333333,0.3130434782608696,0.9391304347826088,-0.020289855072463725
489,9948,9,seed_sum_lastdigit,6,5,30,0.30927835051546393,0.16666666666666666,0.5388888888888889,-0.14261168384879727
489,4489,4,seed_sum_lastdigit,7,5,28,0.32646048109965636,0.17857142857142858,0.5469924812030075,-0.1478890525282278
489,8849,8,seed_sum_lastdigit,2,7,28,0.3642611683848797,0.25,0.6863207547169812,-0.11426116838487971
489,9948,9,seed_consecutive_pairs,2,10,46,0.30927835051546393,0.21739130434782608,0.7028985507246376,-0.09188704616763785
489,8849,8,seed_sum_lastdigit,5,7,25,0.3642611683848797,0.28,0.768679245283019,-0.08426116838487968
489,9948,9,seed_sum_lastdigit,1,6,25,0.30927835051546393,0.24,0.7759999999999999,-0.06927835051546394
489,9948,9,seed_sum_lastdigit,5,6,25,0.30927835051546393,0.24,0.7759999999999999,-0.06927835051546394
489,4489,4,seed_sum_lastdigit,8,7,27,0.32646048109965636,0.25925925925925924,0.7941520467836257,-0.06720122184039712
489,8849,8,seed_high_count,1,21,72,0.3642611683848797,0.2916666666666667,0.8007075471698114,-0.07259450171821302
489,9948,9,seed_prime_count,3,10,40,0.30927835051546393,0.25,0.8083333333333333,-0.05927835051546393
489,9948,9,seed_trail_band,4-6,22,88,0.30927835051546393,0.25,0.8083333333333333,-0.05927835051546393
489,8849,8,seed_even_count,1,21,71,0.3642611683848797,0.29577464788732394,0.81198511825671,-0.06848652049755577
489,4489,4,seed_high_count,3,17,64,0.32646048109965636,0.265625,0.8136513157894737,-0.06083548109965636
489,8849,8,seed_spread_band,0-3,11,37,0.3642611683848797,0.2972972972972973,0.8161652218255993,-0.0669638710875824
489,9948,9,seed_sum_band,10-17,32,123,0.30927835051546393,0.2601626016260163,0.8411924119241193,-0.04911574888944764
489,4489,4,seed_sum_lastdigit,0,8,29,0.32646048109965636,0.27586206896551724,0.8450090744101633,-0.050598412134139126
489,4489,4,seed_trail_band,7-9,26,94,0.32646048109965636,0.2765957446808511,0.8472564389697649,-0.04986473641880529
489,9948,9,seed_high_count,2,32,118,0.30927835051546393,0.2711864406779661,0.8768361581920904,-0.03809190983749783
489,8849,8,seed_lead_band,7-9,23,72,0.3642611683848797,0.3194444444444444,0.8769654088050314,-0.04481672394043529
489,4489,4,seed_mirror_pairs_any,yes,40,139,0.32646048109965636,0.28776978417266186,0.8814842862552063,-0.038690696926994506
489,8849,8,seed_trail_band,0-3,35,109,0.3642611683848797,0.3211009174311927,0.8815128959667649,-0.04316025095368703
489,9948,9,seed_sum_lastdigit,0,8,29,0.30927835051546393,0.27586206896551724,0.8919540229885057,-0.03341628154994669
489,9948,9,seed_even_count,3,21,76,0.30927835051546393,0.27631578947368424,0.893421052631579,-0.03296256104177969
489,8849,8,seed_consecutive_pairs,1,46,140,0.3642611683848797,0.32857142857142857,0.9020215633423181,-0.03568973981345114
489,8849,8,seed_mirror_pairs_any,no,50,152,0.3642611683848797,0.32894736842105265,0.9030536246276069,-0.03531379996382705
489,4489,4,seed_sum_lastdigit,9,11,37,0.32646048109965636,0.2972972972972973,0.9106685633001422,-0.02916318380235905
489,8849,8,seed_vtrac_unique,4,21,63,0.3642611683848797,0.3333333333333333,0.9150943396226415,-0.030927835051546393
489,4489,4,seed_sum_lastdigit,4,9,30,0.32646048109965636,0.3,0.9189473684210526,-0.026460481099656374
489,4489,4,seed_prime_count,1,24,80,0.32646048109965636,0.3,0.9189473684210526,-0.026460481099656374
489,4489,4,seed_prime_count,2,33,110,0.32646048109965636,0.3,0.9189473684210526,-0.026460481099656374
489,4489,4,seed_even_count,3,23,76,0.32646048109965636,0.3026315789473684,0.9270083102493074,-0.023828902152287945
489,4489,4,seed_structure,AABC,37,122,0.32646048109965636,0.30327868852459017,0.9289905090595341,-0.023181792575066196
489,4489,4,seed_unique_count,3,37,122,0.32646048109965636,0.30327868852459017,0.9289905090595341,-0.023181792575066196
489,9948,9,seed_lead_band,0-3,35,121,0.30927835051546393,0.2892561983471074,0.9352617079889807,-0.02002215216835651
489,9948,9,seed_prime_count,0,14,48,0.30927835051546393,0.2916666666666667,0.9430555555555555,-0.017611683848797244
489,8849,8,seed_sum_lastdigit,3,11,32,0.3642611683848797,0.34375,0.9436910377358491,-0.020511168384879708
489,8849,8,seed_structure,AABC,42,122,0.3642611683848797,0.3442622950819672,0.9450974327250232,-0.0199988733029125
489,8849,8,seed_unique_count,3,42,122,0.3642611683848797,0.3442622950819672,0.9450974327250232,-0.0199988733029125
489,4489,4,seed_consecutive_pairs,0,31,100,0.32646048109965636,0.31,0.9495789473684211,-0.016460481099656366
489,9948,9,seed_sum_mod3,1,30,102,0.30927835051546393,0.29411764705882354,0.9509803921568627,-0.01516070345664039
567,5567,5,seed_sum_lastdigit,2,5,31,0.3242320819112628,0.16129032258064516,0.49745331069609505,-0.16294175933061764
567,5567,5,seed_high_count,3,14,73,0.3242320819112628,0.1917808219178082,0.591492429704398,-0.13245125999345458
567,7756,7,seed_sum_lastdigit,7,5,26,0.310580204778157,0.19230769230769232,0.6191885038038885,-0.11827251247046469
567,5567,5,seed_prime_count,0,8,39,0.3242320819112628,0.20512820512820512,0.6326585695006748,-0.11910387678305767
567,6657,6,seed_sum_lastdigit,0,7,28,0.3651877133105802,0.25,0.6845794392523364,-0.1151877133105802
567,7756,7,seed_high_count,2,23,107,0.310580204778157,0.21495327102803738,0.6921022902331313,-0.09562693375011963
567,6657,6,seed_vtrac_unique,2,18,70,0.3651877133105802,0.2571428571428571,0.7041388518024031,-0.10804485616772308
567,5567,5,seed_trail_band,7-9,22,94,0.3242320819112628,0.23404255319148937,0.7218365061590146,-0.09018952871977343
567,6657,6,seed_sum_lastdigit,3,7,25,0.3651877133105802,0.28,0.7667289719626169,-0.08518771331058017
567,6657,6,seed_mirror_pairs_any,yes,40,139,0.3651877133105802,0.28776978417266186,0.788005109930747,-0.07741792913791834
567,7756,7,seed_prime_count,3,12,47,0.310580204778157,0.2553191489361702,0.8220715454758007,-0.05526105584198682
567,6657,6,seed_trail_band,0-3,36,117,0.3651877133105802,0.3076923076923077,0.8425593098490295,-0.05749540561827249
567,6657,6,seed_sum_mod3,0,29,94,0.3651877133105802,0.30851063829787234,0.8448001590773514,-0.056677075012707856
567,7756,7,seed_spread_band,4-6,34,129,0.310580204778157,0.26356589147286824,0.8486242439730812,-0.04701431330528877
567,7756,7,seed_mirror_pairs_any,no,41,154,0.310580204778157,0.2662337662337662,0.8572142143570713,-0.0443464385443908
567,7756,7,seed_sum_lastdigit,5,8,30,0.310580204778157,0.26666666666666666,0.8586080586080586,-0.04391353811149035
567,7756,7,seed_vtrac_unique,4,12,45,0.310580204778157,0.26666666666666666,0.8586080586080586,-0.04391353811149035
567,5567,5,seed_sum_lastdigit,3,7,25,0.3242320819112628,0.28,0.8635789473684211,-0.044232081911262766
567,6657,6,seed_high_count,1,25,78,0.3651877133105802,0.32051282051282054,0.8776659477594058,-0.04467489279775966
567,7756,7,seed_sum_lastdigit,8,9,33,0.310580204778157,0.2727272727272727,0.878121878121878,-0.0378529320508843
567,5567,5,seed_consecutive_pairs,1,40,140,0.3242320819112628,0.2857142857142857,0.881203007518797,-0.038517796196977094
567,6657,6,seed_prime_count,1,33,102,0.3651877133105802,0.3235294117647059,0.8859263331500825,-0.0416583015458743
567,6657,6,seed_even_count,1,23,71,0.3651877133105802,0.323943661971831,0.8870606818480979,-0.0412440513387492
567,7756,7,seed_consecutive_pairs,0,28,101,0.310580204778157,0.27722772277227725,0.8926123381568927,-0.03335248200587976
567,7756,7,seed_lead_band,7-9,22,79,0.310580204778157,0.27848101265822783,0.8966476561413269,-0.032099192119929176
567,5567,5,seed_structure,AABC,39,134,0.3242320819112628,0.291044776119403,0.897643362136685,-0.0331873057918598
567,5567,5,seed_unique_count,3,39,134,0.3242320819112628,0.291044776119403,0.897643362136685,-0.0331873057918598
567,5567,5,seed_even_count,3,23,79,0.3242320819112628,0.2911392405063291,0.8979347101932046,-0.03309284140493368
567,6657,6,seed_spread_band,7-9,41,125,0.3651877133105802,0.328,0.8981682242990655,-0.037187713310580184
567,7756,7,seed_sum_band,10-17,32,114,0.310580204778157,0.2807017543859649,0.9037979564295353,-0.029878450392192113
567,7756,7,seed_sum_mod3,1,27,96,0.310580204778157,0.28125,0.9055631868131868,-0.02933020477815701
567,6657,6,seed_structure,ABCD,45,136,0.3651877133105802,0.33088235294117646,0.9060610225398571,-0.03430536036940374
567,6657,6,seed_unique_count,4,45,136,0.3651877133105802,0.33088235294117646,0.9060610225398571,-0.03430536036940374
567,6657,6,seed_repeat_digit,none,45,136,0.3651877133105802,0.33088235294117646,0.9060610225398571,-0.03430536036940374
567,7756,7,seed_trail_band,0-3,33,117,0.310580204778157,0.28205128205128205,0.9081431389123696,-0.02852892272687496
567,6657,6,seed_sum_lastdigit,1,13,39,0.3651877133105802,0.3333333333333333,0.9127725856697819,-0.03185437997724688
567,6657,6,seed_spread_band,0-3,13,39,0.3651877133105802,0.3333333333333333,0.9127725856697819,-0.03185437997724688
567,5567,5,seed_vtrac_unique,3,52,175,0.3242320819112628,0.29714285714285715,0.916451127819549,-0.02708922476840564
567,7756,7,seed_consecutive_pairs,2,14,49,0.310580204778157,0.2857142857142857,0.9199372056514913,-0.02486591906387131
567,5567,5,seed_mirror_pairs_any,no,46,154,0.3242320819112628,0.2987012987012987,0.9212576896787423,-0.025530783209964103
568,8856,8,seed_sum_lastdigit,8,6,29,0.36860068259385664,0.20689655172413793,0.5613026819923371,-0.16170413086971872
568,8856,8,seed_sum_lastdigit,1,6,28,0.36860068259385664,0.21428571428571427,0.5813492063492063,-0.15431496830814237
568,6658,6,seed_sum_lastdigit,9,5,28,0.2935153583617747,0.17857142857142858,0.6083887043189369,-0.11494392979034615
568,6658,6,seed_sum_lastdigit,6,6,33,0.2935153583617747,0.18181818181818182,0.6194503171247357,-0.1116971765435929
568,5568,5,seed_sum_lastdigit,7,7,33,0.3378839590443686,0.21212121212121213,0.6277930823385369,-0.12576274692315645
568,8856,8,seed_sum_lastdigit,0,7,30,0.36860068259385664,0.23333333333333334,0.6330246913580247,-0.1352673492605233
568,6658,6,seed_spread_band,0-3,7,34,0.2935153583617747,0.20588235294117646,0.7014363885088919,-0.08763300542059826
568,5568,5,seed_prime_count,3,10,41,0.3378839590443686,0.24390243902439024,0.7218526730721853,-0.09398152001997834
568,6658,6,seed_prime_count,2,22,103,0.2935153583617747,0.21359223300970873,0.7277037706028449,-0.079923125352066
568,6658,6,seed_vtrac_unique,2,15,66,0.2935153583617747,0.22727272727272727,0.7743128964059197,-0.06624263108904746
568,8856,8,seed_prime_count,0,10,35,0.36860068259385664,0.2857142857142857,0.7751322751322751,-0.08288639687957094
568,8856,8,seed_prime_count,3,12,41,0.36860068259385664,0.2926829268292683,0.7940379403794038,-0.07591775576458837
568,5568,5,seed_sum_lastdigit,2,8,29,0.3378839590443686,0.27586206896551724,0.8164402647161269,-0.06202189007885134
568,6658,6,seed_consecutive_pairs,2,15,61,0.2935153583617747,0.2459016393442623,0.8377811666031262,-0.047613719017512435
568,5568,5,seed_high_count,3,20,70,0.3378839590443686,0.2857142857142857,0.8455988455988456,-0.05216967333008288
568,8856,8,seed_high_count,2,34,109,0.36860068259385664,0.3119266055045872,0.8462453278967041,-0.05667407708926947
568,6658,6,seed_sum_lastdigit,3,8,32,0.2935153583617747,0.25,0.8517441860465117,-0.043515358361774725
568,6658,6,seed_high_count,1,19,76,0.2935153583617747,0.25,0.8517441860465117,-0.043515358361774725
568,8856,8,seed_sum_band,18-26,40,127,0.36860068259385664,0.31496062992125984,0.8544765237678623,-0.053640052672596805
568,5568,5,seed_sum_mod3,2,28,95,0.3378839590443686,0.29473684210526313,0.8723019670388091,-0.043147116939105445
568,5568,5,seed_consecutive_pairs,0,28,95,0.3378839590443686,0.29473684210526313,0.8723019670388091,-0.043147116939105445
568,5568,5,seed_trail_band,7-9,25,84,0.3378839590443686,0.2976190476190476,0.8808321308321309,-0.04026491142532096
568,8856,8,seed_consecutive_pairs,1,42,129,0.36860068259385664,0.32558139534883723,0.8832902670111973,-0.04301928724501941
568,6658,6,seed_vtrac_unique,4,16,61,0.2935153583617747,0.26229508196721313,0.893633244376668,-0.031220276394561597
568,6658,6,seed_even_count,1,19,72,0.2935153583617747,0.2638888888888889,0.8990633074935401,-0.02962646947288583
568,6658,6,seed_trail_band,4-6,25,94,0.2935153583617747,0.26595744680851063,0.9061108362196932,-0.02755791155326409
568,6658,6,seed_sum_mod2,1,41,152,0.2935153583617747,0.26973684210526316,0.9189871481028152,-0.02377851625651156
568,5568,5,seed_lead_band,7-9,28,90,0.3378839590443686,0.3111111111111111,0.9207631874298542,-0.02677284793325746
568,5568,5,seed_consecutive_pairs,2,19,61,0.3378839590443686,0.3114754098360656,0.9218413644643154,-0.02640854920830299
568,8856,8,seed_trail_band,4-6,32,94,0.36860068259385664,0.3404255319148936,0.9235618597320725,-0.028175150678963035
568,5568,5,seed_sum_lastdigit,3,10,32,0.3378839590443686,0.3125,0.9248737373737375,-0.025383959044368576
568,6658,6,seed_sum_mod3,1,25,92,0.2935153583617747,0.2717391304347826,0.9258088978766431,-0.02177622792699213
568,8856,8,seed_even_count,2,37,108,0.36860068259385664,0.3425925925925926,0.9294410150891633,-0.026008090001264028
568,5568,5,seed_prime_count,0,11,35,0.3378839590443686,0.3142857142857143,0.9301587301587302,-0.023598244758654296
568,5568,5,seed_mirror_pairs_any,no,47,149,0.3378839590443686,0.31543624161073824,0.9335638261812759,-0.022447717433630332
568,6658,6,seed_lead_band,0-3,31,113,0.2935153583617747,0.2743362831858407,0.9346573369005968,-0.019179075175934035
568,6658,6,seed_even_count,3,22,80,0.2935153583617747,0.275,0.936918604651163,-0.018515358361774703
568,5568,5,seed_spread_band,7-9,38,120,0.3378839590443686,0.31666666666666665,0.9372053872053873,-0.021217292377701924
568,8856,8,seed_vtrac_unique,3,56,162,0.36860068259385664,0.345679012345679,0.9378143575674439,-0.02292167024817765
568,6658,6,seed_mirror_pairs_any,yes,40,144,0.2935153583617747,0.2777777777777778,0.9463824289405686,-0.015737580583996935
569,5569,5,seed_spread_band,0-3,8,36,0.34814814814814815,0.2222222222222222,0.6382978723404255,-0.12592592592592594
569,9956,9,seed_sum_lastdigit,7,7,31,0.32222222222222224,0.22580645161290322,0.7007786429365962,-0.09641577060931902
569,5569,5,seed_prime_count,2,23,94,0.34814814814814815,0.24468085106382978,0.7028066998641919,-0.10346729708431837
569,6659,6,seed_prime_count,0,8,33,0.3296296296296296,0.24242424242424243,0.735444330949949,-0.08720538720538717
569,9956,9,seed_even_count,3,15,63,0.32222222222222224,0.23809523809523808,0.7389162561576353,-0.08412698412698416
569,9956,9,seed_high_count,1,14,58,0.32222222222222224,0.2413793103448276,0.7491082045184304,-0.08084291187739465
569,9956,9,seed_trail_band,4-6,19,78,0.32222222222222224,0.24358974358974358,0.7559681697612731,-0.07863247863247866
569,9956,9,seed_mirror_pairs_any,yes,32,131,0.32222222222222224,0.24427480916030533,0.7580942353250855,-0.07794741306191691
569,9956,9,seed_prime_count,3,12,49,0.32222222222222224,0.24489795918367346,0.7600281491907107,-0.07732426303854878
569,5569,5,seed_sum_lastdigit,1,7,26,0.34814814814814815,0.2692307692307692,0.7733224222585924,-0.07891737891737893
569,6659,6,seed_sum_mod3,1,22,86,0.3296296296296296,0.2558139534883721,0.7760648027175334,-0.0738156761412575
569,5569,5,seed_high_count,3,16,58,0.34814814814814815,0.27586206896551724,0.7923697725605282,-0.07228607918263091
569,9956,9,seed_lead_band,7-9,18,69,0.32222222222222224,0.2608695652173913,0.8095952023988006,-0.061352657004830946
569,5569,5,seed_sum_lastdigit,0,11,39,0.34814814814814815,0.28205128205128205,0.8101472995090017,-0.0660968660968661
569,5569,5,seed_sum_lastdigit,4,11,39,0.34814814814814815,0.28205128205128205,0.8101472995090017,-0.0660968660968661
569,5569,5,seed_consecutive_pairs,2,11,39,0.34814814814814815,0.28205128205128205,0.8101472995090017,-0.0660968660968661
569,9956,9,seed_prime_count,1,23,87,0.32222222222222224,0.26436781609195403,0.8204518430439952,-0.05785440613026821
569,5569,5,seed_sum_mod3,0,24,84,0.34814814814814815,0.2857142857142857,0.8206686930091185,-0.06243386243386245
569,9956,9,seed_consecutive_pairs,1,35,130,0.32222222222222224,0.2692307692307692,0.8355437665782492,-0.052991452991453025
569,6659,6,seed_trail_band,7-9,24,87,0.3296296296296296,0.27586206896551724,0.8368849283223557,-0.05376756066411237
569,9956,9,seed_sum_band,10-17,31,114,0.32222222222222224,0.2719298245614035,0.8439201451905626,-0.05029239766081872
569,5569,5,seed_lead_band,4-6,25,84,0.34814814814814815,0.2976190476190476,0.8548632218844985,-0.050529100529100535
569,9956,9,seed_sum_lastdigit,5,8,29,0.32222222222222224,0.27586206896551724,0.8561236623067776,-0.046360153256705006
569,6659,6,seed_high_count,2,34,119,0.3296296296296296,0.2857142857142857,0.8667736757624398,-0.04391534391534391
569,5569,5,seed_mirror_pairs_any,no,42,139,0.34814814814814815,0.302158273381295,0.8679014235420175,-0.04598987476685318
569,9956,9,seed_sum_mod2,1,36,128,0.32222222222222224,0.28125,0.8728448275862069,-0.04097222222222224
569,5569,5,seed_sum_mod3,2,31,100,0.34814814814814815,0.31,0.8904255319148936,-0.03814814814814815
569,9956,9,seed_sum_mod3,2,29,100,0.32222222222222224,0.29,0.8999999999999999,-0.03222222222222226
569,9956,9,seed_spread_band,7-9,36,124,0.32222222222222224,0.2903225806451613,0.9010011123470523,-0.03189964157706093
569,9956,9,seed_sum_mod3,1,25,86,0.32222222222222224,0.29069767441860467,0.9021651964715317,-0.031524547803617575
569,5569,5,seed_sum_band,18-26,36,114,0.34814814814814815,0.3157894736842105,0.9070548712206047,-0.03235867446393764
569,6659,6,seed_lead_band,0-3,35,117,0.3296296296296296,0.29914529914529914,0.9075194468452896,-0.03048433048433047
569,9956,9,seed_high_count,3,17,58,0.32222222222222224,0.29310344827586204,0.9096313912009512,-0.0291187739463602
569,5569,5,seed_vtrac_unique,4,14,44,0.34814814814814815,0.3181818181818182,0.913926499032882,-0.029966329966329974
569,6659,6,seed_mirror_pairs_any,no,42,139,0.3296296296296296,0.302158273381295,0.9166599304825803,-0.027471356248334633
569,5569,5,seed_consecutive_pairs,0,31,97,0.34814814814814815,0.31958762886597936,0.9179644658916428,-0.028560519282168795
569,9956,9,seed_vtrac_unique,2,19,64,0.32222222222222224,0.296875,0.9213362068965517,-0.025347222222222243
569,6659,6,seed_spread_band,0-3,11,36,0.3296296296296296,0.3055555555555556,0.9269662921348316,-0.024074074074074026
569,5569,5,seed_even_count,1,21,65,0.34814814814814815,0.3230769230769231,0.927986906710311,-0.025071225071225056
569,5569,5,seed_sum_mod2,0,46,142,0.34814814814814815,0.323943661971831,0.9304764758765358,-0.024204486176317153
578,8857,8,seed_sum_lastdigit,2,5,27,0.3490909090909091,0.18518518518518517,0.5304783950617283,-0.16390572390572394
578,8857,8,seed_sum_lastdigit,9,5,25,0.3490909090909091,0.2,0.5729166666666666,-0.1490909090909091
578,5578,5,seed_sum_lastdigit,3,6,31,0.3090909090909091,0.1935483870967742,0.6261859582542695,-0.1155425219941349
578,7758,7,seed_high_count,1,16,74,0.3418181818181818,0.21621621621621623,0.6325474410580795,-0.12560196560196557
578,5578,5,seed_even_count,1,13,65,0.3090909090909091,0.2,0.6470588235294118,-0.10909090909090907
578,7758,7,seed_sum_lastdigit,1,7,29,0.3418181818181818,0.2413793103448276,0.7061628760088042,-0.1004388714733542
578,5578,5,seed_spread_band,7-9,25,109,0.3090909090909091,0.22935779816513763,0.7420399352401512,-0.07973311092577146
578,7758,7,seed_prime_count,0,9,35,0.3418181818181818,0.2571428571428571,0.7522796352583586,-0.08467532467532468
578,8857,8,seed_high_count,2,26,99,0.3490909090909091,0.26262626262626265,0.7523148148148149,-0.08646464646464647
578,8857,8,seed_sum_lastdigit,6,8,30,0.3490909090909091,0.26666666666666666,0.7638888888888888,-0.08242424242424246
578,8857,8,seed_even_count,2,28,103,0.3490909090909091,0.27184466019417475,0.7787216828478963,-0.07724624889673437
578,8857,8,seed_consecutive_pairs,2,14,51,0.3490909090909091,0.27450980392156865,0.7863562091503268,-0.07458110516934047
578,7758,7,seed_sum_lastdigit,8,9,33,0.3418181818181818,0.2727272727272727,0.7978723404255319,-0.06909090909090909
578,7758,7,seed_lead_band,7-9,21,77,0.3418181818181818,0.2727272727272727,0.7978723404255319,-0.06909090909090909
578,8857,8,seed_unique_count,2,7,25,0.3490909090909091,0.28,0.8020833333333334,-0.06909090909090909
578,5578,5,seed_sum_lastdigit,7,7,28,0.3090909090909091,0.25,0.8088235294117647,-0.05909090909090908
578,7758,7,seed_prime_count,3,13,47,0.3418181818181818,0.2765957446808511,0.8091896785875963,-0.06522243713733072
578,8857,8,seed_prime_count,1,24,84,0.3490909090909091,0.2857142857142857,0.8184523809523808,-0.06337662337662342
578,5578,5,seed_prime_count,2,26,102,0.3090909090909091,0.2549019607843137,0.8246828143021915,-0.054188948306595375
578,5578,5,seed_high_count,3,17,66,0.3090909090909091,0.25757575757575757,0.8333333333333334,-0.051515151515151514
578,7758,7,seed_sum_lastdigit,7,8,28,0.3418181818181818,0.2857142857142857,0.8358662613981763,-0.0561038961038961
578,5578,5,seed_sum_mod3,2,22,85,0.3090909090909091,0.25882352941176473,0.8373702422145329,-0.05026737967914435
578,8857,8,seed_spread_band,4-6,38,129,0.3490909090909091,0.29457364341085274,0.8438307493540051,-0.05451726568005638
578,8857,8,seed_sum_band,18-26,36,122,0.3490909090909091,0.29508196721311475,0.8452868852459016,-0.05400894187779437
578,8857,8,seed_sum_mod2,0,42,141,0.3490909090909091,0.2978723404255319,0.8532801418439715,-0.05121856866537722
578,7758,7,seed_even_count,1,19,65,0.3418181818181818,0.2923076923076923,0.8551554828150574,-0.049510489510489475
578,5578,5,seed_sum_lastdigit,4,7,26,0.3090909090909091,0.2692307692307692,0.8710407239819005,-0.039860139860139865
578,8857,8,seed_even_count,3,21,69,0.3490909090909091,0.30434782608695654,0.8718297101449275,-0.04474308300395258
578,7758,7,seed_structure,AABC,34,114,0.3418181818181818,0.2982456140350877,0.8725270623366927,-0.043572567783094096
578,7758,7,seed_unique_count,3,34,114,0.3418181818181818,0.2982456140350877,0.8725270623366927,-0.043572567783094096
578,7758,7,seed_mirror_pairs_any,no,46,154,0.3418181818181818,0.2987012987012987,0.8738601823708206,-0.04311688311688311
578,5578,5,seed_vtrac_unique,2,16,59,0.3090909090909091,0.2711864406779661,0.8773678963110668,-0.03790446841294298
578,7758,7,seed_sum_band,10-17,33,110,0.3418181818181818,0.3,0.8776595744680851,-0.04181818181818181
578,8857,8,seed_trail_band,4-6,23,75,0.3490909090909091,0.30666666666666664,0.8784722222222221,-0.042424242424242475
578,5578,5,seed_mirror_pairs_any,yes,33,121,0.3090909090909091,0.2727272727272727,0.8823529411764706,-0.036363636363636376
578,8857,8,seed_structure,ABCD,42,136,0.3490909090909091,0.3088235294117647,0.8846507352941176,-0.0402673796791444
578,8857,8,seed_unique_count,4,42,136,0.3490909090909091,0.3088235294117647,0.8846507352941176,-0.0402673796791444
578,8857,8,seed_repeat_digit,none,42,136,0.3490909090909091,0.3088235294117647,0.8846507352941176,-0.0402673796791444
578,8857,8,seed_lead_band,0-3,35,112,0.3490909090909091,0.3125,0.8951822916666666,-0.03659090909090912
578,5578,5,seed_sum_lastdigit,0,7,25,0.3090909090909091,0.28,0.9058823529411766,-0.029090909090909056
579,7759,7,seed_sum_lastdigit,7,7,35,0.36462093862815886,0.2,0.5485148514851486,-0.16462093862815885
579,5579,5,seed_sum_lastdigit,0,5,26,0.2888086642599278,0.19230769230769232,0.6658653846153847,-0.09650097195223548
579,9957,9,seed_sum_lastdigit,9,6,26,0.34657039711191334,0.23076923076923078,0.6658653846153847,-0.11580116634268256
579,9957,9,seed_consecutive_pairs,2,14,55,0.34657039711191334,0.2545454545454545,0.7344696969696969,-0.09202494256645882
579,7759,7,seed_sum_lastdigit,0,7,26,0.36462093862815886,0.2692307692307692,0.7383853769992383,-0.09539016939738965
579,9957,9,seed_sum_lastdigit,8,8,31,0.34657039711191334,0.25806451612903225,0.7446236559139785,-0.08850588098288109
579,7759,7,seed_high_count,1,20,72,0.36462093862815886,0.2777777777777778,0.7618261826182618,-0.08684316085038107
579,7759,7,seed_sum_lastdigit,1,9,32,0.36462093862815886,0.28125,0.7713490099009901,-0.08337093862815886
579,9957,9,seed_prime_count,2,29,107,0.34657039711191334,0.27102803738317754,0.7820288161993769,-0.0755423597287358
579,7759,7,seed_sum_lastdigit,4,10,35,0.36462093862815886,0.2857142857142857,0.7835926449787836,-0.07890665291387317
579,7759,7,seed_even_count,3,20,70,0.36462093862815886,0.2857142857142857,0.7835926449787836,-0.07890665291387317
579,9957,9,seed_high_count,3,17,62,0.34657039711191334,0.27419354838709675,0.7911626344086021,-0.07237684872481659
579,9957,9,seed_vtrac_unique,2,16,58,0.34657039711191334,0.27586206896551724,0.7959770114942529,-0.0707083281463961
579,7759,7,seed_vtrac_unique,4,15,50,0.36462093862815886,0.3,0.8227722772277227,-0.06462093862815887
579,7759,7,seed_trail_band,4-6,26,86,0.36462093862815886,0.3023255813953488,0.8291503568961547,-0.062295357232810045
579,5579,5,seed_vtrac_unique,2,14,58,0.2888086642599278,0.2413793103448276,0.8357758620689656,-0.0474293539151002
579,5579,5,seed_consecutive_pairs,0,24,99,0.2888086642599278,0.24242424242424243,0.8393939393939395,-0.04638442183568536
579,5579,5,seed_prime_count,3,9,37,0.2888086642599278,0.24324324324324326,0.8422297297297298,-0.04556542101668454
579,5579,5,seed_sum_band,18-26,29,119,0.2888086642599278,0.24369747899159663,0.8438025210084034,-0.04511118526833116
579,7759,7,seed_spread_band,0-3,10,32,0.36462093862815886,0.3125,0.8570544554455445,-0.052120938628158864
579,9957,9,seed_prime_count,3,11,37,0.34657039711191334,0.2972972972972973,0.8578265765765767,-0.04927309981461603
579,5579,5,seed_lead_band,4-6,19,76,0.2888086642599278,0.25,0.865625,-0.038808664259927794
579,9957,9,seed_structure,AABC,34,112,0.34657039711191334,0.30357142857142855,0.8759300595238095,-0.042998968540484794
579,9957,9,seed_unique_count,3,34,112,0.34657039711191334,0.30357142857142855,0.8759300595238095,-0.042998968540484794
579,5579,5,seed_sum_mod2,0,36,142,0.2888086642599278,0.2535211267605634,0.8778169014084507,-0.03528753749936442
579,5579,5,seed_mirror_pairs_any,yes,35,138,0.2888086642599278,0.2536231884057971,0.8781702898550725,-0.03518547585413068
579,7759,7,seed_consecutive_pairs,1,39,121,0.36462093862815886,0.32231404958677684,0.8839702152033384,-0.04230688904138202
579,7759,7,seed_prime_count,0,11,34,0.36462093862815886,0.3235294117647059,0.8873034362259755,-0.041091526863452965
579,7759,7,seed_mirror_pairs_any,no,45,139,0.36462093862815886,0.3237410071942446,0.8878837524040173,-0.040879931433914274
579,5579,5,seed_lead_band,7-9,18,70,0.2888086642599278,0.2571428571428571,0.8903571428571427,-0.03166580711707068
579,5579,5,seed_trail_band,0-3,25,97,0.2888086642599278,0.25773195876288657,0.8923969072164948,-0.031076705497041224
579,5579,5,seed_sum_lastdigit,8,8,31,0.2888086642599278,0.25806451612903225,0.8935483870967742,-0.030744148130895543
579,5579,5,seed_high_count,3,16,62,0.2888086642599278,0.25806451612903225,0.8935483870967742,-0.030744148130895543
579,7759,7,seed_prime_count,1,30,91,0.36462093862815886,0.32967032967032966,0.904145359590904,-0.0349506089578292
579,7759,7,seed_sum_mod3,2,34,103,0.36462093862815886,0.3300970873786408,0.9053157742958762,-0.03452385124951807
579,5579,5,seed_even_count,1,17,65,0.2888086642599278,0.26153846153846155,0.9055769230769232,-0.02727020272146624
579,5579,5,seed_even_count,2,28,107,0.2888086642599278,0.2616822429906542,0.9060747663551401,-0.027126421269273615
579,7759,7,seed_sum_band,10-17,38,115,0.36462093862815886,0.33043478260869563,0.9062419285406801,-0.03418615601946323
579,9957,9,seed_sum_lastdigit,7,11,35,0.34657039711191334,0.3142857142857143,0.9068452380952381,-0.03228468282619906
579,9957,9,seed_sum_mod3,1,25,79,0.34657039711191334,0.31645569620253167,0.9131065400843883,-0.030114700909381675
589,9958,9,seed_prime_count,0,7,39,0.3288590604026846,0.1794871794871795,0.5457875457875457,-0.1493718809155051
589,8859,8,seed_sum_lastdigit,8,7,38,0.3087248322147651,0.18421052631578946,0.5966819221967963,-0.12451430589897564
589,8859,8,seed_sum_lastdigit,9,6,31,0.3087248322147651,0.1935483870967742,0.6269284712482468,-0.11517644511799091
589,5589,5,seed_sum_lastdigit,6,7,29,0.3624161073825503,0.2413793103448276,0.6660280970625799,-0.12103679703772272
589,5589,5,seed_consecutive_pairs,2,15,57,0.3624161073825503,0.2631578947368421,0.7261208576998051,-0.09925821264570822
589,9958,9,seed_sum_band,27-36,6,25,0.3288590604026846,0.24,0.7297959183673468,-0.0888590604026846
589,8859,8,seed_high_count,1,15,65,0.3087248322147651,0.23076923076923078,0.7474916387959867,-0.07795560144553432
589,8859,8,seed_consecutive_pairs,0,19,82,0.3087248322147651,0.23170731707317074,0.7505302226935313,-0.07701751514159436
589,9958,9,seed_vtrac_unique,2,15,60,0.3288590604026846,0.25,0.760204081632653,-0.07885906040268459
589,9958,9,seed_trail_band,7-9,23,91,0.3288590604026846,0.25274725274725274,0.7685579726396052,-0.07611180765543185
589,5589,5,seed_sum_band,10-17,31,107,0.3624161073825503,0.2897196261682243,0.7994115610938041,-0.07269648121432604
589,8859,8,seed_sum_lastdigit,5,10,40,0.3087248322147651,0.25,0.8097826086956522,-0.0587248322147651
589,9958,9,seed_prime_count,3,12,45,0.3288590604026846,0.26666666666666666,0.8108843537414965,-0.062192393736017926
589,5589,5,seed_sum_lastdigit,3,10,34,0.3624161073825503,0.29411764705882354,0.8115468409586057,-0.06829846032372677
589,5589,5,seed_even_count,2,33,111,0.3624161073825503,0.2972972972972973,0.8203203203203204,-0.065118810085253
589,5589,5,seed_prime_count,1,26,86,0.3624161073825503,0.3023255813953488,0.8341946597760551,-0.06009052598720149
589,9958,9,seed_high_count,3,22,80,0.3288590604026846,0.275,0.8362244897959183,-0.053859060402684567
589,5589,5,seed_high_count,1,20,65,0.3624161073825503,0.3076923076923077,0.8490028490028491,-0.0547237996902426
589,8859,8,seed_spread_band,0-3,13,49,0.3087248322147651,0.2653061224489796,0.8593611357586514,-0.04341870976578549
589,8859,8,seed_even_count,3,20,75,0.3087248322147651,0.26666666666666666,0.863768115942029,-0.042058165548098436
589,9958,9,seed_sum_band,18-26,40,140,0.3288590604026846,0.2857142857142857,0.868804664723032,-0.04314477468839889
589,9958,9,seed_high_count,2,32,111,0.3288590604026846,0.2882882882882883,0.8766317337745908,-0.0405707721143963
589,9958,9,seed_sum_mod3,0,30,104,0.3288590604026846,0.28846153846153844,0.8771585557299841,-0.04039752194114615
589,9958,9,seed_even_count,1,27,93,0.3288590604026846,0.2903225806451613,0.8828176431863067,-0.03853647975752328
589,5589,5,seed_sum_lastdigit,1,9,28,0.3624161073825503,0.32142857142857145,0.886904761904762,-0.04098753595397886
589,5589,5,seed_trail_band,4-6,27,84,0.3624161073825503,0.32142857142857145,0.886904761904762,-0.04098753595397886
589,5589,5,seed_prime_count,2,39,121,0.3624161073825503,0.32231404958677684,0.889348025711662,-0.04010205779577347
589,8859,8,seed_lead_band,4-6,25,91,0.3087248322147651,0.27472527472527475,0.8898709985666509,-0.03399955748949035
589,8859,8,seed_sum_band,27-36,7,25,0.3087248322147651,0.28,0.9069565217391306,-0.028724832214765073
589,8859,8,seed_spread_band,7-9,38,135,0.3087248322147651,0.2814814814814815,0.9117552334943639,-0.0272433507332836
589,9958,9,seed_sum_lastdigit,5,12,40,0.3288590604026846,0.3,0.9122448979591836,-0.0288590604026846
589,8859,8,seed_vtrac_unique,3,51,180,0.3087248322147651,0.2833333333333333,0.9177536231884058,-0.025391498881431773
589,5589,5,seed_spread_band,4-6,38,114,0.3624161073825503,0.3333333333333333,0.9197530864197531,-0.029082774049216997
589,9958,9,seed_consecutive_pairs,1,46,152,0.3288590604026846,0.3026315789473684,0.9202470461868957,-0.02622748145531617
589,9958,9,seed_lead_band,7-9,27,89,0.3288590604026846,0.30337078651685395,0.9224948406328823,-0.025488273885830637
589,9958,9,seed_sum_mod2,1,51,168,0.3288590604026846,0.30357142857142855,0.9231049562682214,-0.02528763183125604
589,5589,5,seed_sum_mod3,1,31,92,0.3624161073825503,0.33695652173913043,0.9297504025764896,-0.02545958564341988
589,9958,9,seed_spread_band,4-6,35,114,0.3288590604026846,0.30701754385964913,0.9335839598997493,-0.021841516543035455
589,9958,9,seed_structure,AABC,39,127,0.3288590604026846,0.30708661417322836,0.9337939900369596,-0.021772446229456233
589,9958,9,seed_unique_count,3,39,127,0.3288590604026846,0.30708661417322836,0.9337939900369596,-0.021772446229456233
678,6678,6,seed_sum_lastdigit,4,6,32,0.32867132867132864,0.1875,0.5704787234042553,-0.14117132867132864
678,7768,7,seed_prime_count,3,8,45,0.3041958041958042,0.17777777777777778,0.584418901660281,-0.12641802641802644
678,8867,8,seed_sum_lastdigit,2,8,34,0.36713286713286714,0.23529411764705882,0.6408963585434173,-0.13183874948580832
678,7768,7,seed_sum_lastdigit,1,7,35,0.3041958041958042,0.2,0.6574712643678161,-0.10419580419580421
678,6678,6,seed_sum_lastdigit,3,7,29,0.32867132867132864,0.2413793103448276,0.7344093910491564,-0.08729201832650105
678,8867,8,seed_high_count,2,28,98,0.36713286713286714,0.2857142857142857,0.7782312925170067,-0.08141858141858144
678,7768,7,seed_sum_band,27-36,6,25,0.3041958041958042,0.24,0.7889655172413792,-0.06419580419580423
678,7768,7,seed_sum_lastdigit,7,9,37,0.3041958041958042,0.24324324324324326,0.7996272134203168,-0.060952560952560964
678,7768,7,seed_sum_mod3,1,27,110,0.3041958041958042,0.24545454545454545,0.8068965517241379,-0.05874125874125877
678,7768,7,seed_spread_band,0-3,10,40,0.3041958041958042,0.25,0.82183908045977,-0.05419580419580422
678,6678,6,seed_trail_band,4-6,20,74,0.32867132867132864,0.2702702702702703,0.8223116733755033,-0.05840105840105836
678,6678,6,seed_prime_count,2,23,85,0.32867132867132864,0.27058823529411763,0.823279098873592,-0.058083093377211015
678,7768,7,seed_even_count,1,17,67,0.3041958041958042,0.2537313432835821,0.8341053353920055,-0.05046446091222212
678,6678,6,seed_sum_lastdigit,0,8,29,0.32867132867132864,0.27586206896551724,0.839325018341893,-0.05280925970581141
678,8867,8,seed_mirror_pairs_any,yes,37,120,0.36713286713286714,0.30833333333333335,0.8398412698412698,-0.05879953379953379
678,8867,8,seed_sum_lastdigit,0,9,29,0.36713286713286714,0.3103448275862069,0.845320197044335,-0.05678803954666023
678,7768,7,seed_mirror_pairs_any,no,43,166,0.3041958041958042,0.25903614457831325,0.8515441074643401,-0.045159659617490966
678,7768,7,seed_high_count,1,18,69,0.3041958041958042,0.2608695652173913,0.8575712143928035,-0.04332623897841292
678,8867,8,seed_structure,ABCD,44,139,0.36713286713286714,0.31654676258992803,0.8622130866735183,-0.0505861045429391
678,8867,8,seed_unique_count,4,44,139,0.36713286713286714,0.31654676258992803,0.8622130866735183,-0.0505861045429391
678,8867,8,seed_repeat_digit,none,44,139,0.36713286713286714,0.31654676258992803,0.8622130866735183,-0.0505861045429391
678,8867,8,seed_sum_mod3,2,29,91,0.36713286713286714,0.31868131868131866,0.8680272108843536,-0.048451548451548476
678,8867,8,seed_sum_lastdigit,5,8,25,0.36713286713286714,0.32,0.8716190476190476,-0.04713286713286713
678,7768,7,seed_structure,AABC,33,122,0.3041958041958042,0.27049180327868855,0.8892029395138497,-0.03370400091711567
678,7768,7,seed_unique_count,3,33,122,0.3041958041958042,0.27049180327868855,0.8892029395138497,-0.03370400091711567
678,8867,8,seed_vtrac_unique,4,18,55,0.36713286713286714,0.32727272727272727,0.8914285714285715,-0.039860139860139865
678,6678,6,seed_sum_mod3,0,25,85,0.32867132867132864,0.29411764705882354,0.8948685857321653,-0.034553681612505105
678,8867,8,seed_spread_band,7-9,38,115,0.36713286713286714,0.33043478260869563,0.9000414078674948,-0.036698084524171504
678,7768,7,seed_high_count,3,23,84,0.3041958041958042,0.27380952380952384,0.9001094690749863,-0.030386280386280384
678,6678,6,seed_even_count,2,32,108,0.32867132867132864,0.2962962962962963,0.9014972419227739,-0.032375032375032364
678,7768,7,seed_sum_mod2,1,40,145,0.3041958041958042,0.27586206896551724,0.9068569163694015,-0.028333735230286983
678,8867,8,seed_sum_band,18-26,44,132,0.36713286713286714,0.3333333333333333,0.9079365079365079,-0.03379953379953382
678,8867,8,seed_prime_count,0,15,45,0.36713286713286714,0.3333333333333333,0.9079365079365079,-0.03379953379953382
678,7768,7,seed_trail_band,7-9,28,101,0.3041958041958042,0.27722772277227725,0.9113463070444976,-0.02696808142352697
678,6678,6,seed_sum_band,10-17,32,106,0.32867132867132864,0.3018867924528302,0.9185066238458451,-0.026784536218498467
678,6678,6,seed_high_count,1,21,69,0.32867132867132864,0.30434782608695654,0.9259944495837189,-0.024323502584372103
678,6678,6,seed_sum_mod2,0,43,141,0.32867132867132864,0.3049645390070922,0.9278708314471104,-0.02370678966423645
678,8867,8,seed_trail_band,0-3,38,111,0.36713286713286714,0.34234234234234234,0.9324753324753324,-0.024790524790524793
678,8867,8,seed_sum_lastdigit,8,9,26,0.36713286713286714,0.34615384615384615,0.9428571428571428,-0.02097902097902099
678,6678,6,seed_structure,AABC,38,122,0.32867132867132864,0.3114754098360656,0.9476805022671784,-0.017195918835263058
679,6679,6,seed_sum_lastdigit,0,7,34,0.3592233009708738,0.20588235294117646,0.5731319554848966,-0.15334094802969733
679,7769,7,seed_prime_count,3,11,49,0.343042071197411,0.22448979591836735,0.6544089333846747,-0.11855227527904363
679,9967,9,seed_consecutive_pairs,2,9,46,0.2977346278317152,0.1956521739130435,0.6571361058601134,-0.10208245391867174
679,9967,9,seed_sum_lastdigit,5,7,35,0.2977346278317152,0.2,0.6717391304347826,-0.09773462783171522
679,7769,7,seed_sum_lastdigit,6,8,34,0.343042071197411,0.23529411764705882,0.6859045504994451,-0.10774795355035216
679,9967,9,seed_trail_band,4-6,20,96,0.2977346278317152,0.20833333333333334,0.6997282608695652,-0.08940129449838188
679,7769,7,seed_spread_band,0-3,10,39,0.343042071197411,0.2564102564102564,0.7474600870827286,-0.08663181478715459
679,7769,7,seed_sum_lastdigit,9,9,34,0.343042071197411,0.2647058823529412,0.7716426193118757,-0.0783361888444698
679,7769,7,seed_sum_lastdigit,7,8,30,0.343042071197411,0.26666666666666666,0.7773584905660378,-0.07637540453074432
679,7769,7,seed_trail_band,7-9,26,97,0.343042071197411,0.26804123711340205,0.7813654930947287,-0.07500083408400893
679,6679,6,seed_spread_band,0-3,11,39,0.3592233009708738,0.28205128205128205,0.7851697851697852,-0.07717201891959174
679,9967,9,seed_structure,ABCD,39,163,0.2977346278317152,0.2392638036809816,0.8036142971459056,-0.058470824150733625
679,9967,9,seed_unique_count,4,39,163,0.2977346278317152,0.2392638036809816,0.8036142971459056,-0.058470824150733625
679,9967,9,seed_repeat_digit,none,39,163,0.2977346278317152,0.2392638036809816,0.8036142971459056,-0.058470824150733625
679,7769,7,seed_sum_mod3,1,26,93,0.343042071197411,0.27956989247311825,0.8149726110772976,-0.06347217872429273
679,6679,6,seed_sum_mod3,2,34,116,0.3592233009708738,0.29310344827586204,0.8159366262814538,-0.06611985269501175
679,6679,6,seed_sum_lastdigit,3,8,27,0.3592233009708738,0.2962962962962963,0.8248248248248248,-0.06292700467457751
679,9967,9,seed_high_count,2,31,125,0.2977346278317152,0.248,0.8329565217391304,-0.04973462783171523
679,6679,6,seed_sum_lastdigit,7,9,30,0.3592233009708738,0.3,0.835135135135135,-0.059223300970873805
679,7769,7,seed_even_count,3,19,66,0.343042071197411,0.2878787878787879,0.8391938250428818,-0.05516328331862308
679,9967,9,seed_vtrac_unique,4,16,64,0.2977346278317152,0.25,0.8396739130434783,-0.047734627831715226
679,9967,9,seed_prime_count,1,27,107,0.2977346278317152,0.2523364485981308,0.8475213327915481,-0.04539817923358441
679,7769,7,seed_mirror_pairs_any,no,49,166,0.343042071197411,0.29518072289156627,0.8604796544669244,-0.04786134830584471
679,6679,6,seed_trail_band,0-3,36,116,0.3592233009708738,0.3103448275862069,0.863932898415657,-0.04887847338466689
679,7769,7,seed_lead_band,0-3,38,128,0.343042071197411,0.296875,0.8654186320754718,-0.04616707119741098
679,9967,9,seed_spread_band,4-6,32,124,0.2977346278317152,0.25806451612903225,0.8667601683029452,-0.039670111702682975
679,7769,7,seed_high_count,1,25,83,0.343042071197411,0.30120481927710846,0.8780404637417596,-0.04183725192030252
679,6679,6,seed_sum_lastdigit,4,12,38,0.3592233009708738,0.3157894736842105,0.8790896159317211,-0.043433827286663285
679,7769,7,seed_structure,AABC,39,129,0.343042071197411,0.3023255813953488,0.8813075910487056,-0.04071648980206216
679,7769,7,seed_unique_count,3,39,129,0.343042071197411,0.3023255813953488,0.8813075910487056,-0.04071648980206216
679,9967,9,seed_sum_lastdigit,4,10,38,0.2977346278317152,0.2631578947368421,0.8838672768878718,-0.034576733094873136
679,9967,9,seed_lead_band,4-6,25,95,0.2977346278317152,0.2631578947368421,0.8838672768878718,-0.034576733094873136
679,7769,7,seed_consecutive_pairs,1,46,151,0.343042071197411,0.304635761589404,0.8880419842559041,-0.038406309608007005
679,9967,9,seed_sum_lastdigit,6,9,34,0.2977346278317152,0.2647058823529412,0.8890664961636828,-0.033028745478774046
679,6679,6,seed_sum_lastdigit,8,8,25,0.3592233009708738,0.32,0.8908108108108108,-0.03922330097087379
679,9967,9,seed_sum_mod3,0,27,100,0.2977346278317152,0.27,0.9068478260869566,-0.02773462783171521
679,9967,9,seed_sum_band,18-26,37,137,0.2977346278317152,0.27007299270072993,0.9070929863535385,-0.027661635130985296
679,6679,6,seed_lead_band,4-6,31,95,0.3592233009708738,0.3263157894736842,0.9083926031294453,-0.03290751149718957
679,6679,6,seed_mirror_pairs_any,yes,47,143,0.3592233009708738,0.32867132867132864,0.9149499149499148,-0.03055197229954515
679,9967,9,seed_mirror_pairs_any,yes,39,143,0.2977346278317152,0.2727272727272727,0.9160079051383399,-0.02500735510444252
689,6689,6,seed_sum_lastdigit,2,5,32,0.36298932384341637,0.15625,0.43045343137254904,-0.20673932384341637
689,6689,6,seed_vtrac_unique,4,9,43,0.36298932384341637,0.20930232558139536,0.5766073871409029,-0.153686998262021
689,8869,8,seed_sum_lastdigit,6,7,37,0.28825622775800713,0.1891891891891892,0.656322989656323,-0.09906703856881793
689,6689,6,seed_sum_lastdigit,0,8,32,0.36298932384341637,0.25,0.6887254901960784,-0.11298932384341637
689,6689,6,seed_lead_band,4-6,21,81,0.36298932384341637,0.25925925925925924,0.7142338416848221,-0.10373006458415712
689,6689,6,seed_mirror_pairs_any,no,33,123,0.36298932384341637,0.2682926829268293,0.7391200382592061,-0.09469664091658708
689,6689,6,seed_spread_band,0-3,9,33,0.36298932384341637,0.2727272727272727,0.7513368983957219,-0.09026205111614366
689,8869,8,seed_prime_count,3,11,47,0.28825622775800713,0.23404255319148937,0.8119254005778829,-0.05421367456651777
689,9968,9,seed_even_count,1,21,73,0.3487544483985765,0.2876712328767123,0.824853228962818,-0.06108321552186419
689,9968,9,seed_lead_band,7-9,24,83,0.3487544483985765,0.2891566265060241,0.8291123678387018,-0.059597821892552416
689,8869,8,seed_sum_lastdigit,3,6,25,0.28825622775800713,0.24,0.8325925925925926,-0.04825622775800714
689,6689,6,seed_consecutive_pairs,0,26,86,0.36298932384341637,0.3023255813953488,0.8328773369813041,-0.06066374244806755
689,6689,6,seed_high_count,3,23,76,0.36298932384341637,0.3026315789473684,0.8337203302373581,-0.06035774489604795
689,9968,9,seed_sum_band,18-26,41,141,0.3487544483985765,0.2907801418439716,0.8337675495730207,-0.05797430655460489
689,9968,9,seed_mirror_pairs_any,yes,46,158,0.3487544483985765,0.2911392405063291,0.8347972100232498,-0.05761520789224739
689,9968,9,seed_consecutive_pairs,1,43,147,0.3487544483985765,0.2925170068027211,0.8387477439955574,-0.05623744159585542
689,8869,8,seed_vtrac_unique,2,17,70,0.28825622775800713,0.24285714285714285,0.8425044091710758,-0.04539908490086428
689,9968,9,seed_prime_count,0,10,34,0.3487544483985765,0.29411764705882354,0.8433373349339737,-0.05463680133975296
689,8869,8,seed_sum_band,10-17,27,111,0.28825622775800713,0.24324324324324326,0.8438438438438438,-0.045012984514763876
689,8869,8,seed_even_count,1,18,73,0.28825622775800713,0.2465753424657534,0.8554033485540334,-0.04168088529225372
689,8869,8,seed_sum_mod3,1,25,100,0.28825622775800713,0.25,0.8672839506172839,-0.03825622775800713
689,8869,8,seed_consecutive_pairs,2,11,44,0.28825622775800713,0.25,0.8672839506172839,-0.03825622775800713
689,9968,9,seed_high_count,2,34,112,0.3487544483985765,0.30357142857142855,0.8704446064139941,-0.04518301982714795
689,6689,6,seed_sum_mod3,0,27,85,0.36298932384341637,0.3176470588235294,0.8750865051903114,-0.045342265019886974
689,9968,9,seed_vtrac_unique,3,51,167,0.3487544483985765,0.30538922155688625,0.8756568495661738,-0.04336522684169025
689,6689,6,seed_consecutive_pairs,2,14,44,0.36298932384341637,0.3181818181818182,0.8765597147950089,-0.04480750566159819
689,6689,6,seed_prime_count,3,15,47,0.36298932384341637,0.3191489361702128,0.879224030037547,-0.043840387673203585
689,6689,6,seed_sum_mod2,0,48,150,0.36298932384341637,0.32,0.8815686274509804,-0.04298932384341636
689,9968,9,seed_spread_band,7-9,39,126,0.3487544483985765,0.30952380952380953,0.8875121477162294,-0.039230638874766965
689,8869,8,seed_trail_band,7-9,21,82,0.28825622775800713,0.25609756097560976,0.8884372177055103,-0.03215866678239737
689,6689,6,seed_even_count,2,40,121,0.36298932384341637,0.3305785123966942,0.9107113919948144,-0.03241081144672214
689,9968,9,seed_sum_lastdigit,3,8,25,0.3487544483985765,0.32,0.9175510204081633,-0.028754448398576493
689,9968,9,seed_sum_mod2,1,42,131,0.3487544483985765,0.32061068702290074,0.9193020719738276,-0.028143761375675758
689,9968,9,seed_prime_count,1,29,90,0.3487544483985765,0.32222222222222224,0.9239229024943312,-0.026532226176354257
689,8869,8,seed_sum_mod2,1,35,131,0.28825622775800713,0.26717557251908397,0.926868344171143,-0.021080655238923163
689,9968,9,seed_structure,ABCD,50,154,0.3487544483985765,0.3246753246753247,0.9309567983037371,-0.024079123723251827
689,9968,9,seed_unique_count,4,50,154,0.3487544483985765,0.3246753246753247,0.9309567983037371,-0.024079123723251827
689,9968,9,seed_repeat_digit,none,50,154,0.3487544483985765,0.3246753246753247,0.9309567983037371,-0.024079123723251827
689,8869,8,seed_sum_lastdigit,4,7,26,0.28825622775800713,0.2692307692307692,0.9339981006647672,-0.019025458527237915
689,6689,6,seed_structure,AABC,37,109,0.36298932384341637,0.3394495412844037,0.9351502068717396,-0.02353978255901268
789,7789,7,seed_sum_lastdigit,7,6,32,0.3103448275862069,0.1875,0.6041666666666666,-0.1228448275862069
789,7789,7,seed_even_count,3,14,72,0.3103448275862069,0.19444444444444445,0.6265432098765432,-0.11590038314176246
789,9978,9,seed_lead_band,7-9,18,88,0.322884012539185,0.20454545454545456,0.633495145631068,-0.11833855799373041
789,7789,7,seed_sum_mod3,2,23,103,0.3103448275862069,0.22330097087378642,0.7195253505933118,-0.08704385671242049
789,9978,9,seed_sum_lastdigit,3,6,25,0.322884012539185,0.24,0.7433009708737863,-0.08288401253918498
789,8879,8,seed_sum_lastdigit,9,9,32,0.3667711598746082,0.28125,0.766826923076923,-0.08552115987460818
789,7789,7,seed_sum_lastdigit,3,6,25,0.3103448275862069,0.24,0.7733333333333333,-0.07034482758620692
789,8879,8,seed_prime_count,3,13,45,0.3667711598746082,0.28888888888888886,0.7876543209876542,-0.07788227098571932
789,8879,8,seed_sum_lastdigit,0,9,31,0.3667711598746082,0.2903225806451613,0.7915632754342432,-0.07644857922944687
789,9978,9,seed_sum_lastdigit,0,8,31,0.322884012539185,0.25806451612903225,0.7992483557782649,-0.06481949641015272
789,9978,9,seed_sum_lastdigit,4,8,31,0.322884012539185,0.25806451612903225,0.7992483557782649,-0.06481949641015272
789,9978,9,seed_sum_band,18-26,36,139,0.322884012539185,0.2589928057553957,0.8021233498637982,-0.06389120678378929
789,8879,8,seed_sum_lastdigit,2,11,37,0.3667711598746082,0.2972972972972973,0.8105798105798105,-0.06947386257731086
789,9978,9,seed_high_count,3,23,87,0.322884012539185,0.26436781609195403,0.8187702265372168,-0.05851619644723094
789,8879,8,seed_even_count,1,22,73,0.3667711598746082,0.3013698630136986,0.8216836436014517,-0.06540129686090956
789,7789,7,seed_sum_lastdigit,5,9,35,0.3103448275862069,0.2571428571428571,0.8285714285714285,-0.05320197044334979
789,7789,7,seed_sum_lastdigit,8,9,35,0.3103448275862069,0.2571428571428571,0.8285714285714285,-0.05320197044334979
789,7789,7,seed_sum_lastdigit,4,8,31,0.3103448275862069,0.25806451612903225,0.8315412186379928,-0.052280311457174655
789,8879,8,seed_sum_mod3,1,36,117,0.3667711598746082,0.3076923076923077,0.8389217619986851,-0.05907885218230047
789,9978,9,seed_sum_mod3,1,32,117,0.322884012539185,0.27350427350427353,0.8470666334744005,-0.04937973903491144
789,9978,9,seed_sum_lastdigit,6,11,40,0.322884012539185,0.275,0.8516990291262136,-0.04788401253918495
789,7789,7,seed_vtrac_unique,2,17,64,0.3103448275862069,0.265625,0.8559027777777778,-0.044719827586206906
789,7789,7,seed_high_count,1,23,86,0.3103448275862069,0.26744186046511625,0.8617571059431524,-0.04290296712109065
789,7789,7,seed_vtrac_unique,4,15,56,0.3103448275862069,0.26785714285714285,0.863095238095238,-0.04248768472906406
789,9978,9,seed_even_count,0,7,25,0.322884012539185,0.28,0.8671844660194175,-0.042884012539184946
789,9978,9,seed_sum_lastdigit,9,9,32,0.322884012539185,0.28125,0.8710558252427184,-0.04163401253918497
789,8879,8,seed_even_count,0,8,25,0.3667711598746082,0.32,0.8724786324786324,-0.04677115987460817
789,9978,9,seed_spread_band,0-3,13,46,0.322884012539185,0.2826086956521739,0.8752638243984803,-0.04027531688701108
789,7789,7,seed_sum_mod3,0,27,99,0.3103448275862069,0.2727272727272727,0.8787878787878787,-0.0376175548589342
789,7789,7,seed_prime_count,1,32,117,0.3103448275862069,0.27350427350427353,0.8812915479582147,-0.036840554081933374
789,8879,8,seed_structure,AABC,44,136,0.3667711598746082,0.3235294117647059,0.8821015585721468,-0.04324174810990228
789,8879,8,seed_unique_count,3,44,136,0.3667711598746082,0.3235294117647059,0.8821015585721468,-0.04324174810990228
789,7789,7,seed_sum_band,10-17,37,135,0.3103448275862069,0.2740740740740741,0.8831275720164609,-0.036270753512132825
789,9978,9,seed_even_count,2,36,125,0.322884012539185,0.288,0.8919611650485436,-0.034884012539184994
789,8879,8,seed_consecutive_pairs,2,18,55,0.3667711598746082,0.32727272727272727,0.8923076923076922,-0.039498432601880906
789,9978,9,seed_prime_count,3,13,45,0.322884012539185,0.28888888888888886,0.8947141316073354,-0.03399512365029611
789,9978,9,seed_mirror_pairs_any,yes,42,145,0.322884012539185,0.2896551724137931,0.8970873786407767,-0.033228840125391845
789,9978,9,seed_structure,ABCD,47,162,0.322884012539185,0.29012345679012347,0.898537696272324,-0.032760555749061504
789,9978,9,seed_unique_count,4,47,162,0.322884012539185,0.29012345679012347,0.898537696272324,-0.032760555749061504
789,9978,9,seed_repeat_digit,none,47,162,0.322884012539185,0.29012345679012347,0.898537696272324,-0.032760555749061504
